2025-04-02 09:53:02,851 [INFO] Activator:176 - 


2025-04-02 09:53:02,859 [INFO] Activator:177 - !SESSION log4j initialized
2025-04-02 09:53:15,565 [INFO] LogOutputStream:77 - [STDOUT_REDIRECT] 
2025-04-02 09:53:19,077 [INFO] ApplicationProperties:184 - Using Application install path: C:\ST\STM32CubeIDE_1.15.0\STM32CubeIDE\plugins\com.st.stm32cube.common.mx_6.11.0.202403141607
2025-04-02 09:53:19,111 [INFO] DbMcusXml:78 - Set database path to: C:\ST\STM32CubeIDE_1.15.0\STM32CubeIDE\plugins\com.st.stm32cube.common.mx_6.11.0.202403141607\\db\/mcu/
2025-04-02 09:53:19,112 [INFO] ApiDb:274 - Set plugin database path to: C:\ST\STM32CubeIDE_1.15.0\STM32CubeIDE\plugins\com.st.stm32cube.common.mx_6.11.0.202403141607\\db\/plugins/boardmanager/
2025-04-02 09:53:19,112 [WARN] ApiDb:259 - Overriding images path with different value:  => C:\ST\STM32CubeIDE_1.15.0\STM32CubeIDE\plugins\com.st.stm32cube.common.mx_6.11.0.202403141607\\db\/plugins/mcufinder/images/
2025-04-02 09:53:19,126 [INFO] ApiDb:250 - Set database path to: C:\Users\racin\.stmcufinder\plugins\mcufinder//mcu/
2025-04-02 09:53:19,128 [INFO] DbMcusAds:125 - Set database path to: C:\Users\racin\.stmcufinder\plugins\mcufinder//mcu/
2025-04-02 09:53:19,131 [INFO] CrossReferenceDbSqlite:203 - Set database path to: C:\Users\racin\.stmcufinder\plugins\mcufinder//mcu/cs/
2025-04-02 09:53:19,368 [INFO] RulesReader:64 - Compatibility file has been processed (297 Rules)
2025-04-02 09:53:19,586 [INFO] DbMcusXml:78 - Set database path to: C:\ST\STM32CubeIDE_1.15.0\STM32CubeIDE\plugins\com.st.stm32cube.common.mx_6.11.0.202403141607\\db\/mcu/
2025-04-02 09:53:19,586 [INFO] ApiDb:274 - Set plugin database path to: C:\ST\STM32CubeIDE_1.15.0\STM32CubeIDE\plugins\com.st.stm32cube.common.mx_6.11.0.202403141607\\db\/plugins/boardmanager/
2025-04-02 09:53:19,587 [INFO] ApiDb:261 - Set plugin images path to: C:\ST\STM32CubeIDE_1.15.0\STM32CubeIDE\plugins\com.st.stm32cube.common.mx_6.11.0.202403141607\\db\/plugins/mcufinder/images/
2025-04-02 09:53:19,587 [WARN] DbFile:41 - Overriding database path with different value: C:\Users\racin\.stmcufinder\plugins\mcufinder/ => C:\Users\racin\.stmcufinder\plugins\mcufinder
2025-04-02 09:53:19,587 [INFO] ApiDb:250 - Set database path to: C:\Users\racin\.stmcufinder\plugins\mcufinder//mcu/
2025-04-02 09:53:19,587 [WARN] DbFile:41 - Overriding database path with different value: C:\Users\racin\.stmcufinder\plugins\mcufinder/ => C:\Users\racin\.stmcufinder\plugins\mcufinder
2025-04-02 09:53:19,588 [INFO] DbMcusAds:125 - Set database path to: C:\Users\racin\.stmcufinder\plugins\mcufinder//mcu/
2025-04-02 09:53:19,588 [WARN] DbFile:41 - Overriding database path with different value: C:\Users\racin\.stmcufinder\plugins\mcufinder/ => C:\Users\racin\.stmcufinder\plugins\mcufinder
2025-04-02 09:53:19,588 [WARN] DbFile:41 - Overriding database path with different value: C:\Users\racin\.stmcufinder\plugins\mcufinder/ => C:\Users\racin\.stmcufinder\plugins\mcufinder
2025-04-02 09:53:19,588 [INFO] CrossReferenceDbSqlite:203 - Set database path to: C:\Users\racin\.stmcufinder\plugins\mcufinder//mcu/cs/
2025-04-02 09:53:19,776 [INFO] MainPanel:264 - HeapMemory: 268435456
2025-04-02 09:53:19,939 [INFO] DbMcusXml:78 - Set database path to: C:\ST\STM32CubeIDE_1.15.0\STM32CubeIDE\plugins\com.st.stm32cube.common.mx_6.11.0.202403141607\\db\/mcu/
2025-04-02 09:53:19,939 [INFO] ApiDb:274 - Set plugin database path to: C:\ST\STM32CubeIDE_1.15.0\STM32CubeIDE\plugins\com.st.stm32cube.common.mx_6.11.0.202403141607\\db\/plugins/boardmanager/
2025-04-02 09:53:19,939 [INFO] ApiDb:261 - Set plugin images path to: C:\ST\STM32CubeIDE_1.15.0\STM32CubeIDE\plugins\com.st.stm32cube.common.mx_6.11.0.202403141607\\db\/plugins/mcufinder/images/
2025-04-02 09:53:19,939 [WARN] DbFile:41 - Overriding database path with different value: C:\Users\racin\.stmcufinder\plugins\mcufinder/ => C:\Users\racin\.stmcufinder\plugins\mcufinder
2025-04-02 09:53:19,939 [INFO] ApiDb:250 - Set database path to: C:\Users\racin\.stmcufinder\plugins\mcufinder//mcu/
2025-04-02 09:53:19,939 [WARN] DbFile:41 - Overriding database path with different value: C:\Users\racin\.stmcufinder\plugins\mcufinder/ => C:\Users\racin\.stmcufinder\plugins\mcufinder
2025-04-02 09:53:19,940 [INFO] DbMcusAds:125 - Set database path to: C:\Users\racin\.stmcufinder\plugins\mcufinder//mcu/
2025-04-02 09:53:19,940 [WARN] DbFile:41 - Overriding database path with different value: C:\Users\racin\.stmcufinder\plugins\mcufinder/ => C:\Users\racin\.stmcufinder\plugins\mcufinder
2025-04-02 09:53:19,940 [WARN] DbFile:41 - Overriding database path with different value: C:\Users\racin\.stmcufinder\plugins\mcufinder/ => C:\Users\racin\.stmcufinder\plugins\mcufinder
2025-04-02 09:53:19,940 [INFO] CrossReferenceDbSqlite:203 - Set database path to: C:\Users\racin\.stmcufinder\plugins\mcufinder//mcu/cs/
2025-04-02 09:53:19,959 [INFO] ApplicationProperties:184 - Using Application install path: C:\ST\STM32CubeIDE_1.15.0\STM32CubeIDE\plugins\com.st.stm32cube.common.mx_6.11.0.202403141607
2025-04-02 09:53:19,961 [INFO] PluginManage:196 - Search for loadable plugins [exclusion list=, ]
2025-04-02 09:53:19,963 [INFO] PluginManage:310 - Check plugin analytics
2025-04-02 09:53:20,278 [INFO] AnalyticsPlugin:253 - Accepted Software Licenses: 
2025-04-02 09:53:20,279 [INFO] AnalyticsPlugin:255 - Accepted CMSIS Pack Licenses: 
2025-04-02 09:53:20,279 [INFO] AnalyticsPlugin:257 - Accepted Firmware Licenses: FW.L4.1.18.0,FW.F7.1.17.0,FW.H7.1.11.0
2025-04-02 09:53:20,283 [INFO] PluginManage:359 - Loaded plugin analytics (category:tool,tabindex:-1)
2025-04-02 09:53:20,283 [INFO] PluginManage:310 - Check plugin cadmodel
2025-04-02 09:53:20,333 [INFO] CADModel:105 - Init CAD model plugin
2025-04-02 09:53:20,333 [INFO] PluginManage:359 - Loaded plugin cadmodel (category:power,tabindex:5)
2025-04-02 09:53:20,334 [INFO] PluginManage:310 - Check plugin clock
2025-04-02 09:53:20,370 [INFO] PluginManage:359 - Loaded plugin clock (category:base,tabindex:2)
2025-04-02 09:53:20,371 [INFO] PluginManage:310 - Check plugin ddr
2025-04-02 09:53:20,374 [INFO] PluginManage:359 - Loaded plugin ddr (category:tool,tabindex:6)
2025-04-02 09:53:20,374 [INFO] PluginManage:310 - Check plugin filemanager
2025-04-02 09:53:20,605 [INFO] PluginManage:359 - Loaded plugin filemanager (category:base,tabindex:10)
2025-04-02 09:53:20,606 [INFO] PluginManage:310 - Check plugin ipmanager
2025-04-02 09:53:20,615 [INFO] PluginManage:359 - Loaded plugin ipmanager (category:base,tabindex:5)
2025-04-02 09:53:20,616 [INFO] PluginManage:310 - Check plugin lpbam
2025-04-02 09:53:20,657 [INFO] PluginManage:359 - Loaded plugin lpbam (category:base,tabindex:0)
2025-04-02 09:53:20,657 [INFO] PluginManage:310 - Check plugin memorymap
2025-04-02 09:53:20,701 [INFO] PluginManage:359 - Loaded plugin memorymap (category:base,tabindex:4)
2025-04-02 09:53:20,701 [INFO] PluginManage:310 - Check plugin pinoutandconfiguration
2025-04-02 09:53:20,729 [INFO] PluginManage:359 - Loaded plugin pinoutandconfiguration (category:base,tabindex:1)
2025-04-02 09:53:20,729 [INFO] PluginManage:310 - Check plugin pinoutconfig
2025-04-02 09:53:20,920 [WARN] SupportedApi:132 - Cannot load RTOS API schema: s4s-elt-must-match.1: The content of 'definitions' must match (annotation?, (simpleType | complexType)?, (unique | key | keyref)*)). A problem was found starting at: attribute.
2025-04-02 09:53:21,257 [INFO] PluginManage:359 - Loaded plugin pinoutconfig (category:base,tabindex:0)
2025-04-02 09:53:21,258 [INFO] PluginManage:310 - Check plugin power
2025-04-02 09:53:21,288 [INFO] PluginManage:359 - Loaded plugin power (category:power,tabindex:4)
2025-04-02 09:53:21,289 [INFO] PluginManage:310 - Check plugin projectmanager
2025-04-02 09:53:21,317 [INFO] PluginManage:359 - Loaded plugin projectmanager (category:projectmanager,tabindex:3)
2025-04-02 09:53:21,318 [INFO] PluginManage:310 - Check plugin thirdparty
2025-04-02 09:53:21,681 [INFO] PluginManage:359 - Loaded plugin thirdparty (category:base,tabindex:-1)
2025-04-02 09:53:21,681 [INFO] PluginManage:310 - Check plugin tools
2025-04-02 09:53:21,681 [WARN] IntegrityCheckThread:84 - waiting for thirdparty lock release [integrity check]
2025-04-02 09:53:21,682 [INFO] IntegrityCheckThread:86 - entering critical section [integrity check]
2025-04-02 09:53:21,682 [INFO] ThirdPartyUpdaterWithRetryManager:70 - Updater plugin not ready yet. [1/15]
2025-04-02 09:53:21,743 [INFO] PluginManage:359 - Loaded plugin tools (category:base,tabindex:7)
2025-04-02 09:53:21,743 [INFO] PluginManage:310 - Check plugin tutovideos
2025-04-02 09:53:22,112 [INFO] PluginManage:359 - Loaded plugin tutovideos (category:base,tabindex:-1)
2025-04-02 09:53:22,112 [INFO] PluginManage:310 - Check plugin updater
2025-04-02 09:53:22,130 [INFO] PluginManage:359 - Loaded plugin updater (category:base,tabindex:12)
2025-04-02 09:53:22,130 [INFO] PluginManage:310 - Check plugin userauth
2025-04-02 09:53:22,135 [INFO] UserAuth:114 - Init User Auth plugin
2025-04-02 09:53:22,135 [INFO] PluginManage:359 - Loaded plugin userauth (category:base,tabindex:14)
2025-04-02 09:53:22,136 [INFO] PluginManage:283 - PluginManage : Loaded plugins [17]
2025-04-02 09:53:22,385 [INFO] PinOutPanel:1561 - setPackage(No Configuration,No Configuration)
2025-04-02 09:53:22,470 [INFO] CADModel:165 - CPN selected for project level
2025-04-02 09:53:22,470 [INFO] CADModel:114 - Register for checkConnection events
2025-04-02 09:53:22,499 [INFO] IPUIPlugin:80 - create IPUIPlugin
2025-04-02 09:53:22,499 [INFO] PluginManager:220 - loadIPPluginJar : add adc
2025-04-02 09:53:22,546 [INFO] IPUIPlugin:80 - create IPUIPlugin
2025-04-02 09:53:22,546 [INFO] PluginManager:220 - loadIPPluginJar : add aes
2025-04-02 09:53:22,600 [INFO] IPUIPlugin:80 - create IPUIPlugin
2025-04-02 09:53:22,600 [INFO] PluginManager:220 - loadIPPluginJar : add can
2025-04-02 09:53:22,635 [INFO] IPUIPlugin:80 - create IPUIPlugin
2025-04-02 09:53:22,635 [INFO] PluginManager:220 - loadIPPluginJar : add comp
2025-04-02 09:53:22,684 [INFO] IPUIPlugin:80 - create IPUIPlugin
2025-04-02 09:53:22,684 [INFO] PluginManager:220 - loadIPPluginJar : add cryp
2025-04-02 09:53:22,724 [INFO] IPUIPlugin:80 - create IPUIPlugin
2025-04-02 09:53:22,724 [INFO] PluginManager:220 - loadIPPluginJar : add dfsdm
2025-04-02 09:53:22,744 [INFO] IPUIPlugin:80 - create IPUIPlugin
2025-04-02 09:53:22,745 [INFO] PluginManager:220 - loadIPPluginJar : add dma
2025-04-02 09:53:22,813 [INFO] IPUIPlugin:80 - create IPUIPlugin
2025-04-02 09:53:22,813 [INFO] PluginManager:220 - loadIPPluginJar : add dma3
2025-04-02 09:53:22,879 [INFO] IPUIPlugin:80 - create IPUIPlugin
2025-04-02 09:53:22,879 [INFO] PluginManager:220 - loadIPPluginJar : add extmemmanager
2025-04-02 09:53:22,914 [INFO] IPUIPlugin:80 - create IPUIPlugin
2025-04-02 09:53:22,914 [INFO] PluginManager:220 - loadIPPluginJar : add fatfs
2025-04-02 09:53:22,986 [INFO] IPUIPlugin:80 - create IPUIPlugin
2025-04-02 09:53:22,986 [INFO] PluginManager:220 - loadIPPluginJar : add fmc
2025-04-02 09:53:23,010 [INFO] IPUIPlugin:80 - create IPUIPlugin
2025-04-02 09:53:23,010 [INFO] PluginManager:220 - loadIPPluginJar : add freertos
2025-04-02 09:53:23,044 [INFO] IPUIPlugin:80 - create IPUIPlugin
2025-04-02 09:53:23,044 [INFO] PluginManager:220 - loadIPPluginJar : add genericplugin
2025-04-02 09:53:23,239 [INFO] IPUIPlugin:80 - create IPUIPlugin
2025-04-02 09:53:23,239 [INFO] PluginManager:220 - loadIPPluginJar : add gfxmmu
2025-04-02 09:53:23,569 [INFO] IPUIPlugin:80 - create IPUIPlugin
2025-04-02 09:53:23,570 [INFO] PluginManager:220 - loadIPPluginJar : add gic
2025-04-02 09:53:23,610 [INFO] IPUIPlugin:80 - create IPUIPlugin
2025-04-02 09:53:23,610 [INFO] PluginManager:220 - loadIPPluginJar : add gpio
2025-04-02 09:53:23,818 [INFO] IPUIPlugin:80 - create IPUIPlugin
2025-04-02 09:53:23,819 [INFO] PluginManager:220 - loadIPPluginJar : add gtzc
2025-04-02 09:53:23,977 [INFO] IPUIPlugin:80 - create IPUIPlugin
2025-04-02 09:53:23,977 [INFO] PluginManager:220 - loadIPPluginJar : add hash
2025-04-02 09:53:24,119 [INFO] IPUIPlugin:80 - create IPUIPlugin
2025-04-02 09:53:24,119 [INFO] PluginManager:220 - loadIPPluginJar : add i2c
2025-04-02 09:53:24,268 [INFO] IPUIPlugin:80 - create IPUIPlugin
2025-04-02 09:53:24,268 [INFO] PluginManager:220 - loadIPPluginJar : add i2s
2025-04-02 09:53:24,384 [INFO] IPUIPlugin:80 - create IPUIPlugin
2025-04-02 09:53:24,385 [INFO] PluginManager:220 - loadIPPluginJar : add i3c
2025-04-02 09:53:24,590 [INFO] IPUIPlugin:80 - create IPUIPlugin
2025-04-02 09:53:24,590 [INFO] PluginManager:220 - loadIPPluginJar : add ipddr
2025-04-02 09:53:24,684 [INFO] ThirdPartyUpdaterWithRetryManager:70 - Updater plugin not ready yet. [2/15]
2025-04-02 09:53:24,806 [INFO] IPUIPlugin:80 - create IPUIPlugin
2025-04-02 09:53:24,806 [INFO] PluginManager:220 - loadIPPluginJar : add linkedlist
2025-04-02 09:53:24,883 [INFO] IPUIPlugin:80 - create IPUIPlugin
2025-04-02 09:53:24,883 [INFO] PluginManager:220 - loadIPPluginJar : add lorawan
2025-04-02 09:53:24,969 [INFO] IPUIPlugin:80 - create IPUIPlugin
2025-04-02 09:53:24,970 [INFO] PluginManager:220 - loadIPPluginJar : add ltdc
2025-04-02 09:53:25,004 [INFO] IPUIPlugin:80 - create IPUIPlugin
2025-04-02 09:53:25,004 [INFO] PluginManager:220 - loadIPPluginJar : add mdma
2025-04-02 09:53:25,025 [INFO] IPUIPlugin:80 - create IPUIPlugin
2025-04-02 09:53:25,025 [INFO] PluginManager:220 - loadIPPluginJar : add nvic
2025-04-02 09:53:25,109 [INFO] IPUIPlugin:80 - create IPUIPlugin
2025-04-02 09:53:25,109 [INFO] PluginManager:220 - loadIPPluginJar : add opamp
2025-04-02 09:53:25,227 [INFO] IPUIPlugin:80 - create IPUIPlugin
2025-04-02 09:53:25,227 [INFO] PluginManager:220 - loadIPPluginJar : add openamp
2025-04-02 09:53:25,329 [INFO] IPUIPlugin:80 - create IPUIPlugin
2025-04-02 09:53:25,329 [INFO] PluginManager:220 - loadIPPluginJar : add pdm2pcm
2025-04-02 09:53:25,357 [INFO] IPUIPlugin:80 - create IPUIPlugin
2025-04-02 09:53:25,362 [INFO] PluginManager:220 - loadIPPluginJar : add plateformsettings
2025-04-02 09:53:25,410 [INFO] IPUIPlugin:80 - create IPUIPlugin
2025-04-02 09:53:25,410 [INFO] PluginManager:220 - loadIPPluginJar : add quadspi
2025-04-02 09:53:25,442 [INFO] IPUIPlugin:80 - create IPUIPlugin
2025-04-02 09:53:25,443 [INFO] PluginManager:220 - loadIPPluginJar : add resmgrutility
2025-04-02 09:53:25,545 [INFO] IPUIPlugin:80 - create IPUIPlugin
2025-04-02 09:53:25,546 [INFO] PluginManager:220 - loadIPPluginJar : add sai
2025-04-02 09:53:25,619 [INFO] IPUIPlugin:80 - create IPUIPlugin
2025-04-02 09:53:25,619 [INFO] PluginManager:220 - loadIPPluginJar : add spi
2025-04-02 09:53:25,733 [INFO] IPUIPlugin:80 - create IPUIPlugin
2025-04-02 09:53:25,733 [INFO] PluginManager:220 - loadIPPluginJar : add stm32_wpan
2025-04-02 09:53:25,768 [INFO] IPUIPlugin:80 - create IPUIPlugin
2025-04-02 09:53:25,768 [INFO] PluginManager:220 - loadIPPluginJar : add tim
2025-04-02 09:53:25,859 [INFO] IPUIPlugin:80 - create IPUIPlugin
2025-04-02 09:53:25,860 [INFO] PluginManager:220 - loadIPPluginJar : add touchsensing
2025-04-02 09:53:25,899 [INFO] IPUIPlugin:80 - create IPUIPlugin
2025-04-02 09:53:25,899 [INFO] PluginManager:220 - loadIPPluginJar : add tracer_emb
2025-04-02 09:53:25,936 [INFO] IPUIPlugin:80 - create IPUIPlugin
2025-04-02 09:53:25,936 [INFO] PluginManager:220 - loadIPPluginJar : add ts
2025-04-02 09:53:25,968 [INFO] IPUIPlugin:80 - create IPUIPlugin
2025-04-02 09:53:25,968 [INFO] PluginManager:220 - loadIPPluginJar : add tsc
2025-04-02 09:53:25,998 [INFO] IPUIPlugin:80 - create IPUIPlugin
2025-04-02 09:53:25,998 [INFO] PluginManager:220 - loadIPPluginJar : add ucpd
2025-04-02 09:53:26,056 [INFO] IPUIPlugin:80 - create IPUIPlugin
2025-04-02 09:53:26,056 [INFO] PluginManager:220 - loadIPPluginJar : add usart
2025-04-02 09:53:26,116 [INFO] IPUIPlugin:80 - create IPUIPlugin
2025-04-02 09:53:26,116 [INFO] PluginManager:220 - loadIPPluginJar : add usbx
2025-04-02 09:53:26,264 [INFO] CADModel:165 - CPN selected for project level
2025-04-02 09:53:26,264 [INFO] CADModel:114 - Register for checkConnection events
2025-04-02 09:53:26,264 [FATAL] Updater:308 - Updater called before beeing initialized
2025-04-02 09:53:26,264 [ERROR] CADModel:125 - Updater not yet initialized, retry later 
2025-04-02 09:53:26,430 [INFO] CADModel:165 - CPN selected for project level
2025-04-02 09:53:26,430 [INFO] CADModel:114 - Register for checkConnection events
2025-04-02 09:53:26,430 [FATAL] Updater:308 - Updater called before beeing initialized
2025-04-02 09:53:26,430 [ERROR] CADModel:125 - Updater not yet initialized, retry later 
2025-04-02 09:53:26,434 [FATAL] Updater:308 - Updater called before beeing initialized
2025-04-02 09:53:26,571 [FATAL] Updater:308 - Updater called before beeing initialized
2025-04-02 09:53:26,583 [INFO] DbMcusAds:53 - JSON generation date=Thu Mar 06 15:54:21 CET 2025 (1741272861825)
2025-04-02 09:53:26,583 [FATAL] Updater:308 - Updater called before beeing initialized
2025-04-02 09:53:26,629 [WARN] DetailPanel:346 - Failed to get advertising image, set to default
2025-04-02 09:53:26,727 [FATAL] Updater:308 - Updater called before beeing initialized
2025-04-02 09:53:26,730 [FATAL] Updater:308 - Updater called before beeing initialized
2025-04-02 09:53:26,730 [FATAL] Updater:308 - Updater called before beeing initialized
2025-04-02 09:53:26,730 [WARN] DetailPanel:346 - Failed to get advertising image, set to default
2025-04-02 09:53:26,731 [FATAL] Updater:308 - Updater called before beeing initialized
2025-04-02 09:53:26,798 [ERROR] Updater:1120 - MainUpdater not yet initialized. External WinMGr cannot be set.
2025-04-02 09:53:26,811 [INFO] Updater:1056 - Updater Version found : 6.11.0
2025-04-02 09:53:26,831 [INFO] ApplicationProperties:184 - Using Application install path: C:\ST\STM32CubeIDE_1.15.0\STM32CubeIDE\plugins\com.st.stm32cube.common.mx_6.11.0.202403141607
2025-04-02 09:53:27,685 [INFO] ThirdPartyUpdaterWithRetryManager:70 - Updater plugin not ready yet. [3/15]
2025-04-02 09:53:28,437 [ERROR] LogOutputStream:75 - [STDERR_REDIRECT] Apr 02, 2025 9:53:28 AM java.util.prefs.WindowsPreferences <init>
2025-04-02 09:53:28,446 [ERROR] LogOutputStream:75 - [STDERR_REDIRECT] WARNING: Could not open/create prefs root node Software\JavaSoft\Prefs at root 0xffffffff80000002. Windows RegCreateKeyEx(...) returned error code 5.
2025-04-02 09:53:28,447 [ERROR] LogOutputStream:75 - [STDERR_REDIRECT] 
2025-04-02 09:53:28,982 [INFO] MainUpdater:2873 - connection check result : 10
2025-04-02 09:53:28,983 [INFO] MainUpdater:290 - Updater Check For Update Now.
2025-04-02 09:53:28,983 [INFO] MicroXplorer:498 - Change Database Version : DB.6.0.110
2025-04-02 09:53:28,999 [INFO] McuFinderGlobals:63 - Set McuFinder mode to 2 (CubeIDE integrated)
2025-04-02 09:53:29,015 [INFO] UserAuth:415 - Internet connection configuration mode: 1
2025-04-02 09:53:29,051 [INFO] JxBrowserEngine:152 - Initiate JxBrowser Engine with user profile folder
2025-04-02 09:53:29,235 [INFO] CheckServerUpdateThread:120 - End of CheckServer Thread
2025-04-02 09:53:30,984 [WARN] PackLoader:240 - Cannot read IP mode file for STMicroelectronics.FP-SNS-MOTENVWB1.1.4.0
2025-04-02 09:53:31,005 [WARN] PackLoader:240 - Cannot read IP mode file for STMicroelectronics.FP-ATR-ASTRA1.2.0.2
2025-04-02 09:53:31,022 [WARN] PackLoader:240 - Cannot read IP mode file for STMicroelectronics.X-CUBE-SMBUS.2.1.0
2025-04-02 09:53:31,041 [WARN] PackLoader:240 - Cannot read IP mode file for STMicroelectronics.X-CUBE-WB05N.1.1.0
2025-04-02 09:53:31,057 [WARN] PackLoader:240 - Cannot read IP mode file for STMicroelectronics.X-CUBE-TOUCHGFX.4.23.2
2025-04-02 09:53:31,122 [WARN] PackLoader:240 - Cannot read IP mode file for STMicroelectronics.X-CUBE-AZRTOS-F7.1.1.0
2025-04-02 09:53:31,226 [WARN] PackLoader:240 - Cannot read IP mode file for STMicroelectronics.X-CUBE-MEMS1.11.0.0
2025-04-02 09:53:31,418 [WARN] PackLoader:240 - Cannot read IP mode file for STMicroelectronics.FP-SNS-FLIGHT1.5.0.2
2025-04-02 09:53:31,449 [WARN] PackLoader:240 - Cannot read IP mode file for STMicroelectronics.X-CUBE-DISPLAY.3.0.0
2025-04-02 09:53:31,479 [WARN] PackLoader:240 - Cannot read IP mode file for STMicroelectronics.X-CUBE-BLE1.7.0.0
2025-04-02 09:53:31,500 [WARN] PackLoader:240 - Cannot read IP mode file for STMicroelectronics.X-CUBE-NFC10.1.0.0
2025-04-02 09:53:31,531 [WARN] PackLoader:240 - Cannot read IP mode file for STMicroelectronics.X-CUBE-BLEMGR.4.0.0
2025-04-02 09:53:31,561 [WARN] PackLoader:240 - Cannot read IP mode file for emotas.I-CUBE-CANOPEN.1.3.0
2025-04-02 09:53:31,582 [WARN] ConditionMgr:438 - getConditionDescription Invalid condition id : Cortex-A Device cause : null
2025-04-02 09:53:31,631 [WARN] ConditionMgr:1039 - genDependencies : Invalid condition id : Cortex-A Device cause : null
2025-04-02 09:53:31,631 [WARN] ConditionMgr:1039 - genDependencies : Invalid condition id : Cortex-A Device cause : null
2025-04-02 09:53:31,631 [WARN] ConditionMgr:1039 - genDependencies : Invalid condition id : Cortex-A Device cause : null
2025-04-02 09:53:31,655 [WARN] PackLoader:240 - Cannot read IP mode file for STMicroelectronics.X-CUBE-BLEMGR.3.1.0
2025-04-02 09:53:31,739 [WARN] PackLoader:240 - Cannot read IP mode file for STMicroelectronics.X-CUBE-AI.10.0.0
2025-04-02 09:53:31,887 [WARN] PackLoader:240 - Cannot read IP mode file for STMicroelectronics.FP-SNS-SMARTAG2.1.2.0
2025-04-02 09:53:31,906 [ERROR] Engine:466 - C:\Users\racin\.stm32cubemx\thirdparties\pdsc\STMicroelectronics.FP-SNS-FLIGHT1.5.1.0.pdsc: PDSC version is not supported
2025-04-02 09:53:32,066 [WARN] PackLoader:240 - Cannot read IP mode file for STMicroelectronics.X-CUBE-MEMS1.11.1.0
2025-04-02 09:53:32,273 [INFO] LogOutputStream:77 - [STDOUT_REDIRECT] 1 : Invalid condition id : UX_CORESTACK_Condition cause : null
2025-04-02 09:53:32,274 [INFO] LogOutputStream:77 - [STDOUT_REDIRECT] 1 : Invalid condition id : UX_CORESTACK_Condition cause : null
2025-04-02 09:53:32,276 [INFO] LogOutputStream:77 - [STDOUT_REDIRECT] 1 : Invalid condition id : UX_CORESTACK_Condition cause : null
2025-04-02 09:53:32,277 [INFO] LogOutputStream:77 - [STDOUT_REDIRECT] 1 : Invalid condition id : UX_CORESTACK_Condition cause : null
2025-04-02 09:53:32,278 [INFO] LogOutputStream:77 - [STDOUT_REDIRECT] 1 : Invalid condition id : UX_CORESTACK_Condition cause : null
2025-04-02 09:53:32,281 [WARN] PackLoader:240 - Cannot read IP mode file for STMicroelectronics.X-CUBE-AZRTOS-WL.2.0.0
2025-04-02 09:53:32,302 [WARN] PackLoader:240 - Cannot read IP mode file for STMicroelectronics.FP-SNS-MOTENV1.5.0.0
2025-04-02 09:53:32,321 [WARN] PackLoader:240 - Cannot read IP mode file for wolfSSL.I-CUBE-wolfMQTT.1.19.0
2025-04-02 09:53:32,347 [WARN] PackLoader:240 - Cannot read IP mode file for WES.I-CUBE-Cesium.1.3.0
2025-04-02 09:53:32,368 [WARN] PackLoader:240 - Cannot read IP mode file for STMicroelectronics.X-CUBE-BLE2.3.3.0
2025-04-02 09:53:32,396 [WARN] PackLoader:240 - Cannot read IP mode file for STMicroelectronics.X-CUBE-NFC9.1.0.0
2025-04-02 09:53:32,416 [WARN] PackLoader:240 - Cannot read IP mode file for STMicroelectronics.X-CUBE-BLE1.7.1.0
2025-04-02 09:53:32,435 [WARN] PackLoader:240 - Cannot read IP mode file for STMicroelectronics.X-CUBE-TCPP.4.1.0
2025-04-02 09:53:32,452 [WARN] PackLoader:240 - Cannot read IP mode file for STMicroelectronics.X-CUBE-ALGOBUILD.1.3.0
2025-04-02 09:53:32,488 [WARN] PackLoader:240 - Cannot read IP mode file for STMicroelectronics.X-CUBE-AZRTOS-G0.1.1.0
2025-04-02 09:53:32,769 [WARN] PackLoader:240 - Cannot read IP mode file for STMicroelectronics.X-CUBE-SAFEA1.1.2.2
2025-04-02 09:53:32,797 [WARN] PackLoader:240 - Cannot read IP mode file for STMicroelectronics.X-CUBE-NFC4.3.0.0
2025-04-02 09:53:32,828 [WARN] PackLoader:240 - Cannot read IP mode file for EmbeddedOffice.I-CUBE-FS-RTOS.1.0.1
2025-04-02 09:53:32,828 [ERROR] ConditionMgr:805 - Attr not supported : Dmpu
2025-04-02 09:53:32,828 [ERROR] ConditionMgr:805 - Attr not supported : Dmpu
2025-04-02 09:53:32,828 [ERROR] ConditionMgr:805 - Attr not supported : Dmpu
2025-04-02 09:53:32,828 [ERROR] ConditionMgr:805 - Attr not supported : Dmpu
2025-04-02 09:53:32,828 [ERROR] ConditionMgr:805 - Attr not supported : Dmpu
2025-04-02 09:53:32,829 [ERROR] ConditionMgr:805 - Attr not supported : Dmpu
2025-04-02 09:53:32,829 [ERROR] ConditionMgr:805 - Attr not supported : Dmpu
2025-04-02 09:53:32,829 [ERROR] ConditionMgr:805 - Attr not supported : Dmpu
2025-04-02 09:53:32,829 [ERROR] ConditionMgr:805 - Attr not supported : Dmpu
2025-04-02 09:53:32,829 [ERROR] ConditionMgr:805 - Attr not supported : Dmpu
2025-04-02 09:53:32,829 [ERROR] ConditionMgr:805 - Attr not supported : Dmpu
2025-04-02 09:53:32,829 [ERROR] ConditionMgr:805 - Attr not supported : Dmpu
2025-04-02 09:53:32,829 [ERROR] ConditionMgr:805 - Attr not supported : Dmpu
2025-04-02 09:53:32,829 [ERROR] ConditionMgr:805 - Attr not supported : Dmpu
2025-04-02 09:53:32,829 [ERROR] ConditionMgr:805 - Attr not supported : Dmpu
2025-04-02 09:53:32,829 [ERROR] ConditionMgr:805 - Attr not supported : Dmpu
2025-04-02 09:53:32,829 [ERROR] ConditionMgr:805 - Attr not supported : Dmpu
2025-04-02 09:53:32,829 [ERROR] ConditionMgr:805 - Attr not supported : Dmpu
2025-04-02 09:53:32,830 [ERROR] ConditionMgr:805 - Attr not supported : Dmpu
2025-04-02 09:53:32,830 [ERROR] ConditionMgr:805 - Attr not supported : Dmpu
2025-04-02 09:53:32,830 [ERROR] ConditionMgr:805 - Attr not supported : Dmpu
2025-04-02 09:53:32,830 [ERROR] ConditionMgr:805 - Attr not supported : Dmpu
2025-04-02 09:53:32,830 [ERROR] ConditionMgr:805 - Attr not supported : Dmpu
2025-04-02 09:53:32,830 [ERROR] ConditionMgr:805 - Attr not supported : Dmpu
2025-04-02 09:53:32,830 [ERROR] ConditionMgr:805 - Attr not supported : Dmpu
2025-04-02 09:53:32,830 [ERROR] ConditionMgr:805 - Attr not supported : Dmpu
2025-04-02 09:53:32,830 [ERROR] ConditionMgr:805 - Attr not supported : Dmpu
2025-04-02 09:53:32,830 [ERROR] ConditionMgr:805 - Attr not supported : Dmpu
2025-04-02 09:53:32,830 [ERROR] ConditionMgr:805 - Attr not supported : Dmpu
2025-04-02 09:53:32,830 [ERROR] ConditionMgr:805 - Attr not supported : Dmpu
2025-04-02 09:53:32,830 [ERROR] ConditionMgr:805 - Attr not supported : Dmpu
2025-04-02 09:53:32,830 [ERROR] ConditionMgr:805 - Attr not supported : Dmpu
2025-04-02 09:53:32,830 [ERROR] ConditionMgr:805 - Attr not supported : Dmpu
2025-04-02 09:53:32,831 [ERROR] ConditionMgr:805 - Attr not supported : Dmpu
2025-04-02 09:53:32,831 [ERROR] ConditionMgr:805 - Attr not supported : Dmpu
2025-04-02 09:53:32,831 [ERROR] ConditionMgr:805 - Attr not supported : Dmpu
2025-04-02 09:53:32,831 [ERROR] ConditionMgr:805 - Attr not supported : Dmpu
2025-04-02 09:53:32,831 [ERROR] ConditionMgr:805 - Attr not supported : Dmpu
2025-04-02 09:53:32,831 [ERROR] ConditionMgr:805 - Attr not supported : Dmpu
2025-04-02 09:53:32,831 [ERROR] ConditionMgr:805 - Attr not supported : Dmpu
2025-04-02 09:53:32,831 [ERROR] ConditionMgr:805 - Attr not supported : Dmpu
2025-04-02 09:53:32,831 [ERROR] ConditionMgr:805 - Attr not supported : Dmpu
2025-04-02 09:53:32,831 [ERROR] ConditionMgr:805 - Attr not supported : Dmpu
2025-04-02 09:53:32,831 [ERROR] ConditionMgr:805 - Attr not supported : Dmpu
2025-04-02 09:53:32,831 [ERROR] ConditionMgr:805 - Attr not supported : Dmpu
2025-04-02 09:53:32,832 [ERROR] ConditionMgr:805 - Attr not supported : Dmpu
2025-04-02 09:53:32,832 [ERROR] ConditionMgr:805 - Attr not supported : Dmpu
2025-04-02 09:53:32,832 [ERROR] ConditionMgr:805 - Attr not supported : Dmpu
2025-04-02 09:53:32,832 [ERROR] ConditionMgr:805 - Attr not supported : Dmpu
2025-04-02 09:53:32,833 [ERROR] ConditionMgr:805 - Attr not supported : Dmpu
2025-04-02 09:53:32,833 [ERROR] ConditionMgr:805 - Attr not supported : Dmpu
2025-04-02 09:53:32,833 [ERROR] ConditionMgr:805 - Attr not supported : Dmpu
2025-04-02 09:53:32,833 [ERROR] ConditionMgr:805 - Attr not supported : Dmpu
2025-04-02 09:53:32,833 [ERROR] ConditionMgr:805 - Attr not supported : Dmpu
2025-04-02 09:53:32,833 [ERROR] ConditionMgr:805 - Attr not supported : Dmpu
2025-04-02 09:53:32,833 [ERROR] ConditionMgr:805 - Attr not supported : Dmpu
2025-04-02 09:53:32,833 [ERROR] ConditionMgr:805 - Attr not supported : Dmpu
2025-04-02 09:53:32,833 [ERROR] ConditionMgr:805 - Attr not supported : Dmpu
2025-04-02 09:53:32,833 [ERROR] ConditionMgr:805 - Attr not supported : Dmpu
2025-04-02 09:53:32,833 [ERROR] ConditionMgr:805 - Attr not supported : Dmpu
2025-04-02 09:53:32,833 [ERROR] ConditionMgr:805 - Attr not supported : Dmpu
2025-04-02 09:53:32,833 [ERROR] ConditionMgr:805 - Attr not supported : Dmpu
2025-04-02 09:53:32,833 [ERROR] ConditionMgr:805 - Attr not supported : Dmpu
2025-04-02 09:53:32,834 [ERROR] ConditionMgr:805 - Attr not supported : Dmpu
2025-04-02 09:53:32,853 [ERROR] Engine:466 - C:\Users\racin\.stm32cubemx\thirdparties\pdsc\STMicroelectronics.X-CUBE-TCPP.4.2.0.pdsc: PDSC version is not supported
2025-04-02 09:53:32,868 [WARN] PackLoader:240 - Cannot read IP mode file for RealThread.X-CUBE-RT-Thread_Nano.4.1.1
2025-04-02 09:53:32,949 [WARN] PackLoader:240 - Cannot read IP mode file for wolfSSL.I-CUBE-wolfSSL.5.7.0
2025-04-02 09:53:32,968 [WARN] PackLoader:240 - Cannot read IP mode file for STMicroelectronics.FP-ATR-SIGFOX1.3.2.0
2025-04-02 09:53:32,987 [WARN] PackLoader:240 - Cannot read IP mode file for STMicroelectronics.X-CUBE-EEPRMA1.5.1.0
2025-04-02 09:53:33,005 [WARN] PackLoader:240 - Cannot read IP mode file for ITTIA_DB.I-CUBE-ITTIADB.8.9.0
2025-04-02 09:53:33,211 [WARN] PackLoader:240 - Cannot read IP mode file for SEGGER.I-CUBE-embOS.1.3.1
2025-04-02 09:53:33,450 [WARN] PackLoader:240 - Cannot read IP mode file for STMicroelectronics.X-CUBE-ALGOBUILD.1.4.0
2025-04-02 09:53:33,481 [WARN] PackLoader:240 - Cannot read IP mode file for STMicroelectronics.X-CUBE-AI.9.1.0
2025-04-02 09:53:33,516 [WARN] PackLoader:240 - Cannot read IP mode file for STMicroelectronics.X-CUBE-GNSS1.6.0.0
2025-04-02 09:53:33,621 [WARN] PackLoader:240 - Cannot read IP mode file for STMicroelectronics.X-CUBE-AZRTOS-F4.1.1.0
2025-04-02 09:53:33,766 [WARN] PackLoader:240 - Cannot read IP mode file for STMicroelectronics.X-CUBE-ISPU.2.1.0
2025-04-02 09:53:33,854 [WARN] PackLoader:240 - Cannot read IP mode file for STMicroelectronics.X-CUBE-FREERTOS.1.2.0
2025-04-02 09:53:33,900 [WARN] PackLoader:240 - Cannot read IP mode file for STMicroelectronics.X-CUBE-AZRTOS-L5.2.0.0
2025-04-02 09:53:33,921 [WARN] PackLoader:240 - Cannot read IP mode file for STMicroelectronics.X-CUBE-NFC6.3.1.0
2025-04-02 09:53:33,948 [WARN] PackLoader:240 - Cannot read IP mode file for STMicroelectronics.X-CUBE-DPower.1.2.0
2025-04-02 09:53:33,964 [WARN] PackLoader:240 - Cannot read IP mode file for STMicroelectronics.X-CUBE-AI.9.0.0
2025-04-02 09:53:33,980 [WARN] PackLoader:240 - Cannot read IP mode file for STMicroelectronics.X-CUBE-FREERTOS.1.3.0
2025-04-02 09:53:33,996 [WARN] PackLoader:240 - Cannot read IP mode file for STMicroelectronics.X-CUBE-NFC7.1.0.1
2025-04-02 09:53:34,012 [WARN] PackLoader:240 - Cannot read IP mode file for wolfSSL.I-CUBE-wolfTPM.3.2.0
2025-04-02 09:53:34,027 [WARN] PackLoader:240 - Cannot read IP mode file for STMicroelectronics.X-CUBE-DPower.1.3.0
2025-04-02 09:53:34,040 [WARN] PackLoader:240 - Cannot read IP mode file for STMicroelectronics.X-CUBE-AI.8.1.0
2025-04-02 09:53:34,072 [WARN] ConditionMgr:438 - getConditionDescription Invalid condition id : LAN8742 Phy interface Condition cause : null
2025-04-02 09:53:34,073 [WARN] PackLoader:240 - Cannot read IP mode file for STMicroelectronics.X-CUBE-AZRTOS-L4.2.0.0
2025-04-02 09:53:34,074 [WARN] ConditionMgr:1039 - genDependencies : Invalid condition id : LAN8742 Phy interface Condition cause : null
2025-04-02 09:53:34,074 [WARN] ConditionMgr:1039 - genDependencies : Invalid condition id : LAN8742 Phy interface Condition cause : null
2025-04-02 09:53:34,074 [WARN] ConditionMgr:1039 - genDependencies : Invalid condition id : LAN8742 Phy interface Condition cause : null
2025-04-02 09:53:34,104 [WARN] PackLoader:240 - Cannot read IP mode file for STMicroelectronics.X-CUBE-SFXS2LP1.4.0.0
2025-04-02 09:53:34,149 [WARN] PackLoader:240 - Cannot read IP mode file for STMicroelectronics.X-CUBE-AZRTOS-H7.3.3.0
2025-04-02 09:53:34,184 [WARN] PackLoader:240 - Cannot read IP mode file for STMicroelectronics.X-CUBE-IPS.3.0.0
2025-04-02 09:53:34,310 [WARN] ConditionMgr:438 - getConditionDescription Invalid condition id : UX DEVICE CLASS RTOS Condition cause : null
2025-04-02 09:53:34,310 [WARN] ConditionMgr:438 - getConditionDescription Invalid condition id : UX DEVICE CLASS RTOS Condition cause : null
2025-04-02 09:53:34,312 [WARN] PackLoader:240 - Cannot read IP mode file for STMicroelectronics.X-CUBE-AZRTOS-WB.2.0.0
2025-04-02 09:53:34,314 [WARN] ConditionMgr:1039 - genDependencies : Invalid condition id : UX DEVICE CLASS RTOS Condition cause : null
2025-04-02 09:53:34,314 [WARN] ConditionMgr:1039 - genDependencies : Invalid condition id : UX DEVICE CLASS RTOS Condition cause : null
2025-04-02 09:53:34,315 [WARN] ConditionMgr:1039 - genDependencies : Invalid condition id : UX DEVICE CLASS RTOS Condition cause : null
2025-04-02 09:53:34,315 [WARN] ConditionMgr:1039 - genDependencies : Invalid condition id : UX DEVICE CLASS RTOS Condition cause : null
2025-04-02 09:53:34,315 [WARN] ConditionMgr:1039 - genDependencies : Invalid condition id : UX DEVICE CLASS RTOS Condition cause : null
2025-04-02 09:53:34,333 [WARN] PackLoader:240 - Cannot read IP mode file for STMicroelectronics.X-CUBE-GNSS1.7.0.0
2025-04-02 09:53:34,351 [WARN] PackLoader:240 - Cannot read IP mode file for STMicroelectronics.X-CUBE-GNSS1.7.0.1
2025-04-02 09:53:34,366 [WARN] PackLoader:240 - Cannot read IP mode file for STMicroelectronics.X-CUBE-TOUCHGFX.4.25.0
2025-04-02 09:53:34,388 [WARN] PackLoader:240 - Cannot read IP mode file for STMicroelectronics.FP-SNS-STBOX1.2.0.0
2025-04-02 09:53:34,416 [WARN] PackLoader:240 - Cannot read IP mode file for STMicroelectronics.X-CUBE-SUBG2.5.0.0
2025-04-02 09:53:34,455 [WARN] PackLoader:240 - Cannot read IP mode file for STMicroelectronics.X-CUBE-AZRTOS-H7RS.1.1.0
2025-04-02 09:53:34,486 [WARN] PackLoader:240 - Cannot read IP mode file for Cesanta.I-CUBE-Mongoose.7.13.0
2025-04-02 09:53:34,518 [WARN] PackLoader:240 - Cannot read IP mode file for STMicroelectronics.X-CUBE-AZRTOS-G4.2.0.0
2025-04-02 09:53:34,543 [WARN] PackLoader:240 - Cannot read IP mode file for STMicroelectronics.FP-SNS-MOTENVWB1.1.3.1
2025-04-02 09:53:34,560 [WARN] PackLoader:240 - Cannot read IP mode file for STMicroelectronics.X-CUBE-ISPU.2.0.0
2025-04-02 09:53:34,581 [ERROR] Engine:466 - C:\Users\racin\.stm32cubemx\thirdparties\pdsc\STMicroelectronics.X-CUBE-IPS.3.1.0.pdsc: PDSC version is not supported
2025-04-02 09:53:34,597 [WARN] PackLoader:240 - Cannot read IP mode file for STMicroelectronics.X-CUBE-ALS.1.0.2
2025-04-02 09:53:34,705 [WARN] PackLoader:240 - Cannot read IP mode file for STMicroelectronics.X-CUBE-MEMS1.10.0.0
2025-04-02 09:53:34,950 [WARN] PackLoader:240 - Cannot read IP mode file for STMicroelectronics.X-CUBE-FREERTOS.1.1.0
2025-04-02 09:53:34,968 [WARN] PackLoader:240 - Cannot read IP mode file for STMicroelectronics.X-CUBE-TOUCHGFX.4.24.0
2025-04-02 09:53:34,986 [WARN] PackLoader:240 - Cannot read IP mode file for STMicroelectronics.X-CUBE-TOUCHGFX.4.24.1
2025-04-02 09:53:35,004 [WARN] PackLoader:240 - Cannot read IP mode file for portGmbH.I-Cube-SoM-uGOAL.1.1.0
2025-04-02 09:53:35,027 [WARN] PackLoader:240 - Cannot read IP mode file for STMicroelectronics.X-CUBE-ALS.1.0.1
2025-04-02 09:53:35,076 [WARN] PackLoader:240 - Cannot read IP mode file for STMicroelectronics.X-CUBE-AZRTOS-H7RS.1.0.0
2025-04-02 09:53:35,092 [WARN] PackLoader:240 - Cannot read IP mode file for STMicroelectronics.FP-ATR-ASTRA1.2.0.0
2025-04-02 09:53:35,116 [WARN] PackLoader:240 - Cannot read IP mode file for STMicroelectronics.X-CUBE-TOF1.3.4.2
2025-04-02 09:53:35,158 [WARN] PackLoader:240 - Cannot read IP mode file for STMicroelectronics.X-CUBE-TOF1.3.4.1
2025-04-02 09:53:35,205 [WARN] PackLoader:240 - Cannot read IP mode file for STMicroelectronics.X-CUBE-AZRTOS-H7.3.2.0
2025-04-02 09:53:35,238 [WARN] PackLoader:240 - Cannot read IP mode file for Infineon.AIROC-Wi-Fi-Bluetooth-STM32.1.6.0
2025-04-02 09:53:35,258 [WARN] PackLoader:240 - Cannot read IP mode file for wolfSSL.I-CUBE-wolfSSH.1.4.17
2025-04-02 09:53:35,259 [INFO] ThirdParty:978 - Integrity check success = true
2025-04-02 09:53:35,259 [INFO] IntegrityCheckThread:100 - exiting critical section [integrity check]
2025-04-02 09:53:35,259 [INFO] IntegrityCheckThread:103 - End integrity checks thread
2025-04-02 09:53:39,008 [INFO] WebApp:161 - Instantiating new browser for Auth
2025-04-02 09:53:39,678 [INFO] WebApp:779 - Register for checkConnection events
2025-04-02 09:53:39,678 [INFO] WebApp:414 - Apply proxy settings
2025-04-02 09:53:39,679 [INFO] WebApp:499 - Chromium requires no authentication
2025-04-02 09:53:39,689 [INFO] WebApp:442 - Direct internet connection detected
2025-04-02 09:53:39,878 [INFO] WebApp:192 - Starting web application
2025-04-02 09:53:39,878 [INFO] WebApp:544 - Web application path used C:\ST\STM32CubeIDE_1.15.0\STM32CubeIDE\plugins\com.st.stm32cube.common.mx_6.11.0.202403141607\db\plugins\mcufinder\reactClient1\index.html
2025-04-02 11:20:12,818 [INFO] McuFinderGlobals:63 - Set McuFinder mode to 2 (CubeIDE integrated)
2025-04-02 11:20:12,850 [INFO] MainUpdater:2873 - connection check result : 10
2025-04-02 11:20:12,859 [INFO] MainUpdater:2873 - connection check result : 10
2025-04-02 11:20:13,128 [INFO] MicroXplorer:468 - Change Database Path : 
2025-04-02 11:20:13,129 [INFO] MicroXplorer:498 - Change Database Version : DB.6.0.110
2025-04-02 11:20:13,135 [WARN] ThirdParty:871 - waiting for thirdparty lock release [close project]
2025-04-02 11:20:13,135 [INFO] ThirdParty:873 - entering critical section [close project]
2025-04-02 11:20:13,135 [INFO] ThirdParty:883 - exiting critical section [close project]
2025-04-02 11:20:13,135 [INFO] PinOutPanel:1561 - setPackage(No Configuration,No Configuration)
2025-04-02 11:20:13,145 [INFO] UtilMem:75 - Begin LoadConfig() Used Memory: 592933264 Bytes (1073741824)
2025-04-02 11:20:13,145 [INFO] MicroXplorer:468 - Change Database Path : 
2025-04-02 11:20:13,145 [INFO] MicroXplorer:498 - Change Database Version : DB.6.0.110
2025-04-02 11:20:13,145 [INFO] OpenFileManager:312 - Change cursor
2025-04-02 11:20:13,220 [INFO] Mcu:2021 - Initializing MCU STM32F767VITx STM32F767VITx STM32F767VIT7
2025-04-02 11:20:16,650 [INFO] Context:663 - Trying to add GPIOservice into a context  which must be forbidden
2025-04-02 11:20:18,007 [INFO] RtosManager:555 - Registered RTOS mode: class=CMSIS, group=RTOS, mode=CMSIS_V1, owner=FREERTOS
2025-04-02 11:20:18,007 [INFO] RtosManager:555 - Registered RTOS mode: class=CMSIS, group=RTOS2, mode=CMSIS_V2, owner=FREERTOS
2025-04-02 11:20:18,008 [INFO] RtosManager:555 - Registered RTOS mode: class=RTOS, group=Core, mode=CMSIS_V1, owner=FREERTOS
2025-04-02 11:20:18,008 [INFO] RtosManager:555 - Registered RTOS mode: class=RTOS, group=Core, mode=CMSIS_V2, owner=FREERTOS
2025-04-02 11:20:18,008 [WARN] ModelIntegratedComponent:184 - Missing modes for component STMicroelectronics:FreeRTOS:0.0.1:STMicroelectronics:RTOS:FreeRTOS:Core:::10.2.0:
2025-04-02 11:20:18,013 [WARN] ModelIntegratedComponent:63 - No mode defined for component null
2025-04-02 11:20:18,013 [WARN] ModelIntegratedComponent:63 - No mode defined for component null
2025-04-02 11:20:18,014 [WARN] ModelIntegratedComponent:63 - No mode defined for component null
2025-04-02 11:20:18,014 [WARN] ModelIntegratedComponent:63 - No mode defined for component null
2025-04-02 11:20:18,014 [WARN] ModelIntegratedComponent:63 - No mode defined for component null
2025-04-02 11:20:18,014 [WARN] ModelIntegratedComponent:63 - No mode defined for component null
2025-04-02 11:20:18,014 [WARN] ModelIntegratedComponent:63 - No mode defined for component null
2025-04-02 11:20:18,014 [WARN] ModelIntegratedComponent:63 - No mode defined for component null
2025-04-02 11:20:18,014 [WARN] ModelIntegratedComponent:63 - No mode defined for component null
2025-04-02 11:20:18,014 [WARN] ModelIntegratedComponent:63 - No mode defined for component null
2025-04-02 11:20:18,014 [WARN] ModelIntegratedComponent:63 - No mode defined for component null
2025-04-02 11:20:18,014 [WARN] ModelIntegratedComponent:63 - No mode defined for component null
2025-04-02 11:20:18,014 [WARN] ModelIntegratedComponent:63 - No mode defined for component null
2025-04-02 11:20:18,014 [WARN] ModelIntegratedComponent:63 - No mode defined for component null
2025-04-02 11:20:18,014 [WARN] ModelIntegratedComponent:63 - No mode defined for component null
2025-04-02 11:20:18,014 [WARN] ModelIntegratedComponent:63 - No mode defined for component null
2025-04-02 11:20:18,014 [WARN] ModelIntegratedComponent:63 - No mode defined for component null
2025-04-02 11:20:18,014 [WARN] ModelIntegratedComponent:63 - No mode defined for component null
2025-04-02 11:20:18,014 [WARN] ModelIntegratedComponent:63 - No mode defined for component null
2025-04-02 11:20:18,014 [WARN] ModelIntegratedComponent:63 - No mode defined for component null
2025-04-02 11:20:18,014 [WARN] ModelIntegratedComponent:63 - No mode defined for component null
2025-04-02 11:20:18,014 [WARN] ModelIntegratedComponent:63 - No mode defined for component null
2025-04-02 11:20:18,015 [WARN] ModelIntegratedComponent:63 - No mode defined for component null
2025-04-02 11:20:18,015 [WARN] ModelIntegratedComponent:63 - No mode defined for component null
2025-04-02 11:20:18,015 [WARN] ModelIntegratedComponent:63 - No mode defined for component null
2025-04-02 11:20:18,015 [WARN] ModelIntegratedComponent:63 - No mode defined for component null
2025-04-02 11:20:18,015 [WARN] ModelIntegratedComponent:63 - No mode defined for component null
2025-04-02 11:20:18,015 [WARN] ModelIntegratedComponent:63 - No mode defined for component null
2025-04-02 11:20:18,015 [WARN] ModelIntegratedComponent:63 - No mode defined for component null
2025-04-02 11:20:18,015 [WARN] ModelIntegratedComponent:63 - No mode defined for component null
2025-04-02 11:20:18,016 [WARN] ModelIntegratedComponent:63 - No mode defined for component null
2025-04-02 11:20:18,016 [WARN] ModelIntegratedComponent:63 - No mode defined for component null
2025-04-02 11:20:18,017 [WARN] ModelIntegratedComponent:63 - No mode defined for component null
2025-04-02 11:20:18,017 [WARN] ModelIntegratedComponent:63 - No mode defined for component null
2025-04-02 11:20:18,216 [INFO] ThirdPartyModel:298 - Start build external matchings
2025-04-02 11:20:19,346 [INFO] ThirdPartyModel:316 - End build external matchings
2025-04-02 11:20:19,376 [INFO] ImportTextPane:194 - (OptionalMessage_ERROR) IP (RCC) : Invalid parameter (FamilyName)
2025-04-02 11:20:19,377 [INFO] ImportTextPane:194 - (OptionalMessage_ERROR) IP (RCC) : Parameter (RNGFreq_Value) has invalid value (96000000)
2025-04-02 11:20:19,377 [INFO] ImportTextPane:194 - (OptionalMessage_ERROR) IP (RCC) : Parameter (SDMMC2Freq_Value) has invalid value (96000000)
2025-04-02 11:20:19,377 [INFO] ImportTextPane:194 - (OptionalMessage_ERROR) IP (RCC) : Parameter (SDMMCFreq_Value) has invalid value (96000000)
2025-04-02 11:20:19,378 [INFO] ImportTextPane:194 - (OptionalMessage_ERROR) IP (RCC) : Parameter (USBFreq_Value) has invalid value (96000000)
2025-04-02 11:20:20,061 [INFO] ApiDb:581 - Connected to CubeFinder SQLite database (C:\Users\racin\.stmcufinder\plugins\mcufinder\mcu\cube-finder-db.db)
2025-04-02 11:20:20,200 [INFO] ApiDb:668 - CubeFinder database Data Model version=2.1
2025-04-02 11:20:20,200 [INFO] ApiDb:669 - CubeFinder database Configuration version=3.0.39
2025-04-02 11:20:20,201 [INFO] ApiDb:670 - CubeFinder database generation date=2025-03-07 (1741340029)
2025-04-02 11:20:20,201 [INFO] ApiDb:671 - CubeFinder database FW Pack versions=[FP-ATR-ASTRA1_V2.0.0, FP-SNS-FLIGHT1_V5.0.2, FP-SNS-MOTENV1_V5.0.0, FP-SNS-MOTENVWB1_V1.4.0, FP-SNS-SMARTAG2_V1.2.0, FP-SNS-STBOX1_V2.0.0, STM32Cube_FW_C0_V1.4.0, STM32Cube_FW_F4_V1.28.1, STM32Cube_FW_F7_V1.17.2, STM32Cube_FW_G0_V1.6.2, STM32Cube_FW_G4_V1.6.1, STM32Cube_FW_H5_V1.5.0, STM32Cube_FW_H7RS_V1.2.0, STM32Cube_FW_H7_V1.12.1, STM32Cube_FW_L0_V1.12.2, STM32Cube_FW_L4_V1.18.1, STM32Cube_FW_L5_V1.5.1, STM32Cube_FW_N6_V1.1.0, STM32Cube_FW_U0_V1.2.0, STM32Cube_FW_U3_V1.1.0, STM32Cube_FW_U5_V1.7.0, STM32Cube_FW_WB0_V1.2.0, STM32Cube_FW_WBA_V1.6.0, STM32Cube_FW_WB_V1.22.0, STM32Cube_FW_WL3_V1.1.0, STM32Cube_FW_WL_V1.3.1, X-CUBE-ALGOBUILD_V1.4.0, X-CUBE-ALS_V1.0.2, X-CUBE-AZRTOS-F4_V1.1.0, X-CUBE-AZRTOS-F7_V1.1.0, X-CUBE-AZRTOS-G0_V1.1.0, X-CUBE-AZRTOS-G4_V2.0.0, X-CUBE-AZRTOS-H7RS_V1.0.0, X-CUBE-AZRTOS-H7_V3.3.0, X-CUBE-AZRTOS-L4_V2.0.0, X-CUBE-AZRTOS-L5_V2.0.0, X-CUBE-AZRTOS-WB_V2.0.0, X-CUBE-AZRTOS-WL_V2.0.0, X-CUBE-BLE1_V7.1.0, X-CUBE-BLE2_V3.3.0, X-CUBE-BLEMGR_V4.0.0, X-CUBE-EEPRMA1_V5.1.0, X-CUBE-FREERTOS_V1.3.0, X-CUBE-GNSS1_V6.0.0, X-CUBE-MEMS1_V11.1.0, X-CUBE-NFC4_V3.0.0, X-CUBE-NFC7_V1.0.1, X-CUBE-SFXS2LP1_V4.0.0, X-CUBE-SUBG2_V5.0.0, X-CUBE-TOF1_V3.4.2]
2025-04-02 11:20:20,403 [INFO] DbBoardsSqlite:226 - include board P-NUCLEO-WB55-NUCLEO as a kit item of type 'Nucleo-64'
2025-04-02 11:20:20,403 [INFO] DbBoardsSqlite:226 - include board P-NUCLEO-WB55-USBDONGLE as a kit item of type 'Nucleo USB Dongle'
2025-04-02 11:20:20,404 [INFO] DbBoardsSqlite:226 - include board STEVAL-IDP005V1 as a kit item of type 'Evaluation Board'
2025-04-02 11:20:20,405 [INFO] DbBoardsSqlite:226 - include board STEVAL-IDP005V2 as a kit item of type 'Evaluation Board'
2025-04-02 11:20:20,971 [INFO] ApiDb:240 - Found 483 in-development CPN: [B-G473E-ZEST1S, B-WB1M-WPAN1, B-WL5M-SUBG1, NUCLEO-C031C6, NUCLEO-H503RB, NUCLEO-H533RE, NUCLEO-H563ZI, NUCLEO-H7S3L8, NUCLEO-U031R8, NUCLEO-U083RC, NUCLEO-U545RE-Q, NUCLEO-U5A5ZJ-Q, NUCLEO-WBA52CG, NUCLEO-WBA55CG, STEVAL-PROTEUS1, STEVAL-SMARTAG2, STEVAL-STWINBX1, STM320518-EVAL, STM32C0116-DK, STM32C011D6Y3TR, STM32C011D6Y6TR, STM32C011F4P3, STM32C011F4P6, STM32C011F4U3, STM32C011F4U6TR, STM32C011F6P3, STM32C011F6P6, STM32C011F6U3, STM32C011F6U6TR, STM32C011J4M3, STM32C011J4M6, STM32C011J6M3, STM32C011J6M6, STM32C0316-DK, STM32C031C4T3, STM32C031C4T6, STM32C031C4U3, STM32C031C4U6, STM32C031C6T3, STM32C031C6T6, STM32C031C6U3, STM32C031C6U6, STM32C031F4P3, STM32C031F4P6, STM32C031F6P3, STM32C031F6P6, STM32C031G4U3, STM32C031G4U6, STM32C031G6U3, STM32C031G6U6, STM32C031K4T3, STM32C031K4T6, STM32C031K4U3, STM32C031K4U6, STM32C031K6T3, STM32C031K6T6, STM32C031K6U3, STM32C031K6U6, STM32G071K8TXN, STM32G071K8UXN, STM32G081GBU6N, STM32G081KBT6N, STM32G081KBUXN, STM32G0B1CCT6N, STM32G0B1KCT6, STM32G0B1NEY6TR, STM32G0B1RCT6N, STM32G0C1CCT6, STM32G0C1CCT6N, STM32G0C1CCU6N, STM32G0C1CET6N, STM32G0C1CEU6N, STM32G0C1KCT6, STM32G0C1NEY6TR, STM32G0C1RCI6N, STM32G0C1RCT6N, STM32G0C1REI6N, STM32G0C1RET6N, STM32G0C1VCI6, STM32G0C1VEI6, STM32G471CCT6, STM32G471CCU6, STM32G471CET3, STM32G471CET6, STM32G471CEU3, STM32G471CEU6, STM32G471MCT6, STM32G471MET3, STM32G471MET6, STM32G471MEY6TR, STM32G471QCT6, STM32G471QET3, STM32G471RCT6, STM32G471RET3, STM32G471RET6, STM32G471VCH6, STM32G471VCI6, STM32G471VCT6, STM32G471VEH3, STM32G471VEH6, STM32G471VEI3, STM32G471VEI6, STM32G471VET3, STM32G471VET6, STM32G474CCT6, STM32H503CBT6, STM32H503CBU6, STM32H503EBY6TR, STM32H503KBU6, STM32H503RBT6, STM32H523CCT6, STM32H523CCU6, STM32H523CET6, STM32H523CEU6, STM32H523HEY6TR, STM32H523RCT6, STM32H523RET6, STM32H523VCI6, STM32H523VCT6, STM32H523VEI6, STM32H523VET6, STM32H523ZCJ6, STM32H523ZCT6, STM32H523ZEJ6, STM32H523ZET6, STM32H533CET6, STM32H533CEU6, STM32H533HEY6TR, STM32H533RET6, STM32H533VEI6, STM32H533VET6, STM32H533ZEJ6, STM32H533ZET6, STM32H562AGI6, STM32H562AII6, STM32H562IGK6, STM32H562IGT6, STM32H562IIK6, STM32H562IIT6, STM32H562RGT6, STM32H562RGV6, STM32H562RIT6, STM32H562RIV6, STM32H562VGT6, STM32H562VIT6, STM32H562ZGT6, STM32H562ZIT6, STM32H563AGI6, STM32H563AII3Q, STM32H563AII6, STM32H563IGK6, STM32H563IGT6, STM32H563IIK3Q, STM32H563IIK6, STM32H563IIT3Q, STM32H563IIT6, STM32H563MIY3QTR, STM32H563RGT6, STM32H563RGV6, STM32H563RIT6, STM32H563RIV6, STM32H563VGT6, STM32H563VIT3Q, STM32H563VIT6, STM32H563ZGT6, STM32H563ZIT3Q, STM32H563ZIT6, STM32H573AII3Q, STM32H573AII6, STM32H573I-DK, STM32H573IIK3Q, STM32H573IIK6, STM32H573IIT3Q, STM32H573IIT6, STM32H573MIY3QTR, STM32H573RIT6, STM32H573RIV6, STM32H573VIT3Q, STM32H573VIT6, STM32H573ZIT3Q, STM32H573ZIT6, STM32H7R3A8I6, STM32H7R3I8K6, STM32H7R3I8T6, STM32H7R3L8H6, STM32H7R3L8H6H, STM32H7R3R8V6, STM32H7R3V8H6, STM32H7R3V8T6, STM32H7R3V8Y6, STM32H7R3Z8J6, STM32H7R3Z8T6, STM32H7R7A8I6, STM32H7R7I8K6, STM32H7R7I8T6, STM32H7R7L8H6, STM32H7R7L8H6H, STM32H7R7Z8J6, STM32H7S3A8I6, STM32H7S3I8K6, STM32H7S3I8T6, STM32H7S3L8H6, STM32H7S3L8H6H, STM32H7S3R8V6, STM32H7S3V8H6, STM32H7S3V8T6, STM32H7S3V8Y6, STM32H7S3Z8J6, STM32H7S3Z8T6, STM32H7S78-DK, STM32H7S7A8I6, STM32H7S7I8K6, STM32H7S7I8T6, STM32H7S7L8H6, STM32H7S7L8H6H, STM32H7S7Z8J6, STM32L4R5QGI6STR, STM32MP131AAE3, STM32MP131AAF3, STM32MP131AAG3, STM32MP131CAE3, STM32MP131CAF3, STM32MP131CAG3, STM32MP131DAE7, STM32MP131DAF7, STM32MP131DAG7, STM32MP131FAE7, STM32MP131FAF7, STM32MP131FAG7, STM32MP133AAE3, STM32MP133AAF3, STM32MP133AAG3, STM32MP133CAE3, STM32MP133CAF3, STM32MP133CAG3, STM32MP133DAE7, STM32MP133DAF7, STM32MP133DAG7, STM32MP133FAE7, STM32MP133FAF7, STM32MP133FAG7, STM32MP135AAE3, STM32MP135AAF3, STM32MP135AAG3, STM32MP135CAE3, STM32MP135CAF3, STM32MP135CAG3, STM32MP135DAE7, STM32MP135DAF7, STM32MP135DAG7, STM32MP135F-DK, STM32MP135FAE7, STM32MP135FAF7, STM32MP135FAF7T, STM32MP135FAF7U, STM32MP135FAG7, STM32U031C6T6, STM32U031C6U6, STM32U031C8T6, STM32U031C8U6, STM32U031F4P6, STM32U031F6P6, STM32U031F8P6, STM32U031G6Y6TR, STM32U031G8Y6TR, STM32U031K4U6, STM32U031K6U6, STM32U031K8U6, STM32U031R6I6, STM32U031R6T6, STM32U031R8I6, STM32U031R8T6, STM32U073C8T6, STM32U073C8U6, STM32U073CBT6, STM32U073CBU6, STM32U073CCT6, STM32U073CCU6, STM32U073H8Y6TR, STM32U073HBY6TR, STM32U073HCY6TR, STM32U073K8U6, STM32U073KBU6, STM32U073KCU6, STM32U073M8I6, STM32U073M8T6, STM32U073MBI6, STM32U073MBT6, STM32U073MCI6, STM32U073MCT6, STM32U073R8I6, STM32U073R8T6, STM32U073RBI6, STM32U073RBT6, STM32U073RCI6, STM32U073RCT6, STM32U083C-DK, STM32U083CCT6, STM32U083CCU6, STM32U083HCY6TR, STM32U083KCU6, STM32U083MCI6, STM32U083MCT6, STM32U083RCI6, STM32U083RCT6, STM32U535CBT6, STM32U535CBT6Q, STM32U535CBU6, STM32U535CBU6Q, STM32U535CCT6, STM32U535CCT6Q, STM32U535CCU6, STM32U535CCU6Q, STM32U535CET6, STM32U535CET6Q, STM32U535CEU6, STM32U535CEU6Q, STM32U535JEY6QTR, STM32U535NCY6QTR, STM32U535NEY6QTR, STM32U535RBI6, STM32U535RBI6Q, STM32U535RBT6, STM32U535RBT6Q, STM32U535RCI6, STM32U535RCI6Q, STM32U535RCT6, STM32U535RCT6Q, STM32U535REI6, STM32U535REI6Q, STM32U535RET6, STM32U535RET6Q, STM32U535VCI6, STM32U535VCI6Q, STM32U535VCT6, STM32U535VCT6Q, STM32U535VEI6, STM32U535VEI6Q, STM32U535VET6, STM32U535VET6Q, STM32U545CET6, STM32U545CET6Q, STM32U545CEU6, STM32U545CEU6Q, STM32U545JEY6QTR, STM32U545NEY6QTR, STM32U545REI6, STM32U545REI6Q, STM32U545RET6, STM32U545RET6Q, STM32U545VEI6, STM32U545VEI6Q, STM32U545VET6, STM32U545VET6Q, STM32U595AIH6, STM32U595AIH6Q, STM32U595AJH6, STM32U595AJH6Q, STM32U595QII6, STM32U595QII6Q, STM32U595QJI6, STM32U595QJI6Q, STM32U595RIT6, STM32U595RIT6Q, STM32U595RJT6, STM32U595RJT6Q, STM32U595VIT6, STM32U595VIT6Q, STM32U595VJT6, STM32U595VJT6Q, STM32U595ZIT6, STM32U595ZIT6Q, STM32U595ZIY6QTR, STM32U595ZJT6, STM32U595ZJT6Q, STM32U595ZJY6QTR, STM32U599BJY6QTR, STM32U599NIH6Q, STM32U599NJH6Q, STM32U599VIT6Q, STM32U599VJT6, STM32U599VJT6Q, STM32U599ZIT6Q, STM32U599ZIY6QTR, STM32U599ZJT6Q, STM32U599ZJY6QTR, STM32U5A5AJH6, STM32U5A5AJH6Q, STM32U5A5QII3Q , STM32U5A5QJI6, STM32U5A5QJI6Q, STM32U5A5RJT6, STM32U5A5RJT6Q, STM32U5A5VJT6, STM32U5A5VJT6Q, STM32U5A5ZJT6, STM32U5A5ZJT6Q, STM32U5A5ZJY6QTR, STM32U5A9BJY6QTR, STM32U5A9J-DK, STM32U5A9NJH6Q, STM32U5A9VJT6Q, STM32U5A9ZJT6Q, STM32U5A9ZJY6QTR, STM32U5F7VIT6, STM32U5F7VIT6Q, STM32U5F7VJT6, STM32U5F7VJT6Q, STM32U5F9BJY6QTR, STM32U5F9NJH6Q, STM32U5F9VIT6Q, STM32U5F9VJT6Q, STM32U5F9ZIJ6QTR, STM32U5F9ZIT6Q, STM32U5F9ZJJ6QTR, STM32U5F9ZJT6Q, STM32U5G7VJT6, STM32U5G7VJT6Q, STM32U5G9BJY6QTR, STM32U5G9J-DK1, STM32U5G9J-DK2, STM32U5G9NJH6Q, STM32U5G9VJT6Q, STM32U5G9ZJJ6QTR, STM32U5G9ZJT6Q, STM32WB1MMCH6, STM32WBA50KEU6, STM32WBA50KEU6TR, STM32WBA50KGU6, STM32WBA50KGU6TR, STM32WBA52CEU6, STM32WBA52CEU6TR, STM32WBA52CEU7, STM32WBA52CEU7TR, STM32WBA52CGU6, STM32WBA52CGU6TR, STM32WBA52CGU6U, STM32WBA52CGU7, STM32WBA52CGU7TR, STM32WBA52KEU6, STM32WBA52KEU6TR, STM32WBA52KGU6, STM32WBA52KGU6TR, STM32WBA54CEU6, STM32WBA54CEU6TR, STM32WBA54CEU7, STM32WBA54CEU7TR, STM32WBA54CGU6, STM32WBA54CGU6TR, STM32WBA54CGU7, STM32WBA54CGU7TR, STM32WBA54KEU6, STM32WBA54KEU6TR, STM32WBA54KEU7, STM32WBA54KEU7TR, STM32WBA54KGU6, STM32WBA54KGU6TR, STM32WBA54KGU7, STM32WBA54KGU7TR, STM32WBA55CEU6, STM32WBA55CEU6TR, STM32WBA55CEU7, STM32WBA55CEU7TR, STM32WBA55CGU6, STM32WBA55CGU6TR, STM32WBA55CGU6U, STM32WBA55CGU7, STM32WBA55CGU7TR, STM32WBA55G-DK1, STM32WBA55HEF6, STM32WBA55HEF7, STM32WBA55HGF6, STM32WBA55HGF7, STM32WBA55UEI6, STM32WBA55UEI6TR, STM32WBA55UEI7, STM32WBA55UEI7TR, STM32WBA55UGI6, STM32WBA55UGI6TR, STM32WBA55UGI7, STM32WBA55UGI7TR, STM32WL5MOCH6, STM32WL5MOCH6TR]
2025-04-02 11:20:20,974 [INFO] ApiDb:668 - CubeFinder database Data Model version=2.1
2025-04-02 11:20:20,974 [INFO] ApiDb:669 - CubeFinder database Configuration version=3.0.39
2025-04-02 11:20:20,974 [INFO] ApiDb:670 - CubeFinder database generation date=2025-03-07 (1741340029)
2025-04-02 11:20:20,974 [INFO] ApiDb:671 - CubeFinder database FW Pack versions=[FP-ATR-ASTRA1_V2.0.0, FP-SNS-FLIGHT1_V5.0.2, FP-SNS-MOTENV1_V5.0.0, FP-SNS-MOTENVWB1_V1.4.0, FP-SNS-SMARTAG2_V1.2.0, FP-SNS-STBOX1_V2.0.0, STM32Cube_FW_C0_V1.4.0, STM32Cube_FW_F4_V1.28.1, STM32Cube_FW_F7_V1.17.2, STM32Cube_FW_G0_V1.6.2, STM32Cube_FW_G4_V1.6.1, STM32Cube_FW_H5_V1.5.0, STM32Cube_FW_H7RS_V1.2.0, STM32Cube_FW_H7_V1.12.1, STM32Cube_FW_L0_V1.12.2, STM32Cube_FW_L4_V1.18.1, STM32Cube_FW_L5_V1.5.1, STM32Cube_FW_N6_V1.1.0, STM32Cube_FW_U0_V1.2.0, STM32Cube_FW_U3_V1.1.0, STM32Cube_FW_U5_V1.7.0, STM32Cube_FW_WB0_V1.2.0, STM32Cube_FW_WBA_V1.6.0, STM32Cube_FW_WB_V1.22.0, STM32Cube_FW_WL3_V1.1.0, STM32Cube_FW_WL_V1.3.1, X-CUBE-ALGOBUILD_V1.4.0, X-CUBE-ALS_V1.0.2, X-CUBE-AZRTOS-F4_V1.1.0, X-CUBE-AZRTOS-F7_V1.1.0, X-CUBE-AZRTOS-G0_V1.1.0, X-CUBE-AZRTOS-G4_V2.0.0, X-CUBE-AZRTOS-H7RS_V1.0.0, X-CUBE-AZRTOS-H7_V3.3.0, X-CUBE-AZRTOS-L4_V2.0.0, X-CUBE-AZRTOS-L5_V2.0.0, X-CUBE-AZRTOS-WB_V2.0.0, X-CUBE-AZRTOS-WL_V2.0.0, X-CUBE-BLE1_V7.1.0, X-CUBE-BLE2_V3.3.0, X-CUBE-BLEMGR_V4.0.0, X-CUBE-EEPRMA1_V5.1.0, X-CUBE-FREERTOS_V1.3.0, X-CUBE-GNSS1_V6.0.0, X-CUBE-MEMS1_V11.1.0, X-CUBE-NFC4_V3.0.0, X-CUBE-NFC7_V1.0.1, X-CUBE-SFXS2LP1_V4.0.0, X-CUBE-SUBG2_V5.0.0, X-CUBE-TOF1_V3.4.2]
2025-04-02 11:20:23,296 [INFO] ApiDb:240 - Found 483 in-development CPN: [B-G473E-ZEST1S, B-WB1M-WPAN1, B-WL5M-SUBG1, NUCLEO-C031C6, NUCLEO-H503RB, NUCLEO-H533RE, NUCLEO-H563ZI, NUCLEO-H7S3L8, NUCLEO-U031R8, NUCLEO-U083RC, NUCLEO-U545RE-Q, NUCLEO-U5A5ZJ-Q, NUCLEO-WBA52CG, NUCLEO-WBA55CG, STEVAL-PROTEUS1, STEVAL-SMARTAG2, STEVAL-STWINBX1, STM320518-EVAL, STM32C0116-DK, STM32C011D6Y3TR, STM32C011D6Y6TR, STM32C011F4P3, STM32C011F4P6, STM32C011F4U3, STM32C011F4U6TR, STM32C011F6P3, STM32C011F6P6, STM32C011F6U3, STM32C011F6U6TR, STM32C011J4M3, STM32C011J4M6, STM32C011J6M3, STM32C011J6M6, STM32C0316-DK, STM32C031C4T3, STM32C031C4T6, STM32C031C4U3, STM32C031C4U6, STM32C031C6T3, STM32C031C6T6, STM32C031C6U3, STM32C031C6U6, STM32C031F4P3, STM32C031F4P6, STM32C031F6P3, STM32C031F6P6, STM32C031G4U3, STM32C031G4U6, STM32C031G6U3, STM32C031G6U6, STM32C031K4T3, STM32C031K4T6, STM32C031K4U3, STM32C031K4U6, STM32C031K6T3, STM32C031K6T6, STM32C031K6U3, STM32C031K6U6, STM32G071K8TXN, STM32G071K8UXN, STM32G081GBU6N, STM32G081KBT6N, STM32G081KBUXN, STM32G0B1CCT6N, STM32G0B1KCT6, STM32G0B1NEY6TR, STM32G0B1RCT6N, STM32G0C1CCT6, STM32G0C1CCT6N, STM32G0C1CCU6N, STM32G0C1CET6N, STM32G0C1CEU6N, STM32G0C1KCT6, STM32G0C1NEY6TR, STM32G0C1RCI6N, STM32G0C1RCT6N, STM32G0C1REI6N, STM32G0C1RET6N, STM32G0C1VCI6, STM32G0C1VEI6, STM32G471CCT6, STM32G471CCU6, STM32G471CET3, STM32G471CET6, STM32G471CEU3, STM32G471CEU6, STM32G471MCT6, STM32G471MET3, STM32G471MET6, STM32G471MEY6TR, STM32G471QCT6, STM32G471QET3, STM32G471RCT6, STM32G471RET3, STM32G471RET6, STM32G471VCH6, STM32G471VCI6, STM32G471VCT6, STM32G471VEH3, STM32G471VEH6, STM32G471VEI3, STM32G471VEI6, STM32G471VET3, STM32G471VET6, STM32G474CCT6, STM32H503CBT6, STM32H503CBU6, STM32H503EBY6TR, STM32H503KBU6, STM32H503RBT6, STM32H523CCT6, STM32H523CCU6, STM32H523CET6, STM32H523CEU6, STM32H523HEY6TR, STM32H523RCT6, STM32H523RET6, STM32H523VCI6, STM32H523VCT6, STM32H523VEI6, STM32H523VET6, STM32H523ZCJ6, STM32H523ZCT6, STM32H523ZEJ6, STM32H523ZET6, STM32H533CET6, STM32H533CEU6, STM32H533HEY6TR, STM32H533RET6, STM32H533VEI6, STM32H533VET6, STM32H533ZEJ6, STM32H533ZET6, STM32H562AGI6, STM32H562AII6, STM32H562IGK6, STM32H562IGT6, STM32H562IIK6, STM32H562IIT6, STM32H562RGT6, STM32H562RGV6, STM32H562RIT6, STM32H562RIV6, STM32H562VGT6, STM32H562VIT6, STM32H562ZGT6, STM32H562ZIT6, STM32H563AGI6, STM32H563AII3Q, STM32H563AII6, STM32H563IGK6, STM32H563IGT6, STM32H563IIK3Q, STM32H563IIK6, STM32H563IIT3Q, STM32H563IIT6, STM32H563MIY3QTR, STM32H563RGT6, STM32H563RGV6, STM32H563RIT6, STM32H563RIV6, STM32H563VGT6, STM32H563VIT3Q, STM32H563VIT6, STM32H563ZGT6, STM32H563ZIT3Q, STM32H563ZIT6, STM32H573AII3Q, STM32H573AII6, STM32H573I-DK, STM32H573IIK3Q, STM32H573IIK6, STM32H573IIT3Q, STM32H573IIT6, STM32H573MIY3QTR, STM32H573RIT6, STM32H573RIV6, STM32H573VIT3Q, STM32H573VIT6, STM32H573ZIT3Q, STM32H573ZIT6, STM32H7R3A8I6, STM32H7R3I8K6, STM32H7R3I8T6, STM32H7R3L8H6, STM32H7R3L8H6H, STM32H7R3R8V6, STM32H7R3V8H6, STM32H7R3V8T6, STM32H7R3V8Y6, STM32H7R3Z8J6, STM32H7R3Z8T6, STM32H7R7A8I6, STM32H7R7I8K6, STM32H7R7I8T6, STM32H7R7L8H6, STM32H7R7L8H6H, STM32H7R7Z8J6, STM32H7S3A8I6, STM32H7S3I8K6, STM32H7S3I8T6, STM32H7S3L8H6, STM32H7S3L8H6H, STM32H7S3R8V6, STM32H7S3V8H6, STM32H7S3V8T6, STM32H7S3V8Y6, STM32H7S3Z8J6, STM32H7S3Z8T6, STM32H7S78-DK, STM32H7S7A8I6, STM32H7S7I8K6, STM32H7S7I8T6, STM32H7S7L8H6, STM32H7S7L8H6H, STM32H7S7Z8J6, STM32L4R5QGI6STR, STM32MP131AAE3, STM32MP131AAF3, STM32MP131AAG3, STM32MP131CAE3, STM32MP131CAF3, STM32MP131CAG3, STM32MP131DAE7, STM32MP131DAF7, STM32MP131DAG7, STM32MP131FAE7, STM32MP131FAF7, STM32MP131FAG7, STM32MP133AAE3, STM32MP133AAF3, STM32MP133AAG3, STM32MP133CAE3, STM32MP133CAF3, STM32MP133CAG3, STM32MP133DAE7, STM32MP133DAF7, STM32MP133DAG7, STM32MP133FAE7, STM32MP133FAF7, STM32MP133FAG7, STM32MP135AAE3, STM32MP135AAF3, STM32MP135AAG3, STM32MP135CAE3, STM32MP135CAF3, STM32MP135CAG3, STM32MP135DAE7, STM32MP135DAF7, STM32MP135DAG7, STM32MP135F-DK, STM32MP135FAE7, STM32MP135FAF7, STM32MP135FAF7T, STM32MP135FAF7U, STM32MP135FAG7, STM32U031C6T6, STM32U031C6U6, STM32U031C8T6, STM32U031C8U6, STM32U031F4P6, STM32U031F6P6, STM32U031F8P6, STM32U031G6Y6TR, STM32U031G8Y6TR, STM32U031K4U6, STM32U031K6U6, STM32U031K8U6, STM32U031R6I6, STM32U031R6T6, STM32U031R8I6, STM32U031R8T6, STM32U073C8T6, STM32U073C8U6, STM32U073CBT6, STM32U073CBU6, STM32U073CCT6, STM32U073CCU6, STM32U073H8Y6TR, STM32U073HBY6TR, STM32U073HCY6TR, STM32U073K8U6, STM32U073KBU6, STM32U073KCU6, STM32U073M8I6, STM32U073M8T6, STM32U073MBI6, STM32U073MBT6, STM32U073MCI6, STM32U073MCT6, STM32U073R8I6, STM32U073R8T6, STM32U073RBI6, STM32U073RBT6, STM32U073RCI6, STM32U073RCT6, STM32U083C-DK, STM32U083CCT6, STM32U083CCU6, STM32U083HCY6TR, STM32U083KCU6, STM32U083MCI6, STM32U083MCT6, STM32U083RCI6, STM32U083RCT6, STM32U535CBT6, STM32U535CBT6Q, STM32U535CBU6, STM32U535CBU6Q, STM32U535CCT6, STM32U535CCT6Q, STM32U535CCU6, STM32U535CCU6Q, STM32U535CET6, STM32U535CET6Q, STM32U535CEU6, STM32U535CEU6Q, STM32U535JEY6QTR, STM32U535NCY6QTR, STM32U535NEY6QTR, STM32U535RBI6, STM32U535RBI6Q, STM32U535RBT6, STM32U535RBT6Q, STM32U535RCI6, STM32U535RCI6Q, STM32U535RCT6, STM32U535RCT6Q, STM32U535REI6, STM32U535REI6Q, STM32U535RET6, STM32U535RET6Q, STM32U535VCI6, STM32U535VCI6Q, STM32U535VCT6, STM32U535VCT6Q, STM32U535VEI6, STM32U535VEI6Q, STM32U535VET6, STM32U535VET6Q, STM32U545CET6, STM32U545CET6Q, STM32U545CEU6, STM32U545CEU6Q, STM32U545JEY6QTR, STM32U545NEY6QTR, STM32U545REI6, STM32U545REI6Q, STM32U545RET6, STM32U545RET6Q, STM32U545VEI6, STM32U545VEI6Q, STM32U545VET6, STM32U545VET6Q, STM32U595AIH6, STM32U595AIH6Q, STM32U595AJH6, STM32U595AJH6Q, STM32U595QII6, STM32U595QII6Q, STM32U595QJI6, STM32U595QJI6Q, STM32U595RIT6, STM32U595RIT6Q, STM32U595RJT6, STM32U595RJT6Q, STM32U595VIT6, STM32U595VIT6Q, STM32U595VJT6, STM32U595VJT6Q, STM32U595ZIT6, STM32U595ZIT6Q, STM32U595ZIY6QTR, STM32U595ZJT6, STM32U595ZJT6Q, STM32U595ZJY6QTR, STM32U599BJY6QTR, STM32U599NIH6Q, STM32U599NJH6Q, STM32U599VIT6Q, STM32U599VJT6, STM32U599VJT6Q, STM32U599ZIT6Q, STM32U599ZIY6QTR, STM32U599ZJT6Q, STM32U599ZJY6QTR, STM32U5A5AJH6, STM32U5A5AJH6Q, STM32U5A5QII3Q , STM32U5A5QJI6, STM32U5A5QJI6Q, STM32U5A5RJT6, STM32U5A5RJT6Q, STM32U5A5VJT6, STM32U5A5VJT6Q, STM32U5A5ZJT6, STM32U5A5ZJT6Q, STM32U5A5ZJY6QTR, STM32U5A9BJY6QTR, STM32U5A9J-DK, STM32U5A9NJH6Q, STM32U5A9VJT6Q, STM32U5A9ZJT6Q, STM32U5A9ZJY6QTR, STM32U5F7VIT6, STM32U5F7VIT6Q, STM32U5F7VJT6, STM32U5F7VJT6Q, STM32U5F9BJY6QTR, STM32U5F9NJH6Q, STM32U5F9VIT6Q, STM32U5F9VJT6Q, STM32U5F9ZIJ6QTR, STM32U5F9ZIT6Q, STM32U5F9ZJJ6QTR, STM32U5F9ZJT6Q, STM32U5G7VJT6, STM32U5G7VJT6Q, STM32U5G9BJY6QTR, STM32U5G9J-DK1, STM32U5G9J-DK2, STM32U5G9NJH6Q, STM32U5G9VJT6Q, STM32U5G9ZJJ6QTR, STM32U5G9ZJT6Q, STM32WB1MMCH6, STM32WBA50KEU6, STM32WBA50KEU6TR, STM32WBA50KGU6, STM32WBA50KGU6TR, STM32WBA52CEU6, STM32WBA52CEU6TR, STM32WBA52CEU7, STM32WBA52CEU7TR, STM32WBA52CGU6, STM32WBA52CGU6TR, STM32WBA52CGU6U, STM32WBA52CGU7, STM32WBA52CGU7TR, STM32WBA52KEU6, STM32WBA52KEU6TR, STM32WBA52KGU6, STM32WBA52KGU6TR, STM32WBA54CEU6, STM32WBA54CEU6TR, STM32WBA54CEU7, STM32WBA54CEU7TR, STM32WBA54CGU6, STM32WBA54CGU6TR, STM32WBA54CGU7, STM32WBA54CGU7TR, STM32WBA54KEU6, STM32WBA54KEU6TR, STM32WBA54KEU7, STM32WBA54KEU7TR, STM32WBA54KGU6, STM32WBA54KGU6TR, STM32WBA54KGU7, STM32WBA54KGU7TR, STM32WBA55CEU6, STM32WBA55CEU6TR, STM32WBA55CEU7, STM32WBA55CEU7TR, STM32WBA55CGU6, STM32WBA55CGU6TR, STM32WBA55CGU6U, STM32WBA55CGU7, STM32WBA55CGU7TR, STM32WBA55G-DK1, STM32WBA55HEF6, STM32WBA55HEF7, STM32WBA55HGF6, STM32WBA55HGF7, STM32WBA55UEI6, STM32WBA55UEI6TR, STM32WBA55UEI7, STM32WBA55UEI7TR, STM32WBA55UGI6, STM32WBA55UGI6TR, STM32WBA55UGI7, STM32WBA55UGI7TR, STM32WL5MOCH6, STM32WL5MOCH6TR]
2025-04-02 11:20:23,301 [INFO] DbMcus:218 - Found 4608 MCUs, 4608 are supported
2025-04-02 11:20:23,302 [INFO] ApiDb:423 - Load user favorites file C:\Users\racin/.stm32cubeide/favorites.mcus.txt: 0 item(s)
2025-04-02 11:20:23,302 [INFO] ApiDb:427 - User favorites MCUs=[]
2025-04-02 11:20:23,302 [INFO] DbMcus:224 - Set 0 / 0 favorites MCUs
2025-04-02 11:20:23,737 [INFO] BoardInfo:889 - No configuration file found for board NUCLEO-C051C8
2025-04-02 11:20:23,737 [INFO] DbBoards:161 - Board is not supported: NUCLEO-C051C8
2025-04-02 11:20:23,738 [INFO] BoardInfo:889 - No configuration file found for board NUCLEO-C071RB
2025-04-02 11:20:23,739 [INFO] DbBoards:161 - Board is not supported: NUCLEO-C071RB
2025-04-02 11:20:23,740 [INFO] BoardInfo:889 - No configuration file found for board NUCLEO-C092RC
2025-04-02 11:20:23,740 [INFO] DbBoards:161 - Board is not supported: NUCLEO-C092RC
2025-04-02 11:20:23,826 [INFO] BoardInfo:889 - No configuration file found for board NUCLEO-N657X0-Q
2025-04-02 11:20:23,827 [INFO] DbBoards:161 - Board is not supported: NUCLEO-N657X0-Q
2025-04-02 11:20:23,834 [INFO] BoardInfo:889 - No configuration file found for board NUCLEO-WB05KZ
2025-04-02 11:20:23,834 [INFO] DbBoards:161 - Board is not supported: NUCLEO-WB05KZ
2025-04-02 11:20:23,835 [INFO] BoardInfo:889 - No configuration file found for board NUCLEO-WB07CC
2025-04-02 11:20:23,836 [INFO] DbBoards:161 - Board is not supported: NUCLEO-WB07CC
2025-04-02 11:20:23,837 [INFO] BoardInfo:889 - No configuration file found for board NUCLEO-WB09KE
2025-04-02 11:20:23,837 [INFO] DbBoards:161 - Board is not supported: NUCLEO-WB09KE
2025-04-02 11:20:23,844 [INFO] BoardInfo:889 - No configuration file found for board NUCLEO-WBA65RI
2025-04-02 11:20:23,844 [INFO] DbBoards:161 - Board is not supported: NUCLEO-WBA65RI
2025-04-02 11:20:23,845 [INFO] BoardInfo:889 - No configuration file found for board NUCLEO-WL33CC1
2025-04-02 11:20:23,846 [INFO] DbBoards:161 - Board is not supported: NUCLEO-WL33CC1
2025-04-02 11:20:23,847 [INFO] BoardInfo:889 - No configuration file found for board NUCLEO-WL33CC2
2025-04-02 11:20:23,847 [INFO] DbBoards:161 - Board is not supported: NUCLEO-WL33CC2
2025-04-02 11:20:23,853 [INFO] BoardInfo:889 - No configuration file found for board P-NUCLEO-WB55
2025-04-02 11:20:23,853 [INFO] DbBoards:161 - Kit is not supported: P-NUCLEO-WB55
2025-04-02 11:20:23,859 [INFO] BoardInfo:889 - No configuration file found for board STEVAL-BFA001V1B
2025-04-02 11:20:23,860 [INFO] DbBoards:161 - Kit is not supported: STEVAL-BFA001V1B
2025-04-02 11:20:23,861 [INFO] BoardInfo:889 - No configuration file found for board STEVAL-BFA001V2B
2025-04-02 11:20:23,861 [INFO] DbBoards:161 - Kit is not supported: STEVAL-BFA001V2B
2025-04-02 11:20:24,006 [INFO] BoardInfo:889 - No configuration file found for board STM32MP257F-DK
2025-04-02 11:20:24,006 [INFO] DbBoards:161 - Board is not supported: STM32MP257F-DK
2025-04-02 11:20:24,007 [INFO] BoardInfo:889 - No configuration file found for board STM32MP257F-EV1
2025-04-02 11:20:24,008 [INFO] DbBoards:161 - Board is not supported: STM32MP257F-EV1
2025-04-02 11:20:24,009 [INFO] BoardInfo:889 - No configuration file found for board STM32N6570-DK
2025-04-02 11:20:24,010 [INFO] DbBoards:161 - Board is not supported: STM32N6570-DK
2025-04-02 11:20:24,022 [INFO] BoardInfo:889 - No configuration file found for board STM32WBA65I-DK1
2025-04-02 11:20:24,022 [INFO] DbBoards:161 - Board is not supported: STM32WBA65I-DK1
2025-04-02 11:20:24,023 [INFO] DbBoards:168 - Found 209 boards, 192 are supported
2025-04-02 11:20:24,023 [INFO] DbBoards:169 - Found 209 boards, 8 of them is supported for  Bsp
2025-04-02 11:20:24,026 [INFO] ApiDb:423 - Load user favorites file C:\Users\racin/.stm32cubeide/favorites.boards.txt: 0 item(s)
2025-04-02 11:20:24,027 [INFO] ApiDb:427 - User favorites Boards=[]
2025-04-02 11:20:24,027 [INFO] DbBoards:198 - Set 0 / 0 favorites Boards
2025-04-02 11:20:24,090 [INFO] UtilMem:75 - End LoadConfig() Used Memory: 692534328 Bytes (1073741824)
2025-04-02 11:20:24,305 [WARN] ThirdParty:833 - waiting for thirdparty lock release [change project]
2025-04-02 11:20:24,306 [INFO] ThirdParty:835 - entering critical section [change project]
2025-04-02 11:20:24,306 [INFO] ThirdParty:1030 - CMSIS Pack Vendor :STMicroelectronics USBPD 4.1
2025-04-02 11:20:24,306 [INFO] ThirdParty:1030 - CMSIS Pack Vendor :STMicroelectronics X-CUBE-GNSS1 6.0.0
2025-04-02 11:20:24,306 [INFO] ThirdParty:1030 - CMSIS Pack Vendor :STMicroelectronics USB_HOST 2.0.0
2025-04-02 11:20:24,306 [INFO] ThirdParty:1030 - CMSIS Pack Vendor :STMicroelectronics FP-SNS-MOTENVWB1 1.4.0
2025-04-02 11:20:24,306 [INFO] ThirdParty:1030 - CMSIS Pack Vendor :STMicroelectronics X-CUBE-AZRTOS-F4 1.1.0
2025-04-02 11:20:24,306 [INFO] ThirdParty:1030 - CMSIS Pack Vendor :STMicroelectronics LIBJPEG 8.0.0
2025-04-02 11:20:24,306 [INFO] ThirdParty:1030 - CMSIS Pack Vendor :STMicroelectronics FP-ATR-ASTRA1 2.0.2
2025-04-02 11:20:24,306 [INFO] ThirdParty:1030 - CMSIS Pack Vendor :STMicroelectronics X-CUBE-SMBUS 2.1.0
2025-04-02 11:20:24,307 [INFO] ThirdParty:1030 - CMSIS Pack Vendor :STMicroelectronics X-CUBE-WB05N 1.1.0
2025-04-02 11:20:24,307 [INFO] ThirdParty:1030 - CMSIS Pack Vendor :STMicroelectronics X-CUBE-ISPU 2.1.0
2025-04-02 11:20:24,307 [INFO] ThirdParty:1030 - CMSIS Pack Vendor :STMicroelectronics X-CUBE-FREERTOS 1.2.0
2025-04-02 11:20:24,307 [INFO] ThirdParty:1030 - CMSIS Pack Vendor :STMicroelectronics X-CUBE-TOUCHGFX 4.23.2
2025-04-02 11:20:24,307 [INFO] ThirdParty:1030 - CMSIS Pack Vendor :STMicroelectronics X-CUBE-AZRTOS-F7 1.1.0
2025-04-02 11:20:24,307 [INFO] ThirdParty:1030 - CMSIS Pack Vendor :STMicroelectronics X-CUBE-AZRTOS-L5 2.0.0
2025-04-02 11:20:24,307 [INFO] ThirdParty:1030 - CMSIS Pack Vendor :STMicroelectronics USB_DEVICE 2.0.0
2025-04-02 11:20:24,307 [INFO] ThirdParty:1030 - CMSIS Pack Vendor :STMicroelectronics X-CUBE-NFC6 3.1.0
2025-04-02 11:20:24,307 [INFO] ThirdParty:1030 - CMSIS Pack Vendor :STMicroelectronics X-CUBE-MEMS1 11.0.0
2025-04-02 11:20:24,307 [INFO] ThirdParty:1030 - CMSIS Pack Vendor :STMicroelectronics FreeRTOS 0.0.1
2025-04-02 11:20:24,307 [INFO] ThirdParty:1030 - CMSIS Pack Vendor :STMicroelectronics X-CUBE-DPower 1.2.0
2025-04-02 11:20:24,307 [INFO] ThirdParty:1030 - CMSIS Pack Vendor :STMicroelectronics FP-SNS-FLIGHT1 5.0.2
2025-04-02 11:20:24,307 [INFO] ThirdParty:1030 - CMSIS Pack Vendor :STMicroelectronics X-CUBE-AI 9.0.0
2025-04-02 11:20:24,307 [INFO] ThirdParty:1030 - CMSIS Pack Vendor :STMicroelectronics PDM2PCM 3.3.0
2025-04-02 11:20:24,307 [INFO] ThirdParty:1030 - CMSIS Pack Vendor :STMicroelectronics X-CUBE-DISPLAY 3.0.0
2025-04-02 11:20:24,308 [INFO] ThirdParty:1030 - CMSIS Pack Vendor :STMicroelectronics X-CUBE-BLE1 7.0.0
2025-04-02 11:20:24,308 [INFO] ThirdParty:1030 - CMSIS Pack Vendor :STMicroelectronics X-CUBE-NFC10 1.0.0
2025-04-02 11:20:24,308 [INFO] ThirdParty:1030 - CMSIS Pack Vendor :STMicroelectronics X-CUBE-BLEMGR 4.0.0
2025-04-02 11:20:24,308 [INFO] ThirdParty:1030 - CMSIS Pack Vendor :STMicroelectronics HAL Drivers 0.0.0
2025-04-02 11:20:24,308 [INFO] ThirdParty:1030 - CMSIS Pack Vendor :emotas I-CUBE-CANOPEN 1.3.0
2025-04-02 11:20:24,309 [INFO] ThirdParty:1030 - CMSIS Pack Vendor :STMicroelectronics X-CUBE-FREERTOS 1.3.0
2025-04-02 11:20:24,309 [INFO] ThirdParty:1030 - CMSIS Pack Vendor :STMicroelectronics X-CUBE-NFC7 1.0.1
2025-04-02 11:20:24,309 [INFO] ThirdParty:1030 - CMSIS Pack Vendor :STMicroelectronics MBEDTLS 2.14.1
2025-04-02 11:20:24,309 [INFO] ThirdParty:1030 - CMSIS Pack Vendor :wolfSSL I-CUBE-wolfTPM 3.2.0
2025-04-02 11:20:24,309 [INFO] ThirdParty:1030 - CMSIS Pack Vendor :quantropi X-CUBE-qispace-sdk-base 2.0.0
2025-04-02 11:20:24,309 [INFO] ThirdParty:1030 - CMSIS Pack Vendor :STMicroelectronics X-CUBE-BLEMGR 3.1.0
2025-04-02 11:20:24,309 [INFO] ThirdParty:1030 - CMSIS Pack Vendor :STMicroelectronics X-CUBE-AI 10.0.0
2025-04-02 11:20:24,309 [INFO] ThirdParty:1030 - CMSIS Pack Vendor :STMicroelectronics FP-SNS-SMARTAG2 1.2.0
2025-04-02 11:20:24,309 [INFO] ThirdParty:1030 - CMSIS Pack Vendor :STMicroelectronics X-CUBE-MEMS1 11.1.0
2025-04-02 11:20:24,309 [INFO] ThirdParty:1030 - CMSIS Pack Vendor :STMicroelectronics X-CUBE-AZRTOS-WL 2.0.0
2025-04-02 11:20:24,309 [INFO] ThirdParty:1030 - CMSIS Pack Vendor :STMicroelectronics X-CUBE-DPower 1.3.0
2025-04-02 11:20:24,309 [INFO] ThirdParty:1030 - CMSIS Pack Vendor :STMicroelectronics FP-SNS-MOTENV1 5.0.0
2025-04-02 11:20:24,309 [INFO] ThirdParty:1030 - CMSIS Pack Vendor :STMicroelectronics USB_DEVICE 1.0.0
2025-04-02 11:20:24,309 [INFO] ThirdParty:1030 - CMSIS Pack Vendor :STMicroelectronics X-CUBE-AI 8.1.0
2025-04-02 11:20:24,309 [INFO] ThirdParty:1030 - CMSIS Pack Vendor :wolfSSL I-CUBE-wolfMQTT 1.19.0
2025-04-02 11:20:24,309 [INFO] ThirdParty:1030 - CMSIS Pack Vendor :STMicroelectronics X-CUBE-AZRTOS-L4 2.0.0
2025-04-02 11:20:24,309 [INFO] ThirdParty:1030 - CMSIS Pack Vendor :STMicroelectronics ThreadX 0.0.2
2025-04-02 11:20:24,309 [INFO] ThirdParty:1030 - CMSIS Pack Vendor :WES I-CUBE-Cesium 1.3.0
2025-04-02 11:20:24,309 [INFO] ThirdParty:1030 - CMSIS Pack Vendor :STMicroelectronics lwIP 2.1.2
2025-04-02 11:20:24,310 [INFO] ThirdParty:1030 - CMSIS Pack Vendor :STMicroelectronics X-CUBE-SFXS2LP1 4.0.0
2025-04-02 11:20:24,310 [INFO] ThirdParty:1030 - CMSIS Pack Vendor :STMicroelectronics X-CUBE-BLE2 3.3.0
2025-04-02 11:20:24,310 [INFO] ThirdParty:1030 - CMSIS Pack Vendor :STMicroelectronics PDM2PCM 3.2.0
2025-04-02 11:20:24,310 [INFO] ThirdParty:1030 - CMSIS Pack Vendor :STMicroelectronics X-CUBE-AZRTOS-H7 3.3.0
2025-04-02 11:20:24,310 [INFO] ThirdParty:1030 - CMSIS Pack Vendor :STMicroelectronics X-CUBE-NFC9 1.0.0
2025-04-02 11:20:24,310 [INFO] ThirdParty:1030 - CMSIS Pack Vendor :STMicroelectronics X-CUBE-BLE1 7.1.0
2025-04-02 11:20:24,310 [INFO] ThirdParty:1030 - CMSIS Pack Vendor :STMicroelectronics USB_DEVICE 3.0.0
2025-04-02 11:20:24,310 [INFO] ThirdParty:1030 - CMSIS Pack Vendor :STMicroelectronics X-CUBE-TCPP 4.1.0
2025-04-02 11:20:24,310 [INFO] ThirdParty:1030 - CMSIS Pack Vendor :STMicroelectronics X-CUBE-IPS 3.0.0
2025-04-02 11:20:24,310 [INFO] ThirdParty:1030 - CMSIS Pack Vendor :STMicroelectronics X-CUBE-AZRTOS-WB 2.0.0
2025-04-02 11:20:24,310 [INFO] ThirdParty:1030 - CMSIS Pack Vendor :STMicroelectronics X-CUBE-GNSS1 7.0.0
2025-04-02 11:20:24,310 [INFO] ThirdParty:1030 - CMSIS Pack Vendor :STMicroelectronics X-CUBE-GNSS1 7.0.1
2025-04-02 11:20:24,310 [INFO] ThirdParty:1030 - CMSIS Pack Vendor :STMicroelectronics X-CUBE-TOUCHGFX 4.25.0
2025-04-02 11:20:24,310 [INFO] ThirdParty:1030 - CMSIS Pack Vendor :STMicroelectronics FP-SNS-STBOX1 2.0.0
2025-04-02 11:20:24,310 [INFO] ThirdParty:1030 - CMSIS Pack Vendor :STMicroelectronics X-CUBE-ALGOBUILD 1.3.0
2025-04-02 11:20:24,310 [INFO] ThirdParty:1030 - CMSIS Pack Vendor :STMicroelectronics X-CUBE-AZRTOS-G0 1.1.0
2025-04-02 11:20:24,310 [INFO] ThirdParty:1030 - CMSIS Pack Vendor :STMicroelectronics X-CUBE-SAFEA1 1.2.2
2025-04-02 11:20:24,310 [INFO] ThirdParty:1030 - CMSIS Pack Vendor :STMicroelectronics X-CUBE-NFC4 3.0.0
2025-04-02 11:20:24,310 [INFO] ThirdParty:1030 - CMSIS Pack Vendor :STMicroelectronics X-CUBE-SUBG2 5.0.0
2025-04-02 11:20:24,310 [INFO] ThirdParty:1030 - CMSIS Pack Vendor :STMicroelectronics X-CUBE-AZRTOS-H7RS 1.1.0
2025-04-02 11:20:24,310 [INFO] ThirdParty:1030 - CMSIS Pack Vendor :STMicroelectronics STM32_WPAN 1.0.0
2025-04-02 11:20:24,310 [INFO] ThirdParty:1030 - CMSIS Pack Vendor :EmbeddedOffice I-CUBE-FS-RTOS 1.0.1
2025-04-02 11:20:24,310 [INFO] ThirdParty:1030 - CMSIS Pack Vendor :STMicroelectronics lwIP 2.0.3
2025-04-02 11:20:24,311 [INFO] ThirdParty:1030 - CMSIS Pack Vendor :Cesanta I-CUBE-Mongoose 7.13.0
2025-04-02 11:20:24,311 [INFO] ThirdParty:1030 - CMSIS Pack Vendor :STMicroelectronics USB_HOST 1.0.0
2025-04-02 11:20:24,311 [INFO] ThirdParty:1030 - CMSIS Pack Vendor :STMicroelectronics X-CUBE-AZRTOS-G4 2.0.0
2025-04-02 11:20:24,311 [INFO] ThirdParty:1030 - CMSIS Pack Vendor :STMicroelectronics PDM2PCM 3.1.0
2025-04-02 11:20:24,311 [INFO] ThirdParty:1030 - CMSIS Pack Vendor :RealThread X-CUBE-RT-Thread_Nano 4.1.1
2025-04-02 11:20:24,311 [INFO] ThirdParty:1030 - CMSIS Pack Vendor :wolfSSL I-CUBE-wolfSSL 5.7.0
2025-04-02 11:20:24,311 [INFO] ThirdParty:1030 - CMSIS Pack Vendor :STMicroelectronics FP-SNS-MOTENVWB1 1.3.1
2025-04-02 11:20:24,311 [INFO] ThirdParty:1030 - CMSIS Pack Vendor :STMicroelectronics FP-ATR-SIGFOX1 3.2.0
2025-04-02 11:20:24,311 [INFO] ThirdParty:1030 - CMSIS Pack Vendor :STMicroelectronics X-CUBE-ISPU 2.0.0
2025-04-02 11:20:24,311 [INFO] ThirdParty:1030 - CMSIS Pack Vendor :STMicroelectronics X-CUBE-EEPRMA1 5.1.0
2025-04-02 11:20:24,311 [INFO] ThirdParty:1030 - CMSIS Pack Vendor :STMicroelectronics MBEDTLS 2.16.2
2025-04-02 11:20:24,311 [INFO] ThirdParty:1030 - CMSIS Pack Vendor :STMicroelectronics X-CUBE-ALS 1.0.2
2025-04-02 11:20:24,311 [INFO] ThirdParty:1030 - CMSIS Pack Vendor :STMicroelectronics X-CUBE-MEMS1 10.0.0
2025-04-02 11:20:24,311 [INFO] ThirdParty:1030 - CMSIS Pack Vendor :STMicroelectronics X-CUBE-FREERTOS 1.1.0
2025-04-02 11:20:24,311 [INFO] ThirdParty:1030 - CMSIS Pack Vendor :STMicroelectronics X-CUBE-TOUCHGFX 4.24.0
2025-04-02 11:20:24,311 [INFO] ThirdParty:1030 - CMSIS Pack Vendor :ITTIA_DB I-CUBE-ITTIADB 8.9.0
2025-04-02 11:20:24,311 [INFO] ThirdParty:1030 - CMSIS Pack Vendor :STMicroelectronics X-CUBE-TOUCHGFX 4.24.1
2025-04-02 11:20:24,311 [INFO] ThirdParty:1030 - CMSIS Pack Vendor :portGmbH I-Cube-SoM-uGOAL 1.1.0
2025-04-02 11:20:24,311 [INFO] ThirdParty:1030 - CMSIS Pack Vendor :STMicroelectronics X-CUBE-ALS 1.0.1
2025-04-02 11:20:24,311 [INFO] ThirdParty:1030 - CMSIS Pack Vendor :STMicroelectronics ThreadX 1.0.0
2025-04-02 11:20:24,311 [INFO] ThirdParty:1030 - CMSIS Pack Vendor :SEGGER I-CUBE-embOS 1.3.1
2025-04-02 11:20:24,312 [INFO] ThirdParty:1030 - CMSIS Pack Vendor :STMicroelectronics X-CUBE-ALGOBUILD 1.4.0
2025-04-02 11:20:24,312 [INFO] ThirdParty:1030 - CMSIS Pack Vendor :STMicroelectronics X-CUBE-AZRTOS-H7RS 1.0.0
2025-04-02 11:20:24,312 [INFO] ThirdParty:1030 - CMSIS Pack Vendor :STMicroelectronics FP-ATR-ASTRA1 2.0.0
2025-04-02 11:20:24,312 [INFO] ThirdParty:1030 - CMSIS Pack Vendor :STMicroelectronics X-CUBE-TOF1 3.4.2
2025-04-02 11:20:24,312 [INFO] ThirdParty:1030 - CMSIS Pack Vendor :STMicroelectronics X-CUBE-AI 9.1.0
2025-04-02 11:20:24,312 [INFO] ThirdParty:1030 - CMSIS Pack Vendor :STMicroelectronics X-CUBE-TOF1 3.4.1
2025-04-02 11:20:24,312 [INFO] ThirdParty:1030 - CMSIS Pack Vendor :STMicroelectronics X-CUBE-AZRTOS-H7 3.2.0
2025-04-02 11:20:24,312 [INFO] ThirdParty:1030 - CMSIS Pack Vendor :Infineon AIROC-Wi-Fi-Bluetooth-STM32 1.6.0
2025-04-02 11:20:24,312 [INFO] ThirdParty:1030 - CMSIS Pack Vendor :wolfSSL I-CUBE-wolfSSH 1.4.17
2025-04-02 11:20:24,312 [INFO] ThirdParty:841 - exiting critical section [change project]
2025-04-02 11:20:25,074 [INFO] PinOutPanel:1561 - setPackage(No Configuration,No Configuration)
2025-04-02 11:20:25,076 [INFO] PinOutPanel:1561 - setPackage(STM32F767VITx,LQFP100)
2025-04-02 11:20:26,062 [INFO] UtilMem:75 - Before build in PCC Used Memory: 697534744 Bytes (1073741824)
2025-04-02 11:20:27,692 [INFO] UtilMem:75 - After build in PCC Used Memory: 801341720 Bytes (1073741824)
2025-04-02 11:20:27,742 [INFO] IPUIPlugin:80 - create IPUIPlugin
2025-04-02 11:20:27,742 [INFO] IPUIPlugin:80 - create IPUIPlugin
2025-04-02 11:20:27,742 [INFO] IPUIPlugin:80 - create IPUIPlugin
2025-04-02 11:20:27,742 [INFO] IPUIPlugin:80 - create IPUIPlugin
2025-04-02 11:20:27,742 [INFO] IPUIPlugin:80 - create IPUIPlugin
2025-04-02 11:20:27,742 [INFO] IPUIPlugin:80 - create IPUIPlugin
2025-04-02 11:20:27,743 [INFO] IPUIPlugin:80 - create IPUIPlugin
2025-04-02 11:20:27,743 [INFO] IPUIPlugin:80 - create IPUIPlugin
2025-04-02 11:20:27,743 [INFO] IPUIPlugin:80 - create IPUIPlugin
2025-04-02 11:20:27,743 [INFO] IPUIPlugin:80 - create IPUIPlugin
2025-04-02 11:20:27,743 [INFO] IPUIPlugin:80 - create IPUIPlugin
2025-04-02 11:20:27,743 [INFO] IPUIPlugin:80 - create IPUIPlugin
2025-04-02 11:20:27,743 [INFO] IPUIPlugin:80 - create IPUIPlugin
2025-04-02 11:20:27,744 [INFO] IPUIPlugin:80 - create IPUIPlugin
2025-04-02 11:20:27,744 [INFO] IPUIPlugin:80 - create IPUIPlugin
2025-04-02 11:20:27,744 [INFO] IPUIPlugin:80 - create IPUIPlugin
2025-04-02 11:20:27,744 [INFO] IPUIPlugin:80 - create IPUIPlugin
2025-04-02 11:20:27,744 [INFO] IPUIPlugin:80 - create IPUIPlugin
2025-04-02 11:20:27,744 [INFO] IPUIPlugin:80 - create IPUIPlugin
2025-04-02 11:20:27,744 [INFO] IPUIPlugin:80 - create IPUIPlugin
2025-04-02 11:20:27,745 [INFO] IPUIPlugin:80 - create IPUIPlugin
2025-04-02 11:20:27,745 [INFO] IPUIPlugin:80 - create IPUIPlugin
2025-04-02 11:20:27,745 [INFO] IPUIPlugin:80 - create IPUIPlugin
2025-04-02 11:20:27,745 [INFO] IPUIPlugin:80 - create IPUIPlugin
2025-04-02 11:20:27,745 [INFO] IPUIPlugin:80 - create IPUIPlugin
2025-04-02 11:20:27,746 [INFO] IPUIPlugin:80 - create IPUIPlugin
2025-04-02 11:20:27,746 [INFO] IPUIPlugin:80 - create IPUIPlugin
2025-04-02 11:20:27,746 [INFO] IPUIPlugin:80 - create IPUIPlugin
2025-04-02 11:20:27,746 [INFO] IPUIPlugin:80 - create IPUIPlugin
2025-04-02 11:20:27,747 [INFO] IPUIPlugin:80 - create IPUIPlugin
2025-04-02 11:20:27,747 [INFO] IPUIPlugin:80 - create IPUIPlugin
2025-04-02 11:20:27,747 [INFO] IPUIPlugin:80 - create IPUIPlugin
2025-04-02 11:20:27,747 [INFO] IPUIPlugin:80 - create IPUIPlugin
2025-04-02 11:20:27,748 [INFO] IPUIPlugin:80 - create IPUIPlugin
2025-04-02 11:20:27,748 [INFO] IPUIPlugin:80 - create IPUIPlugin
2025-04-02 11:20:27,748 [INFO] IPUIPlugin:80 - create IPUIPlugin
2025-04-02 11:20:27,748 [INFO] IPUIPlugin:80 - create IPUIPlugin
2025-04-02 11:20:27,749 [INFO] IPUIPlugin:80 - create IPUIPlugin
2025-04-02 11:20:27,750 [INFO] IPUIPlugin:80 - create IPUIPlugin
2025-04-02 11:20:27,750 [INFO] IPUIPlugin:80 - create IPUIPlugin
2025-04-02 11:20:27,750 [INFO] IPUIPlugin:80 - create IPUIPlugin
2025-04-02 11:20:27,750 [INFO] IPUIPlugin:80 - create IPUIPlugin
2025-04-02 11:20:27,751 [INFO] IPUIPlugin:80 - create IPUIPlugin
2025-04-02 11:20:27,751 [INFO] IPUIPlugin:80 - create IPUIPlugin
2025-04-02 11:20:27,751 [INFO] IPUIPlugin:80 - create IPUIPlugin
2025-04-02 11:20:27,752 [INFO] IPUIPlugin:80 - create IPUIPlugin
2025-04-02 11:20:27,752 [INFO] IPUIPlugin:80 - create IPUIPlugin
2025-04-02 11:20:27,752 [INFO] IPUIPlugin:80 - create IPUIPlugin
2025-04-02 11:20:27,752 [INFO] IPUIPlugin:80 - create IPUIPlugin
2025-04-02 11:20:27,753 [INFO] IPUIPlugin:80 - create IPUIPlugin
2025-04-02 11:20:27,753 [INFO] IPUIPlugin:80 - create IPUIPlugin
2025-04-02 11:20:27,753 [INFO] IPUIPlugin:80 - create IPUIPlugin
2025-04-02 11:20:27,753 [INFO] IPUIPlugin:80 - create IPUIPlugin
2025-04-02 11:20:27,754 [INFO] IPUIPlugin:80 - create IPUIPlugin
2025-04-02 11:20:27,754 [INFO] IPUIPlugin:80 - create IPUIPlugin
2025-04-02 11:20:27,754 [INFO] IPUIPlugin:80 - create IPUIPlugin
2025-04-02 11:20:27,754 [INFO] IPUIPlugin:80 - create IPUIPlugin
2025-04-02 11:20:27,755 [INFO] IPUIPlugin:80 - create IPUIPlugin
2025-04-02 11:20:27,755 [INFO] IPUIPlugin:80 - create IPUIPlugin
2025-04-02 11:20:27,755 [INFO] IPUIPlugin:80 - create IPUIPlugin
2025-04-02 11:20:27,756 [INFO] IPUIPlugin:80 - create IPUIPlugin
2025-04-02 11:20:27,756 [INFO] IPUIPlugin:80 - create IPUIPlugin
2025-04-02 11:20:27,757 [INFO] IPUIPlugin:80 - create IPUIPlugin
2025-04-02 11:20:27,757 [INFO] IPUIPlugin:80 - create IPUIPlugin
2025-04-02 11:20:27,758 [INFO] IPUIPlugin:80 - create IPUIPlugin
2025-04-02 11:20:27,758 [INFO] IPUIPlugin:80 - create IPUIPlugin
2025-04-02 11:20:27,759 [INFO] IPUIPlugin:80 - create IPUIPlugin
2025-04-02 11:20:27,759 [INFO] IPUIPlugin:80 - create IPUIPlugin
2025-04-02 11:20:27,760 [INFO] IPUIPlugin:80 - create IPUIPlugin
2025-04-02 11:20:27,760 [INFO] IPUIPlugin:80 - create IPUIPlugin
2025-04-02 11:20:27,760 [INFO] IPUIPlugin:80 - create IPUIPlugin
2025-04-02 11:20:27,761 [INFO] IPUIPlugin:80 - create IPUIPlugin
2025-04-02 11:20:27,761 [INFO] IPUIPlugin:80 - create IPUIPlugin
2025-04-02 11:20:27,761 [INFO] IPUIPlugin:80 - create IPUIPlugin
2025-04-02 11:20:27,762 [INFO] IPUIPlugin:80 - create IPUIPlugin
2025-04-02 11:20:27,762 [INFO] IPUIPlugin:80 - create IPUIPlugin
2025-04-02 11:20:27,763 [INFO] IPUIPlugin:80 - create IPUIPlugin
2025-04-02 11:20:27,763 [INFO] IPUIPlugin:80 - create IPUIPlugin
2025-04-02 11:20:27,856 [INFO] ApiDbMcu:508 - Load IP Config File for PDM2PCM
2025-04-02 11:20:27,871 [INFO] Can:71 - Can Add PropertyChangeListener com.st.microxplorer.plugins.ip.can.Can@273fd8a9
2025-04-02 11:20:27,872 [INFO] Can:71 - Can Add PropertyChangeListener com.st.microxplorer.plugins.ip.can.Can@2a214de2
2025-04-02 11:20:28,126 [INFO] CADModel:165 - CPN selected for project levelSTM32F767VIT7
2025-04-02 11:20:28,126 [INFO] CADModel:114 - Register for checkConnection events
2025-04-02 11:20:28,186 [INFO] OpenFileManager:343 - Restore cursor
2025-04-02 11:23:11,268 [INFO] NvicIntPanel:101 - NVIC parent = com.st.microxplorer.plugins.ip.nvic.MultiNvicIntPanel[,0,0,0x0,invalid,layout=javax.swing.BoxLayout,alignmentX=0.0,alignmentY=0.0,border=,flags=9,maximumSize=,minimumSize=,preferredSize=]
2025-04-02 13:21:01,665 [INFO] NvicIntPanel:101 - NVIC parent = com.st.microxplorer.plugins.ip.nvic.MultiNvicIntPanel[,0,0,0x0,invalid,layout=javax.swing.BoxLayout,alignmentX=0.0,alignmentY=0.0,border=,flags=9,maximumSize=,minimumSize=,preferredSize=]
2025-04-02 13:21:03,275 [INFO] NvicIntPanel:101 - NVIC parent = com.st.microxplorer.plugins.ip.nvic.MultiNvicIntPanel[,0,0,0x0,invalid,layout=javax.swing.BoxLayout,alignmentX=0.0,alignmentY=0.0,border=,flags=9,maximumSize=,minimumSize=,preferredSize=]
2025-04-02 14:30:35,245 [INFO] UtilMem:75 - End SaveConfig() Used Memory: 824760640 Bytes (1073741824)
2025-04-02 14:30:36,213 [INFO] UtilMem:75 - End SaveConfig() Used Memory: 872468800 Bytes (1073741824)
2025-04-02 14:30:40,492 [INFO] UtilMem:75 - End SaveConfig() Used Memory: 922800448 Bytes (1073741824)
2025-04-02 14:30:41,162 [INFO] BlockDiagram:2759 - set Specific Code input for plugin: CAN
2025-04-02 14:30:41,162 [INFO] BlockDiagram:2759 - set Specific Code input for plugin: TIM1_8F77
2025-04-02 14:30:41,162 [INFO] BlockDiagram:2759 - set Specific Code input for plugin: CAN
2025-04-02 14:30:41,162 [INFO] BlockDiagram:2759 - set Specific Code input for plugin: SYS
2025-04-02 14:30:41,162 [INFO] BlockDiagram:2759 - set Specific Code input for plugin: RCC
2025-04-02 14:30:41,162 [INFO] BlockDiagram:2759 - set Specific Code input for plugin: NVIC
2025-04-02 14:30:41,162 [INFO] BlockDiagram:2759 - set Specific Code input for plugin: CORTEX_M7
2025-04-02 14:30:41,163 [INFO] BlockDiagram:2759 - set Specific Code input for plugin: GPIO
2025-04-02 14:30:41,164 [INFO] CodeGenerator:807 - code generatio: config db path: C:\ST\STM32CubeIDE_1.15.0\STM32CubeIDE\plugins\com.st.stm32cube.common.mx_6.11.0.202403141607\\db\
2025-04-02 14:30:41,554 [INFO] CodeEngine:255 - oldGeneratedFile, C:\Users\racin\Documents\GitHub\VCU_Firmware\VCU_Firmware\MXTmpFiles\license.tmp_save
2025-04-02 14:30:42,314 [INFO] CodeEngine:279 - Generated code: C:\Users\racin\Documents\GitHub\VCU_Firmware\VCU_Firmware\MXTmpFiles\license.tmp
2025-04-02 14:30:42,456 [INFO] CodeEngine:255 - oldGeneratedFile, C:\Users\racin\Documents\GitHub\VCU_Firmware\VCU_Firmware\Core\Src\gpio.c_save
2025-04-02 14:30:42,684 [INFO] CodeEngine:279 - Generated code: C:\Users\racin\Documents\GitHub\VCU_Firmware\VCU_Firmware\Core\Src\gpio.c
2025-04-02 14:30:42,706 [INFO] CodeEngine:255 - oldGeneratedFile, C:\Users\racin\Documents\GitHub\VCU_Firmware\VCU_Firmware\Core\Inc\gpio.h_save
2025-04-02 14:30:42,818 [INFO] CodeEngine:279 - Generated code: C:\Users\racin\Documents\GitHub\VCU_Firmware\VCU_Firmware\Core\Inc\gpio.h
2025-04-02 14:30:43,221 [INFO] CodeEngine:255 - oldGeneratedFile, C:\Users\racin\Documents\GitHub\VCU_Firmware\VCU_Firmware\Core\Src\can.c_save
2025-04-02 14:30:43,441 [INFO] CodeEngine:279 - Generated code: C:\Users\racin\Documents\GitHub\VCU_Firmware\VCU_Firmware\Core\Src\can.c
2025-04-02 14:30:43,471 [INFO] CodeEngine:255 - oldGeneratedFile, C:\Users\racin\Documents\GitHub\VCU_Firmware\VCU_Firmware\Core\Inc\can.h_save
2025-04-02 14:30:43,597 [INFO] CodeEngine:279 - Generated code: C:\Users\racin\Documents\GitHub\VCU_Firmware\VCU_Firmware\Core\Inc\can.h
2025-04-02 14:30:43,620 [INFO] CodeEngine:255 - oldGeneratedFile, C:\Users\racin\Documents\GitHub\VCU_Firmware\VCU_Firmware\MXTmpFiles\cortex.tmp_save
2025-04-02 14:30:43,725 [INFO] CodeEngine:279 - Generated code: C:\Users\racin\Documents\GitHub\VCU_Firmware\VCU_Firmware\MXTmpFiles\cortex.tmp
2025-04-02 14:30:43,750 [INFO] CodeEngine:255 - oldGeneratedFile, C:\Users\racin\Documents\GitHub\VCU_Firmware\VCU_Firmware\Core\Src\tim.c_save
2025-04-02 14:30:43,891 [INFO] CodeEngine:279 - Generated code: C:\Users\racin\Documents\GitHub\VCU_Firmware\VCU_Firmware\Core\Src\tim.c
2025-04-02 14:30:43,898 [INFO] CodeEngine:255 - oldGeneratedFile, C:\Users\racin\Documents\GitHub\VCU_Firmware\VCU_Firmware\Core\Inc\tim.h_save
2025-04-02 14:30:43,988 [INFO] CodeEngine:279 - Generated code: C:\Users\racin\Documents\GitHub\VCU_Firmware\VCU_Firmware\Core\Inc\tim.h
2025-04-02 14:30:44,047 [INFO] CodeEngine:255 - oldGeneratedFile, C:\Users\racin\Documents\GitHub\VCU_Firmware\VCU_Firmware\Core\Src\stm32f7xx_it.c_save
2025-04-02 14:30:44,196 [INFO] CodeEngine:279 - Generated code: C:\Users\racin\Documents\GitHub\VCU_Firmware\VCU_Firmware\Core\Src\stm32f7xx_it.c
2025-04-02 14:30:44,222 [INFO] CodeEngine:255 - oldGeneratedFile, C:\Users\racin\Documents\GitHub\VCU_Firmware\VCU_Firmware\Core\Inc\stm32f7xx_it.h_save
2025-04-02 14:30:44,326 [INFO] CodeEngine:279 - Generated code: C:\Users\racin\Documents\GitHub\VCU_Firmware\VCU_Firmware\Core\Inc\stm32f7xx_it.h
2025-04-02 14:30:44,363 [INFO] CodeEngine:255 - oldGeneratedFile, C:\Users\racin\Documents\GitHub\VCU_Firmware\VCU_Firmware\Core\Src\stm32f7xx_hal_msp.c_save
2025-04-02 14:30:44,482 [INFO] CodeEngine:279 - Generated code: C:\Users\racin\Documents\GitHub\VCU_Firmware\VCU_Firmware\Core\Src\stm32f7xx_hal_msp.c
2025-04-02 14:30:44,497 [INFO] CodeEngine:255 - oldGeneratedFile, C:\Users\racin\Documents\GitHub\VCU_Firmware\VCU_Firmware\MXTmpFiles\system.tmp_save
2025-04-02 14:30:44,563 [INFO] CodeEngine:279 - Generated code: C:\Users\racin\Documents\GitHub\VCU_Firmware\VCU_Firmware\MXTmpFiles\system.tmp
2025-04-02 14:30:44,592 [INFO] CodeEngine:311 - oldGeneratedFile, C:\Users\racin\Documents\GitHub\VCU_Firmware\VCU_Firmware\Core\Inc\stm32f7xx_hal_conf.h_save
2025-04-02 14:30:44,691 [INFO] CodeEngine:335 - Generated code: C:\Users\racin\Documents\GitHub\VCU_Firmware\VCU_Firmware\Core\Inc\stm32f7xx_hal_conf.h
2025-04-02 14:30:44,773 [INFO] CodeEngine:255 - oldGeneratedFile, C:\Users\racin\Documents\GitHub\VCU_Firmware\VCU_Firmware\Core\Inc\main.h_save
2025-04-02 14:30:44,892 [INFO] CodeEngine:279 - Generated code: C:\Users\racin\Documents\GitHub\VCU_Firmware\VCU_Firmware\Core\Inc\main.h
2025-04-02 14:30:44,922 [INFO] CodeEngine:255 - oldGeneratedFile, C:\Users\racin\Documents\GitHub\VCU_Firmware\VCU_Firmware\Core\Src\main.c_save
2025-04-02 14:30:45,089 [INFO] CodeEngine:279 - Generated code: C:\Users\racin\Documents\GitHub\VCU_Firmware\VCU_Firmware\Core\Src\main.c
2025-04-02 14:30:45,507 [INFO] ProjectBuilder:3163 - Time for Copy HAL[1] : 224mS.
2025-04-02 14:30:45,515 [INFO] ProjectBuilder:4736 - Project Generator version: 4.3.0-B58
2025-04-02 14:30:45,622 [INFO] ConfigFileManager:1503 - The Die is : DIE451
2025-04-02 14:30:45,641 [INFO] ApiDbMcu:508 - Load IP Config File for FATFS
2025-04-02 14:30:45,657 [INFO] ApiDbMcu:508 - Load IP Config File for FREERTOS
2025-04-02 14:30:45,670 [INFO] ApiDbMcu:508 - Load IP Config File for LIBJPEG
2025-04-02 14:30:45,688 [INFO] ApiDbMcu:508 - Load IP Config File for LWIP
2025-04-02 14:30:45,705 [INFO] ApiDbMcu:508 - Load IP Config File for MBEDTLS
2025-04-02 14:30:45,724 [INFO] ApiDbMcu:508 - Load IP Config File for USB_DEVICE
2025-04-02 14:30:45,739 [INFO] ApiDbMcu:508 - Load IP Config File for USB_HOST
2025-04-02 14:30:46,679 [INFO] LogOutputStream:77 - [STDOUT_REDIRECT] 
2025-04-02 14:30:49,443 [INFO] ProjectBuilder:5002 - Time for Generating toolchain IDE Files: 3928mS.
2025-04-02 14:30:49,444 [INFO] ProjectBuilder:3034 - Time for Copy CMSIS : 0mS.
2025-04-02 14:30:49,447 [INFO] ProjectBuilder:3034 - Time for Copy CMSIS : 0mS.
2025-04-02 14:46:57,401 [INFO] NvicIntPanel:101 - NVIC parent = com.st.microxplorer.plugins.ip.nvic.MultiNvicIntPanel[,0,0,0x0,invalid,layout=javax.swing.BoxLayout,alignmentX=0.0,alignmentY=0.0,border=,flags=9,maximumSize=,minimumSize=,preferredSize=]
2025-04-02 14:56:43,251 [INFO] UtilMem:75 - End SaveConfig() Used Memory: 743834424 Bytes (1073741824)
2025-04-02 14:56:44,676 [INFO] UtilMem:75 - End SaveConfig() Used Memory: 846628576 Bytes (1073741824)
2025-04-02 14:56:44,982 [INFO] UtilMem:75 - End SaveConfig() Used Memory: 931155656 Bytes (1073741824)
2025-04-02 14:56:45,203 [INFO] BlockDiagram:2759 - set Specific Code input for plugin: CAN
2025-04-02 14:56:45,203 [INFO] BlockDiagram:2759 - set Specific Code input for plugin: TIM1_8F77
2025-04-02 14:56:45,204 [INFO] BlockDiagram:2759 - set Specific Code input for plugin: CAN
2025-04-02 14:56:45,204 [INFO] BlockDiagram:2759 - set Specific Code input for plugin: SYS
2025-04-02 14:56:45,204 [INFO] BlockDiagram:2759 - set Specific Code input for plugin: RCC
2025-04-02 14:56:45,204 [INFO] BlockDiagram:2759 - set Specific Code input for plugin: NVIC
2025-04-02 14:56:45,204 [INFO] BlockDiagram:2759 - set Specific Code input for plugin: CORTEX_M7
2025-04-02 14:56:45,204 [INFO] BlockDiagram:2759 - set Specific Code input for plugin: GPIO
2025-04-02 14:56:45,205 [INFO] CodeGenerator:807 - code generatio: config db path: C:\ST\STM32CubeIDE_1.15.0\STM32CubeIDE\plugins\com.st.stm32cube.common.mx_6.11.0.202403141607\\db\
2025-04-02 14:56:45,354 [INFO] CodeEngine:255 - oldGeneratedFile, C:\Users\racin\Documents\GitHub\VCU_Firmware\VCU_Firmware\MXTmpFiles\license.tmp_save
2025-04-02 14:56:45,545 [INFO] CodeEngine:279 - Generated code: C:\Users\racin\Documents\GitHub\VCU_Firmware\VCU_Firmware\MXTmpFiles\license.tmp
2025-04-02 14:56:45,664 [INFO] CodeEngine:255 - oldGeneratedFile, C:\Users\racin\Documents\GitHub\VCU_Firmware\VCU_Firmware\Core\Src\gpio.c_save
2025-04-02 14:56:45,814 [INFO] CodeEngine:279 - Generated code: C:\Users\racin\Documents\GitHub\VCU_Firmware\VCU_Firmware\Core\Src\gpio.c
2025-04-02 14:56:45,820 [INFO] CodeEngine:255 - oldGeneratedFile, C:\Users\racin\Documents\GitHub\VCU_Firmware\VCU_Firmware\Core\Inc\gpio.h_save
2025-04-02 14:56:45,919 [INFO] CodeEngine:279 - Generated code: C:\Users\racin\Documents\GitHub\VCU_Firmware\VCU_Firmware\Core\Inc\gpio.h
2025-04-02 14:56:46,178 [INFO] CodeEngine:255 - oldGeneratedFile, C:\Users\racin\Documents\GitHub\VCU_Firmware\VCU_Firmware\Core\Src\can.c_save
2025-04-02 14:56:46,425 [INFO] CodeEngine:279 - Generated code: C:\Users\racin\Documents\GitHub\VCU_Firmware\VCU_Firmware\Core\Src\can.c
2025-04-02 14:56:46,449 [INFO] CodeEngine:255 - oldGeneratedFile, C:\Users\racin\Documents\GitHub\VCU_Firmware\VCU_Firmware\Core\Inc\can.h_save
2025-04-02 14:56:46,507 [INFO] CodeEngine:279 - Generated code: C:\Users\racin\Documents\GitHub\VCU_Firmware\VCU_Firmware\Core\Inc\can.h
2025-04-02 14:56:46,516 [INFO] CodeEngine:255 - oldGeneratedFile, C:\Users\racin\Documents\GitHub\VCU_Firmware\VCU_Firmware\MXTmpFiles\cortex.tmp_save
2025-04-02 14:56:46,598 [INFO] CodeEngine:279 - Generated code: C:\Users\racin\Documents\GitHub\VCU_Firmware\VCU_Firmware\MXTmpFiles\cortex.tmp
2025-04-02 14:56:46,620 [INFO] CodeEngine:255 - oldGeneratedFile, C:\Users\racin\Documents\GitHub\VCU_Firmware\VCU_Firmware\Core\Src\tim.c_save
2025-04-02 14:56:46,720 [INFO] CodeEngine:279 - Generated code: C:\Users\racin\Documents\GitHub\VCU_Firmware\VCU_Firmware\Core\Src\tim.c
2025-04-02 14:56:46,726 [INFO] CodeEngine:255 - oldGeneratedFile, C:\Users\racin\Documents\GitHub\VCU_Firmware\VCU_Firmware\Core\Inc\tim.h_save
2025-04-02 14:56:46,804 [INFO] CodeEngine:279 - Generated code: C:\Users\racin\Documents\GitHub\VCU_Firmware\VCU_Firmware\Core\Inc\tim.h
2025-04-02 14:56:46,831 [INFO] CodeEngine:255 - oldGeneratedFile, C:\Users\racin\Documents\GitHub\VCU_Firmware\VCU_Firmware\Core\Src\stm32f7xx_it.c_save
2025-04-02 14:56:47,058 [INFO] CodeEngine:279 - Generated code: C:\Users\racin\Documents\GitHub\VCU_Firmware\VCU_Firmware\Core\Src\stm32f7xx_it.c
2025-04-02 14:56:47,066 [INFO] CodeEngine:255 - oldGeneratedFile, C:\Users\racin\Documents\GitHub\VCU_Firmware\VCU_Firmware\Core\Inc\stm32f7xx_it.h_save
2025-04-02 14:56:47,130 [INFO] CodeEngine:279 - Generated code: C:\Users\racin\Documents\GitHub\VCU_Firmware\VCU_Firmware\Core\Inc\stm32f7xx_it.h
2025-04-02 14:56:47,156 [INFO] CodeEngine:255 - oldGeneratedFile, C:\Users\racin\Documents\GitHub\VCU_Firmware\VCU_Firmware\Core\Src\stm32f7xx_hal_msp.c_save
2025-04-02 14:56:47,252 [INFO] CodeEngine:279 - Generated code: C:\Users\racin\Documents\GitHub\VCU_Firmware\VCU_Firmware\Core\Src\stm32f7xx_hal_msp.c
2025-04-02 14:56:47,257 [INFO] CodeEngine:255 - oldGeneratedFile, C:\Users\racin\Documents\GitHub\VCU_Firmware\VCU_Firmware\MXTmpFiles\system.tmp_save
2025-04-02 14:56:47,319 [INFO] CodeEngine:279 - Generated code: C:\Users\racin\Documents\GitHub\VCU_Firmware\VCU_Firmware\MXTmpFiles\system.tmp
2025-04-02 14:56:47,339 [INFO] CodeEngine:311 - oldGeneratedFile, C:\Users\racin\Documents\GitHub\VCU_Firmware\VCU_Firmware\Core\Inc\stm32f7xx_hal_conf.h_save
2025-04-02 14:56:47,436 [INFO] CodeEngine:335 - Generated code: C:\Users\racin\Documents\GitHub\VCU_Firmware\VCU_Firmware\Core\Inc\stm32f7xx_hal_conf.h
2025-04-02 14:56:47,480 [INFO] CodeEngine:255 - oldGeneratedFile, C:\Users\racin\Documents\GitHub\VCU_Firmware\VCU_Firmware\Core\Inc\main.h_save
2025-04-02 14:56:47,580 [INFO] CodeEngine:279 - Generated code: C:\Users\racin\Documents\GitHub\VCU_Firmware\VCU_Firmware\Core\Inc\main.h
2025-04-02 14:56:47,595 [INFO] CodeEngine:255 - oldGeneratedFile, C:\Users\racin\Documents\GitHub\VCU_Firmware\VCU_Firmware\Core\Src\main.c_save
2025-04-02 14:56:47,688 [INFO] CodeEngine:279 - Generated code: C:\Users\racin\Documents\GitHub\VCU_Firmware\VCU_Firmware\Core\Src\main.c
2025-04-02 14:56:48,016 [INFO] ProjectBuilder:3163 - Time for Copy HAL[1] : 153mS.
2025-04-02 14:56:48,019 [INFO] ProjectBuilder:4736 - Project Generator version: 4.3.0-B58
2025-04-02 14:56:48,097 [INFO] ConfigFileManager:1503 - The Die is : DIE451
2025-04-02 14:56:49,425 [INFO] ProjectBuilder:5002 - Time for Generating toolchain IDE Files: 1406mS.
2025-04-02 14:56:49,426 [INFO] ProjectBuilder:3034 - Time for Copy CMSIS : 1mS.
2025-04-02 14:56:49,428 [INFO] ProjectBuilder:3034 - Time for Copy CMSIS : 0mS.
2025-04-02 15:56:49,703 [INFO] NvicIntPanel:101 - NVIC parent = com.st.microxplorer.plugins.ip.nvic.MultiNvicIntPanel[,0,0,0x0,invalid,layout=javax.swing.BoxLayout,alignmentX=0.0,alignmentY=0.0,border=,flags=9,maximumSize=,minimumSize=,preferredSize=]
2025-06-05 21:26:16,924 [INFO] Activator:176 - 


2025-06-05 21:26:16,926 [INFO] Activator:177 - !SESSION log4j initialized
2025-06-05 21:26:22,432 [INFO] LogOutputStream:77 - [STDOUT_REDIRECT] 
2025-06-05 21:26:24,933 [INFO] ApplicationProperties:184 - Using Application install path: C:\ST\STM32CubeIDE_1.15.0\STM32CubeIDE\plugins\com.st.stm32cube.common.mx_6.11.0.202403141607
2025-06-05 21:26:24,951 [INFO] DbMcusXml:78 - Set database path to: C:\ST\STM32CubeIDE_1.15.0\STM32CubeIDE\plugins\com.st.stm32cube.common.mx_6.11.0.202403141607\\db\/mcu/
2025-06-05 21:26:24,951 [INFO] ApiDb:274 - Set plugin database path to: C:\ST\STM32CubeIDE_1.15.0\STM32CubeIDE\plugins\com.st.stm32cube.common.mx_6.11.0.202403141607\\db\/plugins/boardmanager/
2025-06-05 21:26:24,952 [WARN] ApiDb:259 - Overriding images path with different value:  => C:\ST\STM32CubeIDE_1.15.0\STM32CubeIDE\plugins\com.st.stm32cube.common.mx_6.11.0.202403141607\\db\/plugins/mcufinder/images/
2025-06-05 21:26:24,958 [INFO] ApiDb:250 - Set database path to: C:\Users\racin\.stmcufinder\plugins\mcufinder//mcu/
2025-06-05 21:26:24,959 [INFO] DbMcusAds:125 - Set database path to: C:\Users\racin\.stmcufinder\plugins\mcufinder//mcu/
2025-06-05 21:26:24,961 [INFO] CrossReferenceDbSqlite:203 - Set database path to: C:\Users\racin\.stmcufinder\plugins\mcufinder//mcu/cs/
2025-06-05 21:26:25,100 [INFO] RulesReader:64 - Compatibility file has been processed (297 Rules)
2025-06-05 21:26:25,242 [INFO] DbMcusXml:78 - Set database path to: C:\ST\STM32CubeIDE_1.15.0\STM32CubeIDE\plugins\com.st.stm32cube.common.mx_6.11.0.202403141607\\db\/mcu/
2025-06-05 21:26:25,242 [INFO] ApiDb:274 - Set plugin database path to: C:\ST\STM32CubeIDE_1.15.0\STM32CubeIDE\plugins\com.st.stm32cube.common.mx_6.11.0.202403141607\\db\/plugins/boardmanager/
2025-06-05 21:26:25,242 [INFO] ApiDb:261 - Set plugin images path to: C:\ST\STM32CubeIDE_1.15.0\STM32CubeIDE\plugins\com.st.stm32cube.common.mx_6.11.0.202403141607\\db\/plugins/mcufinder/images/
2025-06-05 21:26:25,242 [WARN] DbFile:41 - Overriding database path with different value: C:\Users\racin\.stmcufinder\plugins\mcufinder/ => C:\Users\racin\.stmcufinder\plugins\mcufinder
2025-06-05 21:26:25,242 [INFO] ApiDb:250 - Set database path to: C:\Users\racin\.stmcufinder\plugins\mcufinder//mcu/
2025-06-05 21:26:25,243 [WARN] DbFile:41 - Overriding database path with different value: C:\Users\racin\.stmcufinder\plugins\mcufinder/ => C:\Users\racin\.stmcufinder\plugins\mcufinder
2025-06-05 21:26:25,243 [INFO] DbMcusAds:125 - Set database path to: C:\Users\racin\.stmcufinder\plugins\mcufinder//mcu/
2025-06-05 21:26:25,243 [WARN] DbFile:41 - Overriding database path with different value: C:\Users\racin\.stmcufinder\plugins\mcufinder/ => C:\Users\racin\.stmcufinder\plugins\mcufinder
2025-06-05 21:26:25,243 [WARN] DbFile:41 - Overriding database path with different value: C:\Users\racin\.stmcufinder\plugins\mcufinder/ => C:\Users\racin\.stmcufinder\plugins\mcufinder
2025-06-05 21:26:25,243 [INFO] CrossReferenceDbSqlite:203 - Set database path to: C:\Users\racin\.stmcufinder\plugins\mcufinder//mcu/cs/
2025-06-05 21:26:25,334 [INFO] MainPanel:264 - HeapMemory: 268435456
2025-06-05 21:26:25,459 [INFO] DbMcusXml:78 - Set database path to: C:\ST\STM32CubeIDE_1.15.0\STM32CubeIDE\plugins\com.st.stm32cube.common.mx_6.11.0.202403141607\\db\/mcu/
2025-06-05 21:26:25,459 [INFO] ApiDb:274 - Set plugin database path to: C:\ST\STM32CubeIDE_1.15.0\STM32CubeIDE\plugins\com.st.stm32cube.common.mx_6.11.0.202403141607\\db\/plugins/boardmanager/
2025-06-05 21:26:25,460 [INFO] ApiDb:261 - Set plugin images path to: C:\ST\STM32CubeIDE_1.15.0\STM32CubeIDE\plugins\com.st.stm32cube.common.mx_6.11.0.202403141607\\db\/plugins/mcufinder/images/
2025-06-05 21:26:25,460 [WARN] DbFile:41 - Overriding database path with different value: C:\Users\racin\.stmcufinder\plugins\mcufinder/ => C:\Users\racin\.stmcufinder\plugins\mcufinder
2025-06-05 21:26:25,461 [INFO] ApiDb:250 - Set database path to: C:\Users\racin\.stmcufinder\plugins\mcufinder//mcu/
2025-06-05 21:26:25,461 [WARN] DbFile:41 - Overriding database path with different value: C:\Users\racin\.stmcufinder\plugins\mcufinder/ => C:\Users\racin\.stmcufinder\plugins\mcufinder
2025-06-05 21:26:25,461 [INFO] DbMcusAds:125 - Set database path to: C:\Users\racin\.stmcufinder\plugins\mcufinder//mcu/
2025-06-05 21:26:25,461 [WARN] DbFile:41 - Overriding database path with different value: C:\Users\racin\.stmcufinder\plugins\mcufinder/ => C:\Users\racin\.stmcufinder\plugins\mcufinder
2025-06-05 21:26:25,461 [WARN] DbFile:41 - Overriding database path with different value: C:\Users\racin\.stmcufinder\plugins\mcufinder/ => C:\Users\racin\.stmcufinder\plugins\mcufinder
2025-06-05 21:26:25,461 [INFO] CrossReferenceDbSqlite:203 - Set database path to: C:\Users\racin\.stmcufinder\plugins\mcufinder//mcu/cs/
2025-06-05 21:26:25,482 [INFO] ApplicationProperties:184 - Using Application install path: C:\ST\STM32CubeIDE_1.15.0\STM32CubeIDE\plugins\com.st.stm32cube.common.mx_6.11.0.202403141607
2025-06-05 21:26:25,494 [INFO] PluginManage:196 - Search for loadable plugins [exclusion list=, ]
2025-06-05 21:26:25,497 [INFO] PluginManage:310 - Check plugin analytics
2025-06-05 21:26:25,979 [INFO] AnalyticsPlugin:253 - Accepted Software Licenses: 
2025-06-05 21:26:25,979 [INFO] AnalyticsPlugin:255 - Accepted CMSIS Pack Licenses: 
2025-06-05 21:26:25,980 [INFO] AnalyticsPlugin:257 - Accepted Firmware Licenses: FW.L4.1.18.0,FW.F7.1.17.0,FW.H7.1.11.0,FW.F4.1.28.0
2025-06-05 21:26:25,999 [INFO] PluginManage:359 - Loaded plugin analytics (category:tool,tabindex:-1)
2025-06-05 21:26:26,000 [INFO] PluginManage:310 - Check plugin cadmodel
2025-06-05 21:26:26,006 [INFO] CADModel:105 - Init CAD model plugin
2025-06-05 21:26:26,007 [INFO] PluginManage:359 - Loaded plugin cadmodel (category:power,tabindex:5)
2025-06-05 21:26:26,008 [INFO] PluginManage:310 - Check plugin clock
2025-06-05 21:26:26,045 [INFO] PluginManage:359 - Loaded plugin clock (category:base,tabindex:2)
2025-06-05 21:26:26,045 [INFO] PluginManage:310 - Check plugin ddr
2025-06-05 21:26:26,048 [INFO] PluginManage:359 - Loaded plugin ddr (category:tool,tabindex:6)
2025-06-05 21:26:26,048 [INFO] PluginManage:310 - Check plugin filemanager
2025-06-05 21:26:26,470 [INFO] PluginManage:359 - Loaded plugin filemanager (category:base,tabindex:10)
2025-06-05 21:26:26,470 [INFO] PluginManage:310 - Check plugin ipmanager
2025-06-05 21:26:26,480 [INFO] PluginManage:359 - Loaded plugin ipmanager (category:base,tabindex:5)
2025-06-05 21:26:26,481 [INFO] PluginManage:310 - Check plugin lpbam
2025-06-05 21:26:26,493 [INFO] PluginManage:359 - Loaded plugin lpbam (category:base,tabindex:0)
2025-06-05 21:26:26,493 [INFO] PluginManage:310 - Check plugin memorymap
2025-06-05 21:26:26,515 [INFO] PluginManage:359 - Loaded plugin memorymap (category:base,tabindex:4)
2025-06-05 21:26:26,516 [INFO] PluginManage:310 - Check plugin pinoutandconfiguration
2025-06-05 21:26:26,532 [INFO] PluginManage:359 - Loaded plugin pinoutandconfiguration (category:base,tabindex:1)
2025-06-05 21:26:26,532 [INFO] PluginManage:310 - Check plugin pinoutconfig
2025-06-05 21:26:26,679 [WARN] SupportedApi:132 - Cannot load RTOS API schema: s4s-elt-must-match.1: The content of 'definitions' must match (annotation?, (simpleType | complexType)?, (unique | key | keyref)*)). A problem was found starting at: attribute.
2025-06-05 21:26:26,953 [INFO] PluginManage:359 - Loaded plugin pinoutconfig (category:base,tabindex:0)
2025-06-05 21:26:26,953 [INFO] PluginManage:310 - Check plugin power
2025-06-05 21:26:26,977 [INFO] PluginManage:359 - Loaded plugin power (category:power,tabindex:4)
2025-06-05 21:26:26,977 [INFO] PluginManage:310 - Check plugin projectmanager
2025-06-05 21:26:27,034 [INFO] PluginManage:359 - Loaded plugin projectmanager (category:projectmanager,tabindex:3)
2025-06-05 21:26:27,034 [INFO] PluginManage:310 - Check plugin thirdparty
2025-06-05 21:26:27,163 [INFO] PluginManage:359 - Loaded plugin thirdparty (category:base,tabindex:-1)
2025-06-05 21:26:27,163 [WARN] IntegrityCheckThread:84 - waiting for thirdparty lock release [integrity check]
2025-06-05 21:26:27,164 [INFO] PluginManage:310 - Check plugin tools
2025-06-05 21:26:27,164 [INFO] IntegrityCheckThread:86 - entering critical section [integrity check]
2025-06-05 21:26:27,164 [INFO] ThirdPartyUpdaterWithRetryManager:70 - Updater plugin not ready yet. [1/15]
2025-06-05 21:26:27,166 [INFO] PluginManage:359 - Loaded plugin tools (category:base,tabindex:7)
2025-06-05 21:26:27,166 [INFO] PluginManage:310 - Check plugin tutovideos
2025-06-05 21:26:27,336 [INFO] PluginManage:359 - Loaded plugin tutovideos (category:base,tabindex:-1)
2025-06-05 21:26:27,336 [INFO] PluginManage:310 - Check plugin updater
2025-06-05 21:26:27,363 [INFO] PluginManage:359 - Loaded plugin updater (category:base,tabindex:12)
2025-06-05 21:26:27,363 [INFO] PluginManage:310 - Check plugin userauth
2025-06-05 21:26:27,368 [INFO] UserAuth:114 - Init User Auth plugin
2025-06-05 21:26:27,368 [INFO] PluginManage:359 - Loaded plugin userauth (category:base,tabindex:14)
2025-06-05 21:26:27,369 [INFO] PluginManage:283 - PluginManage : Loaded plugins [17]
2025-06-05 21:26:27,577 [INFO] PinOutPanel:1561 - setPackage(No Configuration,No Configuration)
2025-06-05 21:26:27,663 [INFO] CADModel:165 - CPN selected for project level
2025-06-05 21:26:27,664 [INFO] CADModel:114 - Register for checkConnection events
2025-06-05 21:26:27,682 [INFO] IPUIPlugin:80 - create IPUIPlugin
2025-06-05 21:26:27,683 [INFO] PluginManager:220 - loadIPPluginJar : add adc
2025-06-05 21:26:27,685 [INFO] IPUIPlugin:80 - create IPUIPlugin
2025-06-05 21:26:27,685 [INFO] PluginManager:220 - loadIPPluginJar : add aes
2025-06-05 21:26:27,689 [INFO] IPUIPlugin:80 - create IPUIPlugin
2025-06-05 21:26:27,689 [INFO] PluginManager:220 - loadIPPluginJar : add can
2025-06-05 21:26:27,691 [INFO] IPUIPlugin:80 - create IPUIPlugin
2025-06-05 21:26:27,692 [INFO] PluginManager:220 - loadIPPluginJar : add comp
2025-06-05 21:26:27,695 [INFO] IPUIPlugin:80 - create IPUIPlugin
2025-06-05 21:26:27,695 [INFO] PluginManager:220 - loadIPPluginJar : add cryp
2025-06-05 21:26:27,707 [INFO] IPUIPlugin:80 - create IPUIPlugin
2025-06-05 21:26:27,707 [INFO] PluginManager:220 - loadIPPluginJar : add dfsdm
2025-06-05 21:26:27,713 [INFO] IPUIPlugin:80 - create IPUIPlugin
2025-06-05 21:26:27,714 [INFO] PluginManager:220 - loadIPPluginJar : add dma
2025-06-05 21:26:27,718 [INFO] IPUIPlugin:80 - create IPUIPlugin
2025-06-05 21:26:27,718 [INFO] PluginManager:220 - loadIPPluginJar : add dma3
2025-06-05 21:26:27,721 [INFO] IPUIPlugin:80 - create IPUIPlugin
2025-06-05 21:26:27,721 [INFO] PluginManager:220 - loadIPPluginJar : add extmemmanager
2025-06-05 21:26:27,723 [INFO] IPUIPlugin:80 - create IPUIPlugin
2025-06-05 21:26:27,724 [INFO] PluginManager:220 - loadIPPluginJar : add fatfs
2025-06-05 21:26:27,728 [INFO] IPUIPlugin:80 - create IPUIPlugin
2025-06-05 21:26:27,728 [INFO] PluginManager:220 - loadIPPluginJar : add fmc
2025-06-05 21:26:27,733 [INFO] IPUIPlugin:80 - create IPUIPlugin
2025-06-05 21:26:27,734 [INFO] PluginManager:220 - loadIPPluginJar : add freertos
2025-06-05 21:26:27,735 [INFO] IPUIPlugin:80 - create IPUIPlugin
2025-06-05 21:26:27,735 [INFO] PluginManager:220 - loadIPPluginJar : add genericplugin
2025-06-05 21:26:27,738 [INFO] IPUIPlugin:80 - create IPUIPlugin
2025-06-05 21:26:27,738 [INFO] PluginManager:220 - loadIPPluginJar : add gfxmmu
2025-06-05 21:26:27,745 [INFO] IPUIPlugin:80 - create IPUIPlugin
2025-06-05 21:26:27,745 [INFO] PluginManager:220 - loadIPPluginJar : add gic
2025-06-05 21:26:27,750 [INFO] IPUIPlugin:80 - create IPUIPlugin
2025-06-05 21:26:27,750 [INFO] PluginManager:220 - loadIPPluginJar : add gpio
2025-06-05 21:26:27,753 [INFO] IPUIPlugin:80 - create IPUIPlugin
2025-06-05 21:26:27,753 [INFO] PluginManager:220 - loadIPPluginJar : add gtzc
2025-06-05 21:26:27,756 [INFO] IPUIPlugin:80 - create IPUIPlugin
2025-06-05 21:26:27,756 [INFO] PluginManager:220 - loadIPPluginJar : add hash
2025-06-05 21:26:27,759 [INFO] IPUIPlugin:80 - create IPUIPlugin
2025-06-05 21:26:27,759 [INFO] PluginManager:220 - loadIPPluginJar : add i2c
2025-06-05 21:26:27,768 [INFO] IPUIPlugin:80 - create IPUIPlugin
2025-06-05 21:26:27,768 [INFO] PluginManager:220 - loadIPPluginJar : add i2s
2025-06-05 21:26:27,771 [INFO] IPUIPlugin:80 - create IPUIPlugin
2025-06-05 21:26:27,772 [INFO] PluginManager:220 - loadIPPluginJar : add i3c
2025-06-05 21:26:27,775 [INFO] IPUIPlugin:80 - create IPUIPlugin
2025-06-05 21:26:27,775 [INFO] PluginManager:220 - loadIPPluginJar : add ipddr
2025-06-05 21:26:27,783 [INFO] IPUIPlugin:80 - create IPUIPlugin
2025-06-05 21:26:27,783 [INFO] PluginManager:220 - loadIPPluginJar : add linkedlist
2025-06-05 21:26:27,785 [INFO] IPUIPlugin:80 - create IPUIPlugin
2025-06-05 21:26:27,786 [INFO] PluginManager:220 - loadIPPluginJar : add lorawan
2025-06-05 21:26:27,788 [INFO] IPUIPlugin:80 - create IPUIPlugin
2025-06-05 21:26:27,788 [INFO] PluginManager:220 - loadIPPluginJar : add ltdc
2025-06-05 21:26:27,794 [INFO] IPUIPlugin:80 - create IPUIPlugin
2025-06-05 21:26:27,794 [INFO] PluginManager:220 - loadIPPluginJar : add mdma
2025-06-05 21:26:27,798 [INFO] IPUIPlugin:80 - create IPUIPlugin
2025-06-05 21:26:27,798 [INFO] PluginManager:220 - loadIPPluginJar : add nvic
2025-06-05 21:26:27,801 [INFO] IPUIPlugin:80 - create IPUIPlugin
2025-06-05 21:26:27,801 [INFO] PluginManager:220 - loadIPPluginJar : add opamp
2025-06-05 21:26:27,804 [INFO] IPUIPlugin:80 - create IPUIPlugin
2025-06-05 21:26:27,805 [INFO] PluginManager:220 - loadIPPluginJar : add openamp
2025-06-05 21:26:27,808 [INFO] IPUIPlugin:80 - create IPUIPlugin
2025-06-05 21:26:27,808 [INFO] PluginManager:220 - loadIPPluginJar : add pdm2pcm
2025-06-05 21:26:27,815 [INFO] IPUIPlugin:80 - create IPUIPlugin
2025-06-05 21:26:27,820 [INFO] PluginManager:220 - loadIPPluginJar : add plateformsettings
2025-06-05 21:26:27,822 [INFO] IPUIPlugin:80 - create IPUIPlugin
2025-06-05 21:26:27,822 [INFO] PluginManager:220 - loadIPPluginJar : add quadspi
2025-06-05 21:26:27,825 [INFO] IPUIPlugin:80 - create IPUIPlugin
2025-06-05 21:26:27,826 [INFO] PluginManager:220 - loadIPPluginJar : add resmgrutility
2025-06-05 21:26:27,829 [INFO] IPUIPlugin:80 - create IPUIPlugin
2025-06-05 21:26:27,829 [INFO] PluginManager:220 - loadIPPluginJar : add sai
2025-06-05 21:26:27,832 [INFO] IPUIPlugin:80 - create IPUIPlugin
2025-06-05 21:26:27,832 [INFO] PluginManager:220 - loadIPPluginJar : add spi
2025-06-05 21:26:27,837 [INFO] IPUIPlugin:80 - create IPUIPlugin
2025-06-05 21:26:27,837 [INFO] PluginManager:220 - loadIPPluginJar : add stm32_wpan
2025-06-05 21:26:27,839 [INFO] IPUIPlugin:80 - create IPUIPlugin
2025-06-05 21:26:27,839 [INFO] PluginManager:220 - loadIPPluginJar : add tim
2025-06-05 21:26:27,843 [INFO] IPUIPlugin:80 - create IPUIPlugin
2025-06-05 21:26:27,843 [INFO] PluginManager:220 - loadIPPluginJar : add touchsensing
2025-06-05 21:26:27,845 [INFO] IPUIPlugin:80 - create IPUIPlugin
2025-06-05 21:26:27,846 [INFO] PluginManager:220 - loadIPPluginJar : add tracer_emb
2025-06-05 21:26:27,848 [INFO] IPUIPlugin:80 - create IPUIPlugin
2025-06-05 21:26:27,848 [INFO] PluginManager:220 - loadIPPluginJar : add ts
2025-06-05 21:26:27,850 [INFO] IPUIPlugin:80 - create IPUIPlugin
2025-06-05 21:26:27,850 [INFO] PluginManager:220 - loadIPPluginJar : add tsc
2025-06-05 21:26:27,852 [INFO] IPUIPlugin:80 - create IPUIPlugin
2025-06-05 21:26:27,852 [INFO] PluginManager:220 - loadIPPluginJar : add ucpd
2025-06-05 21:26:27,855 [INFO] IPUIPlugin:80 - create IPUIPlugin
2025-06-05 21:26:27,855 [INFO] PluginManager:220 - loadIPPluginJar : add usart
2025-06-05 21:26:27,858 [INFO] IPUIPlugin:80 - create IPUIPlugin
2025-06-05 21:26:27,858 [INFO] PluginManager:220 - loadIPPluginJar : add usbx
2025-06-05 21:26:27,992 [INFO] CADModel:165 - CPN selected for project level
2025-06-05 21:26:27,993 [INFO] CADModel:114 - Register for checkConnection events
2025-06-05 21:26:27,993 [FATAL] Updater:308 - Updater called before beeing initialized
2025-06-05 21:26:27,993 [ERROR] CADModel:125 - Updater not yet initialized, retry later 
2025-06-05 21:26:28,111 [INFO] CADModel:165 - CPN selected for project level
2025-06-05 21:26:28,111 [INFO] CADModel:114 - Register for checkConnection events
2025-06-05 21:26:28,111 [FATAL] Updater:308 - Updater called before beeing initialized
2025-06-05 21:26:28,111 [ERROR] CADModel:125 - Updater not yet initialized, retry later 
2025-06-05 21:26:28,114 [FATAL] Updater:308 - Updater called before beeing initialized
2025-06-05 21:26:28,240 [FATAL] Updater:308 - Updater called before beeing initialized
2025-06-05 21:26:28,244 [INFO] DbMcusAds:53 - JSON generation date=Wed May 07 11:07:55 CEST 2025 (1746608875638)
2025-06-05 21:26:28,244 [FATAL] Updater:308 - Updater called before beeing initialized
2025-06-05 21:26:28,287 [WARN] DetailPanel:346 - Failed to get advertising image, set to default
2025-06-05 21:26:28,382 [FATAL] Updater:308 - Updater called before beeing initialized
2025-06-05 21:26:28,384 [FATAL] Updater:308 - Updater called before beeing initialized
2025-06-05 21:26:28,384 [FATAL] Updater:308 - Updater called before beeing initialized
2025-06-05 21:26:28,384 [WARN] DetailPanel:346 - Failed to get advertising image, set to default
2025-06-05 21:26:28,385 [FATAL] Updater:308 - Updater called before beeing initialized
2025-06-05 21:26:28,435 [ERROR] Updater:1120 - MainUpdater not yet initialized. External WinMGr cannot be set.
2025-06-05 21:26:28,438 [INFO] Updater:1056 - Updater Version found : 6.11.0
2025-06-05 21:26:28,489 [INFO] ApplicationProperties:184 - Using Application install path: C:\ST\STM32CubeIDE_1.15.0\STM32CubeIDE\plugins\com.st.stm32cube.common.mx_6.11.0.202403141607
2025-06-05 21:26:30,064 [ERROR] LogOutputStream:75 - [STDERR_REDIRECT] Jun 05, 2025 9:26:30 PM java.util.prefs.WindowsPreferences <init>
2025-06-05 21:26:30,068 [ERROR] LogOutputStream:75 - [STDERR_REDIRECT] WARNING: Could not open/create prefs root node Software\JavaSoft\Prefs at root 0xffffffff80000002. Windows RegCreateKeyEx(...) returned error code 5.
2025-06-05 21:26:30,068 [ERROR] LogOutputStream:75 - [STDERR_REDIRECT] 
2025-06-05 21:26:30,165 [INFO] ThirdPartyUpdaterWithRetryManager:70 - Updater plugin not ready yet. [2/15]
2025-06-05 21:26:30,400 [INFO] MainUpdater:2873 - connection check result : 10
2025-06-05 21:26:30,402 [INFO] MainUpdater:290 - Updater Check For Update Now.
2025-06-05 21:26:30,402 [INFO] MicroXplorer:498 - Change Database Version : DB.6.0.110
2025-06-05 21:26:30,419 [INFO] McuFinderGlobals:63 - Set McuFinder mode to 2 (CubeIDE integrated)
2025-06-05 21:26:30,427 [INFO] UserAuth:415 - Internet connection configuration mode: 1
2025-06-05 21:26:30,448 [INFO] JxBrowserEngine:152 - Initiate JxBrowser Engine with user profile folder
2025-06-05 21:26:30,621 [INFO] CheckServerUpdateThread:120 - End of CheckServer Thread
2025-06-05 21:26:31,021 [INFO] WebApp:161 - Instantiating new browser for Auth
2025-06-05 21:26:31,556 [INFO] WebApp:779 - Register for checkConnection events
2025-06-05 21:26:31,557 [INFO] WebApp:414 - Apply proxy settings
2025-06-05 21:26:31,557 [INFO] WebApp:499 - Chromium requires no authentication
2025-06-05 21:26:31,563 [INFO] WebApp:442 - Direct internet connection detected
2025-06-05 21:26:31,744 [INFO] WebApp:192 - Starting web application
2025-06-05 21:26:31,745 [INFO] WebApp:544 - Web application path used C:\ST\STM32CubeIDE_1.15.0\STM32CubeIDE\plugins\com.st.stm32cube.common.mx_6.11.0.202403141607\db\plugins\mcufinder\reactClient1\index.html
2025-06-05 21:26:33,387 [WARN] PackLoader:240 - Cannot read IP mode file for STMicroelectronics.FP-SNS-MOTENVWB1.1.4.0
2025-06-05 21:26:33,394 [WARN] PackLoader:240 - Cannot read IP mode file for STMicroelectronics.FP-ATR-ASTRA1.2.0.2
2025-06-05 21:26:33,408 [WARN] PackLoader:240 - Cannot read IP mode file for STMicroelectronics.X-CUBE-SMBUS.2.1.0
2025-06-05 21:26:33,416 [WARN] PackLoader:240 - Cannot read IP mode file for STMicroelectronics.X-CUBE-WB05N.1.1.0
2025-06-05 21:26:33,420 [ERROR] Engine:466 - C:\Users\racin\.stm32cubemx\thirdparties\pdsc\STMicroelectronics.X-CUBE-ST60.1.0.0.pdsc: PDSC version is not supported
2025-06-05 21:26:33,424 [WARN] PackLoader:240 - Cannot read IP mode file for STMicroelectronics.X-CUBE-TOUCHGFX.4.23.2
2025-06-05 21:26:33,455 [WARN] PackLoader:240 - Cannot read IP mode file for STMicroelectronics.X-CUBE-AZRTOS-F7.1.1.0
2025-06-05 21:26:33,538 [WARN] PackLoader:240 - Cannot read IP mode file for STMicroelectronics.X-CUBE-MEMS1.11.0.0
2025-06-05 21:26:33,746 [WARN] PackLoader:240 - Cannot read IP mode file for STMicroelectronics.FP-SNS-FLIGHT1.5.0.2
2025-06-05 21:26:33,760 [WARN] PackLoader:240 - Cannot read IP mode file for STMicroelectronics.X-CUBE-DISPLAY.3.0.0
2025-06-05 21:26:33,805 [WARN] PackLoader:240 - Cannot read IP mode file for STMicroelectronics.X-CUBE-BLE1.7.0.0
2025-06-05 21:26:33,815 [WARN] PackLoader:240 - Cannot read IP mode file for STMicroelectronics.X-CUBE-NFC10.1.0.0
2025-06-05 21:26:33,867 [WARN] PackLoader:240 - Cannot read IP mode file for STMicroelectronics.X-CUBE-BLEMGR.4.0.0
2025-06-05 21:26:33,886 [WARN] PackLoader:240 - Cannot read IP mode file for emotas.I-CUBE-CANOPEN.1.3.0
2025-06-05 21:26:33,894 [WARN] ConditionMgr:438 - getConditionDescription Invalid condition id : Cortex-A Device cause : null
2025-06-05 21:26:33,936 [WARN] ConditionMgr:1039 - genDependencies : Invalid condition id : Cortex-A Device cause : null
2025-06-05 21:26:33,936 [WARN] ConditionMgr:1039 - genDependencies : Invalid condition id : Cortex-A Device cause : null
2025-06-05 21:26:33,936 [WARN] ConditionMgr:1039 - genDependencies : Invalid condition id : Cortex-A Device cause : null
2025-06-05 21:26:33,947 [WARN] PackLoader:240 - Cannot read IP mode file for STMicroelectronics.X-CUBE-BLEMGR.3.1.0
2025-06-05 21:26:33,956 [WARN] PackLoader:240 - Cannot read IP mode file for STMicroelectronics.X-CUBE-AI.10.0.0
2025-06-05 21:26:33,963 [WARN] PackLoader:240 - Cannot read IP mode file for STMicroelectronics.FP-SNS-SMARTAG2.1.2.0
2025-06-05 21:26:33,966 [ERROR] Engine:466 - C:\Users\racin\.stm32cubemx\thirdparties\pdsc\STMicroelectronics.FP-SNS-FLIGHT1.5.1.0.pdsc: PDSC version is not supported
2025-06-05 21:26:34,029 [WARN] PackLoader:240 - Cannot read IP mode file for STMicroelectronics.X-CUBE-MEMS1.11.1.0
2025-06-05 21:26:34,159 [INFO] LogOutputStream:77 - [STDOUT_REDIRECT] 1 : Invalid condition id : UX_CORESTACK_Condition cause : null
2025-06-05 21:26:34,160 [INFO] LogOutputStream:77 - [STDOUT_REDIRECT] 1 : Invalid condition id : UX_CORESTACK_Condition cause : null
2025-06-05 21:26:34,162 [INFO] LogOutputStream:77 - [STDOUT_REDIRECT] 1 : Invalid condition id : UX_CORESTACK_Condition cause : null
2025-06-05 21:26:34,163 [INFO] LogOutputStream:77 - [STDOUT_REDIRECT] 1 : Invalid condition id : UX_CORESTACK_Condition cause : null
2025-06-05 21:26:34,164 [INFO] LogOutputStream:77 - [STDOUT_REDIRECT] 1 : Invalid condition id : UX_CORESTACK_Condition cause : null
2025-06-05 21:26:34,166 [WARN] PackLoader:240 - Cannot read IP mode file for STMicroelectronics.X-CUBE-AZRTOS-WL.2.0.0
2025-06-05 21:26:34,172 [WARN] PackLoader:240 - Cannot read IP mode file for STMicroelectronics.FP-SNS-MOTENV1.5.0.0
2025-06-05 21:26:34,176 [WARN] PackLoader:240 - Cannot read IP mode file for wolfSSL.I-CUBE-wolfMQTT.1.19.0
2025-06-05 21:26:34,183 [WARN] PackLoader:240 - Cannot read IP mode file for WES.I-CUBE-Cesium.1.3.0
2025-06-05 21:26:34,187 [WARN] PackLoader:240 - Cannot read IP mode file for STMicroelectronics.X-CUBE-BLE2.3.3.0
2025-06-05 21:26:34,191 [WARN] PackLoader:240 - Cannot read IP mode file for STMicroelectronics.X-CUBE-NFC9.1.0.0
2025-06-05 21:26:34,197 [WARN] PackLoader:240 - Cannot read IP mode file for STMicroelectronics.X-CUBE-BLE1.7.1.0
2025-06-05 21:26:34,203 [WARN] PackLoader:240 - Cannot read IP mode file for STMicroelectronics.X-CUBE-TCPP.4.1.0
2025-06-05 21:26:34,207 [WARN] PackLoader:240 - Cannot read IP mode file for STMicroelectronics.X-CUBE-AI.10.1.0
2025-06-05 21:26:34,212 [WARN] PackLoader:240 - Cannot read IP mode file for STMicroelectronics.X-CUBE-ALGOBUILD.1.3.0
2025-06-05 21:26:34,271 [WARN] PackLoader:240 - Cannot read IP mode file for STMicroelectronics.X-CUBE-MEMS1.11.2.0
2025-06-05 21:26:34,388 [WARN] PackLoader:240 - Cannot read IP mode file for STMicroelectronics.X-CUBE-AZRTOS-G0.1.1.0
2025-06-05 21:26:34,394 [WARN] PackLoader:240 - Cannot read IP mode file for STMicroelectronics.X-CUBE-SAFEA1.1.2.2
2025-06-05 21:26:34,399 [WARN] PackLoader:240 - Cannot read IP mode file for STMicroelectronics.X-CUBE-NFC4.3.0.0
2025-06-05 21:26:34,407 [WARN] PackLoader:240 - Cannot read IP mode file for EmbeddedOffice.I-CUBE-FS-RTOS.1.0.1
2025-06-05 21:26:34,407 [ERROR] ConditionMgr:805 - Attr not supported : Dmpu
2025-06-05 21:26:34,407 [ERROR] ConditionMgr:805 - Attr not supported : Dmpu
2025-06-05 21:26:34,407 [ERROR] ConditionMgr:805 - Attr not supported : Dmpu
2025-06-05 21:26:34,407 [ERROR] ConditionMgr:805 - Attr not supported : Dmpu
2025-06-05 21:26:34,407 [ERROR] ConditionMgr:805 - Attr not supported : Dmpu
2025-06-05 21:26:34,408 [ERROR] ConditionMgr:805 - Attr not supported : Dmpu
2025-06-05 21:26:34,408 [ERROR] ConditionMgr:805 - Attr not supported : Dmpu
2025-06-05 21:26:34,408 [ERROR] ConditionMgr:805 - Attr not supported : Dmpu
2025-06-05 21:26:34,408 [ERROR] ConditionMgr:805 - Attr not supported : Dmpu
2025-06-05 21:26:34,408 [ERROR] ConditionMgr:805 - Attr not supported : Dmpu
2025-06-05 21:26:34,408 [ERROR] ConditionMgr:805 - Attr not supported : Dmpu
2025-06-05 21:26:34,408 [ERROR] ConditionMgr:805 - Attr not supported : Dmpu
2025-06-05 21:26:34,408 [ERROR] ConditionMgr:805 - Attr not supported : Dmpu
2025-06-05 21:26:34,408 [ERROR] ConditionMgr:805 - Attr not supported : Dmpu
2025-06-05 21:26:34,408 [ERROR] ConditionMgr:805 - Attr not supported : Dmpu
2025-06-05 21:26:34,408 [ERROR] ConditionMgr:805 - Attr not supported : Dmpu
2025-06-05 21:26:34,408 [ERROR] ConditionMgr:805 - Attr not supported : Dmpu
2025-06-05 21:26:34,408 [ERROR] ConditionMgr:805 - Attr not supported : Dmpu
2025-06-05 21:26:34,408 [ERROR] ConditionMgr:805 - Attr not supported : Dmpu
2025-06-05 21:26:34,408 [ERROR] ConditionMgr:805 - Attr not supported : Dmpu
2025-06-05 21:26:34,408 [ERROR] ConditionMgr:805 - Attr not supported : Dmpu
2025-06-05 21:26:34,408 [ERROR] ConditionMgr:805 - Attr not supported : Dmpu
2025-06-05 21:26:34,409 [ERROR] ConditionMgr:805 - Attr not supported : Dmpu
2025-06-05 21:26:34,409 [ERROR] ConditionMgr:805 - Attr not supported : Dmpu
2025-06-05 21:26:34,409 [ERROR] ConditionMgr:805 - Attr not supported : Dmpu
2025-06-05 21:26:34,409 [ERROR] ConditionMgr:805 - Attr not supported : Dmpu
2025-06-05 21:26:34,409 [ERROR] ConditionMgr:805 - Attr not supported : Dmpu
2025-06-05 21:26:34,409 [ERROR] ConditionMgr:805 - Attr not supported : Dmpu
2025-06-05 21:26:34,409 [ERROR] ConditionMgr:805 - Attr not supported : Dmpu
2025-06-05 21:26:34,409 [ERROR] ConditionMgr:805 - Attr not supported : Dmpu
2025-06-05 21:26:34,409 [ERROR] ConditionMgr:805 - Attr not supported : Dmpu
2025-06-05 21:26:34,409 [ERROR] ConditionMgr:805 - Attr not supported : Dmpu
2025-06-05 21:26:34,409 [ERROR] ConditionMgr:805 - Attr not supported : Dmpu
2025-06-05 21:26:34,409 [ERROR] ConditionMgr:805 - Attr not supported : Dmpu
2025-06-05 21:26:34,409 [ERROR] ConditionMgr:805 - Attr not supported : Dmpu
2025-06-05 21:26:34,409 [ERROR] ConditionMgr:805 - Attr not supported : Dmpu
2025-06-05 21:26:34,409 [ERROR] ConditionMgr:805 - Attr not supported : Dmpu
2025-06-05 21:26:34,409 [ERROR] ConditionMgr:805 - Attr not supported : Dmpu
2025-06-05 21:26:34,409 [ERROR] ConditionMgr:805 - Attr not supported : Dmpu
2025-06-05 21:26:34,409 [ERROR] ConditionMgr:805 - Attr not supported : Dmpu
2025-06-05 21:26:34,409 [ERROR] ConditionMgr:805 - Attr not supported : Dmpu
2025-06-05 21:26:34,409 [ERROR] ConditionMgr:805 - Attr not supported : Dmpu
2025-06-05 21:26:34,410 [ERROR] ConditionMgr:805 - Attr not supported : Dmpu
2025-06-05 21:26:34,410 [ERROR] ConditionMgr:805 - Attr not supported : Dmpu
2025-06-05 21:26:34,410 [ERROR] ConditionMgr:805 - Attr not supported : Dmpu
2025-06-05 21:26:34,410 [ERROR] ConditionMgr:805 - Attr not supported : Dmpu
2025-06-05 21:26:34,410 [ERROR] ConditionMgr:805 - Attr not supported : Dmpu
2025-06-05 21:26:34,410 [ERROR] ConditionMgr:805 - Attr not supported : Dmpu
2025-06-05 21:26:34,410 [ERROR] ConditionMgr:805 - Attr not supported : Dmpu
2025-06-05 21:26:34,410 [ERROR] ConditionMgr:805 - Attr not supported : Dmpu
2025-06-05 21:26:34,410 [ERROR] ConditionMgr:805 - Attr not supported : Dmpu
2025-06-05 21:26:34,410 [ERROR] ConditionMgr:805 - Attr not supported : Dmpu
2025-06-05 21:26:34,410 [ERROR] ConditionMgr:805 - Attr not supported : Dmpu
2025-06-05 21:26:34,410 [ERROR] ConditionMgr:805 - Attr not supported : Dmpu
2025-06-05 21:26:34,410 [ERROR] ConditionMgr:805 - Attr not supported : Dmpu
2025-06-05 21:26:34,411 [ERROR] ConditionMgr:805 - Attr not supported : Dmpu
2025-06-05 21:26:34,411 [ERROR] ConditionMgr:805 - Attr not supported : Dmpu
2025-06-05 21:26:34,411 [ERROR] ConditionMgr:805 - Attr not supported : Dmpu
2025-06-05 21:26:34,411 [ERROR] ConditionMgr:805 - Attr not supported : Dmpu
2025-06-05 21:26:34,411 [ERROR] ConditionMgr:805 - Attr not supported : Dmpu
2025-06-05 21:26:34,411 [ERROR] ConditionMgr:805 - Attr not supported : Dmpu
2025-06-05 21:26:34,411 [ERROR] ConditionMgr:805 - Attr not supported : Dmpu
2025-06-05 21:26:34,411 [ERROR] ConditionMgr:805 - Attr not supported : Dmpu
2025-06-05 21:26:34,411 [ERROR] ConditionMgr:805 - Attr not supported : Dmpu
2025-06-05 21:26:34,415 [WARN] PackLoader:240 - Cannot read IP mode file for STMicroelectronics.X-CUBE-WB05N.2.0.0
2025-06-05 21:26:34,418 [ERROR] Engine:466 - C:\Users\racin\.stm32cubemx\thirdparties\pdsc\STMicroelectronics.X-CUBE-TCPP.4.2.0.pdsc: PDSC version is not supported
2025-06-05 21:26:34,422 [WARN] PackLoader:240 - Cannot read IP mode file for RealThread.X-CUBE-RT-Thread_Nano.4.1.1
2025-06-05 21:26:34,425 [WARN] PackLoader:240 - Cannot read IP mode file for wolfSSL.I-CUBE-wolfSSL.5.7.0
2025-06-05 21:26:34,429 [WARN] PackLoader:240 - Cannot read IP mode file for STMicroelectronics.FP-ATR-SIGFOX1.3.2.0
2025-06-05 21:26:34,433 [WARN] PackLoader:240 - Cannot read IP mode file for STMicroelectronics.X-CUBE-EEPRMA1.5.1.0
2025-06-05 21:26:34,439 [WARN] PackLoader:240 - Cannot read IP mode file for ITTIA_DB.I-CUBE-ITTIADB.8.9.0
2025-06-05 21:26:34,468 [WARN] PackLoader:240 - Cannot read IP mode file for SEGGER.I-CUBE-embOS.1.3.1
2025-06-05 21:26:34,554 [WARN] PackLoader:240 - Cannot read IP mode file for STMicroelectronics.X-CUBE-ALGOBUILD.1.4.0
2025-06-05 21:26:34,562 [WARN] PackLoader:240 - Cannot read IP mode file for STMicroelectronics.X-CUBE-AI.9.1.0
2025-06-05 21:26:34,569 [WARN] PackLoader:240 - Cannot read IP mode file for STMicroelectronics.X-CUBE-GNSS1.6.0.0
2025-06-05 21:26:34,587 [WARN] PackLoader:240 - Cannot read IP mode file for STMicroelectronics.X-CUBE-AZRTOS-F4.1.1.0
2025-06-05 21:26:34,591 [ERROR] Engine:466 - C:\Users\racin\.stm32cubemx\thirdparties\pdsc\Avnet-IotConnect.X-CUBE-IoTC-DA16k-PMOD.1.0.0.pdsc: PDSC version is not supported
2025-06-05 21:26:34,595 [WARN] PackLoader:240 - Cannot read IP mode file for STMicroelectronics.X-CUBE-ISPU.2.1.0
2025-06-05 21:26:34,601 [WARN] PackLoader:240 - Cannot read IP mode file for STMicroelectronics.X-CUBE-FREERTOS.1.2.0
2025-06-05 21:26:34,618 [WARN] PackLoader:240 - Cannot read IP mode file for STMicroelectronics.X-CUBE-AZRTOS-L5.2.0.0
2025-06-05 21:26:34,627 [WARN] PackLoader:240 - Cannot read IP mode file for STMicroelectronics.X-CUBE-NFC6.3.1.0
2025-06-05 21:26:34,634 [WARN] PackLoader:240 - Cannot read IP mode file for STMicroelectronics.X-CUBE-DPower.1.2.0
2025-06-05 21:26:34,637 [WARN] PackLoader:240 - Cannot read IP mode file for STMicroelectronics.X-CUBE-AI.9.0.0
2025-06-05 21:26:34,641 [WARN] PackLoader:240 - Cannot read IP mode file for STMicroelectronics.X-CUBE-FREERTOS.1.3.1
2025-06-05 21:26:34,647 [WARN] PackLoader:240 - Cannot read IP mode file for STMicroelectronics.X-CUBE-FREERTOS.1.3.0
2025-06-05 21:26:34,651 [WARN] PackLoader:240 - Cannot read IP mode file for STMicroelectronics.X-CUBE-NFC7.1.0.1
2025-06-05 21:26:34,655 [WARN] PackLoader:240 - Cannot read IP mode file for wolfSSL.I-CUBE-wolfTPM.3.2.0
2025-06-05 21:26:34,659 [WARN] PackLoader:240 - Cannot read IP mode file for STMicroelectronics.X-CUBE-DPower.1.3.0
2025-06-05 21:26:34,662 [WARN] PackLoader:240 - Cannot read IP mode file for STMicroelectronics.X-CUBE-AI.8.1.0
2025-06-05 21:26:34,680 [WARN] ConditionMgr:438 - getConditionDescription Invalid condition id : LAN8742 Phy interface Condition cause : null
2025-06-05 21:26:34,681 [WARN] PackLoader:240 - Cannot read IP mode file for STMicroelectronics.X-CUBE-AZRTOS-L4.2.0.0
2025-06-05 21:26:34,682 [WARN] ConditionMgr:1039 - genDependencies : Invalid condition id : LAN8742 Phy interface Condition cause : null
2025-06-05 21:26:34,682 [WARN] ConditionMgr:1039 - genDependencies : Invalid condition id : LAN8742 Phy interface Condition cause : null
2025-06-05 21:26:34,682 [WARN] ConditionMgr:1039 - genDependencies : Invalid condition id : LAN8742 Phy interface Condition cause : null
2025-06-05 21:26:34,690 [WARN] PackLoader:240 - Cannot read IP mode file for STMicroelectronics.X-CUBE-SFXS2LP1.4.0.0
2025-06-05 21:26:34,710 [WARN] PackLoader:240 - Cannot read IP mode file for STMicroelectronics.X-CUBE-AZRTOS-H7.3.3.0
2025-06-05 21:26:34,724 [WARN] PackLoader:240 - Cannot read IP mode file for STMicroelectronics.X-CUBE-IPS.3.0.0
2025-06-05 21:26:34,739 [WARN] ConditionMgr:438 - getConditionDescription Invalid condition id : UX DEVICE CLASS RTOS Condition cause : null
2025-06-05 21:26:34,739 [WARN] ConditionMgr:438 - getConditionDescription Invalid condition id : UX DEVICE CLASS RTOS Condition cause : null
2025-06-05 21:26:34,742 [WARN] PackLoader:240 - Cannot read IP mode file for STMicroelectronics.X-CUBE-AZRTOS-WB.2.0.0
2025-06-05 21:26:34,742 [WARN] ConditionMgr:1039 - genDependencies : Invalid condition id : UX DEVICE CLASS RTOS Condition cause : null
2025-06-05 21:26:34,742 [WARN] ConditionMgr:1039 - genDependencies : Invalid condition id : UX DEVICE CLASS RTOS Condition cause : null
2025-06-05 21:26:34,743 [WARN] ConditionMgr:1039 - genDependencies : Invalid condition id : UX DEVICE CLASS RTOS Condition cause : null
2025-06-05 21:26:34,743 [WARN] ConditionMgr:1039 - genDependencies : Invalid condition id : UX DEVICE CLASS RTOS Condition cause : null
2025-06-05 21:26:34,743 [WARN] ConditionMgr:1039 - genDependencies : Invalid condition id : UX DEVICE CLASS RTOS Condition cause : null
2025-06-05 21:26:34,748 [WARN] PackLoader:240 - Cannot read IP mode file for STMicroelectronics.X-CUBE-GNSS1.7.0.0
2025-06-05 21:26:34,753 [WARN] PackLoader:240 - Cannot read IP mode file for STMicroelectronics.X-CUBE-GNSS1.7.0.1
2025-06-05 21:26:34,757 [WARN] PackLoader:240 - Cannot read IP mode file for STMicroelectronics.X-CUBE-TOUCHGFX.4.25.0
2025-06-05 21:26:34,763 [WARN] PackLoader:240 - Cannot read IP mode file for STMicroelectronics.FP-SNS-STBOX1.2.0.0
2025-06-05 21:26:34,778 [WARN] PackLoader:240 - Cannot read IP mode file for STMicroelectronics.X-CUBE-SUBG2.5.0.0
2025-06-05 21:26:34,807 [WARN] PackLoader:240 - Cannot read IP mode file for STMicroelectronics.X-CUBE-AZRTOS-H7RS.1.1.0
2025-06-05 21:26:34,818 [WARN] PackLoader:240 - Cannot read IP mode file for Cesanta.I-CUBE-Mongoose.7.13.0
2025-06-05 21:26:34,837 [WARN] PackLoader:240 - Cannot read IP mode file for STMicroelectronics.X-CUBE-AZRTOS-G4.2.0.0
2025-06-05 21:26:34,843 [WARN] PackLoader:240 - Cannot read IP mode file for STMicroelectronics.X-CUBE-NFC7.2.0.0
2025-06-05 21:26:34,850 [WARN] PackLoader:240 - Cannot read IP mode file for STMicroelectronics.FP-SNS-MOTENVWB1.1.3.1
2025-06-05 21:26:34,856 [WARN] PackLoader:240 - Cannot read IP mode file for STMicroelectronics.X-CUBE-ISPU.2.0.0
2025-06-05 21:26:34,865 [ERROR] Engine:466 - C:\Users\racin\.stm32cubemx\thirdparties\pdsc\STMicroelectronics.X-CUBE-IPS.3.1.0.pdsc: PDSC version is not supported
2025-06-05 21:26:34,870 [WARN] PackLoader:240 - Cannot read IP mode file for STMicroelectronics.X-CUBE-ALS.1.0.2
2025-06-05 21:26:34,913 [WARN] PackLoader:240 - Cannot read IP mode file for STMicroelectronics.X-CUBE-MEMS1.10.0.0
2025-06-05 21:26:35,027 [WARN] PackLoader:240 - Cannot read IP mode file for STMicroelectronics.X-CUBE-FREERTOS.1.1.0
2025-06-05 21:26:35,031 [WARN] PackLoader:240 - Cannot read IP mode file for STMicroelectronics.X-CUBE-TOUCHGFX.4.24.0
2025-06-05 21:26:35,035 [WARN] PackLoader:240 - Cannot read IP mode file for STMicroelectronics.X-CUBE-TOUCHGFX.4.24.1
2025-06-05 21:26:35,039 [WARN] PackLoader:240 - Cannot read IP mode file for portGmbH.I-Cube-SoM-uGOAL.1.1.0
2025-06-05 21:26:35,043 [WARN] PackLoader:240 - Cannot read IP mode file for STMicroelectronics.X-CUBE-ALS.1.0.1
2025-06-05 21:26:35,058 [WARN] PackLoader:240 - Cannot read IP mode file for STMicroelectronics.X-CUBE-AZRTOS-H7RS.1.0.0
2025-06-05 21:26:35,063 [WARN] PackLoader:240 - Cannot read IP mode file for STMicroelectronics.FP-ATR-ASTRA1.2.0.0
2025-06-05 21:26:35,071 [WARN] PackLoader:240 - Cannot read IP mode file for STMicroelectronics.X-CUBE-TOF1.3.4.2
2025-06-05 21:26:35,084 [ERROR] Engine:466 - C:\Users\racin\.stm32cubemx\thirdparties\pdsc\STMicroelectronics.X-CUBE-TOF1.3.4.3.pdsc: PDSC version is not supported
2025-06-05 21:26:35,091 [WARN] PackLoader:240 - Cannot read IP mode file for STMicroelectronics.X-CUBE-TOF1.3.4.1
2025-06-05 21:26:35,121 [WARN] PackLoader:240 - Cannot read IP mode file for STMicroelectronics.X-CUBE-AZRTOS-H7.3.2.0
2025-06-05 21:26:35,135 [WARN] PackLoader:240 - Cannot read IP mode file for Infineon.AIROC-Wi-Fi-Bluetooth-STM32.1.6.0
2025-06-05 21:26:35,141 [WARN] PackLoader:240 - Cannot read IP mode file for wolfSSL.I-CUBE-wolfSSH.1.4.17
2025-06-05 21:26:35,142 [INFO] ThirdParty:978 - Integrity check success = true
2025-06-05 21:26:35,142 [INFO] IntegrityCheckThread:100 - exiting critical section [integrity check]
2025-06-05 21:26:35,142 [INFO] IntegrityCheckThread:103 - End integrity checks thread
