2025-04-02 09:53:02,851 [INFO] Activator:176 - 


2025-04-02 09:53:02,859 [INFO] Activator:177 - !SESSION log4j initialized
2025-04-02 09:53:15,565 [INFO] LogOutputStream:77 - [STDOUT_REDIRECT] 
2025-04-02 09:53:19,077 [INFO] ApplicationProperties:184 - Using Application install path: C:\ST\STM32CubeIDE_1.15.0\STM32CubeIDE\plugins\com.st.stm32cube.common.mx_6.11.0.202403141607
2025-04-02 09:53:19,111 [INFO] DbMcusXml:78 - Set database path to: C:\ST\STM32CubeIDE_1.15.0\STM32CubeIDE\plugins\com.st.stm32cube.common.mx_6.11.0.202403141607\\db\/mcu/
2025-04-02 09:53:19,112 [INFO] ApiDb:274 - Set plugin database path to: C:\ST\STM32CubeIDE_1.15.0\STM32CubeIDE\plugins\com.st.stm32cube.common.mx_6.11.0.202403141607\\db\/plugins/boardmanager/
2025-04-02 09:53:19,112 [WARN] ApiDb:259 - Overriding images path with different value:  => C:\ST\STM32CubeIDE_1.15.0\STM32CubeIDE\plugins\com.st.stm32cube.common.mx_6.11.0.202403141607\\db\/plugins/mcufinder/images/
2025-04-02 09:53:19,126 [INFO] ApiDb:250 - Set database path to: C:\Users\racin\.stmcufinder\plugins\mcufinder//mcu/
2025-04-02 09:53:19,128 [INFO] DbMcusAds:125 - Set database path to: C:\Users\racin\.stmcufinder\plugins\mcufinder//mcu/
2025-04-02 09:53:19,131 [INFO] CrossReferenceDbSqlite:203 - Set database path to: C:\Users\racin\.stmcufinder\plugins\mcufinder//mcu/cs/
2025-04-02 09:53:19,368 [INFO] RulesReader:64 - Compatibility file has been processed (297 Rules)
2025-04-02 09:53:19,586 [INFO] DbMcusXml:78 - Set database path to: C:\ST\STM32CubeIDE_1.15.0\STM32CubeIDE\plugins\com.st.stm32cube.common.mx_6.11.0.202403141607\\db\/mcu/
2025-04-02 09:53:19,586 [INFO] ApiDb:274 - Set plugin database path to: C:\ST\STM32CubeIDE_1.15.0\STM32CubeIDE\plugins\com.st.stm32cube.common.mx_6.11.0.202403141607\\db\/plugins/boardmanager/
2025-04-02 09:53:19,587 [INFO] ApiDb:261 - Set plugin images path to: C:\ST\STM32CubeIDE_1.15.0\STM32CubeIDE\plugins\com.st.stm32cube.common.mx_6.11.0.202403141607\\db\/plugins/mcufinder/images/
2025-04-02 09:53:19,587 [WARN] DbFile:41 - Overriding database path with different value: C:\Users\racin\.stmcufinder\plugins\mcufinder/ => C:\Users\racin\.stmcufinder\plugins\mcufinder
2025-04-02 09:53:19,587 [INFO] ApiDb:250 - Set database path to: C:\Users\racin\.stmcufinder\plugins\mcufinder//mcu/
2025-04-02 09:53:19,587 [WARN] DbFile:41 - Overriding database path with different value: C:\Users\racin\.stmcufinder\plugins\mcufinder/ => C:\Users\racin\.stmcufinder\plugins\mcufinder
2025-04-02 09:53:19,588 [INFO] DbMcusAds:125 - Set database path to: C:\Users\racin\.stmcufinder\plugins\mcufinder//mcu/
2025-04-02 09:53:19,588 [WARN] DbFile:41 - Overriding database path with different value: C:\Users\racin\.stmcufinder\plugins\mcufinder/ => C:\Users\racin\.stmcufinder\plugins\mcufinder
2025-04-02 09:53:19,588 [WARN] DbFile:41 - Overriding database path with different value: C:\Users\racin\.stmcufinder\plugins\mcufinder/ => C:\Users\racin\.stmcufinder\plugins\mcufinder
2025-04-02 09:53:19,588 [INFO] CrossReferenceDbSqlite:203 - Set database path to: C:\Users\racin\.stmcufinder\plugins\mcufinder//mcu/cs/
2025-04-02 09:53:19,776 [INFO] MainPanel:264 - HeapMemory: 268435456
2025-04-02 09:53:19,939 [INFO] DbMcusXml:78 - Set database path to: C:\ST\STM32CubeIDE_1.15.0\STM32CubeIDE\plugins\com.st.stm32cube.common.mx_6.11.0.202403141607\\db\/mcu/
2025-04-02 09:53:19,939 [INFO] ApiDb:274 - Set plugin database path to: C:\ST\STM32CubeIDE_1.15.0\STM32CubeIDE\plugins\com.st.stm32cube.common.mx_6.11.0.202403141607\\db\/plugins/boardmanager/
2025-04-02 09:53:19,939 [INFO] ApiDb:261 - Set plugin images path to: C:\ST\STM32CubeIDE_1.15.0\STM32CubeIDE\plugins\com.st.stm32cube.common.mx_6.11.0.202403141607\\db\/plugins/mcufinder/images/
2025-04-02 09:53:19,939 [WARN] DbFile:41 - Overriding database path with different value: C:\Users\racin\.stmcufinder\plugins\mcufinder/ => C:\Users\racin\.stmcufinder\plugins\mcufinder
2025-04-02 09:53:19,939 [INFO] ApiDb:250 - Set database path to: C:\Users\racin\.stmcufinder\plugins\mcufinder//mcu/
2025-04-02 09:53:19,939 [WARN] DbFile:41 - Overriding database path with different value: C:\Users\racin\.stmcufinder\plugins\mcufinder/ => C:\Users\racin\.stmcufinder\plugins\mcufinder
2025-04-02 09:53:19,940 [INFO] DbMcusAds:125 - Set database path to: C:\Users\racin\.stmcufinder\plugins\mcufinder//mcu/
2025-04-02 09:53:19,940 [WARN] DbFile:41 - Overriding database path with different value: C:\Users\racin\.stmcufinder\plugins\mcufinder/ => C:\Users\racin\.stmcufinder\plugins\mcufinder
2025-04-02 09:53:19,940 [WARN] DbFile:41 - Overriding database path with different value: C:\Users\racin\.stmcufinder\plugins\mcufinder/ => C:\Users\racin\.stmcufinder\plugins\mcufinder
2025-04-02 09:53:19,940 [INFO] CrossReferenceDbSqlite:203 - Set database path to: C:\Users\racin\.stmcufinder\plugins\mcufinder//mcu/cs/
2025-04-02 09:53:19,959 [INFO] ApplicationProperties:184 - Using Application install path: C:\ST\STM32CubeIDE_1.15.0\STM32CubeIDE\plugins\com.st.stm32cube.common.mx_6.11.0.202403141607
2025-04-02 09:53:19,961 [INFO] PluginManage:196 - Search for loadable plugins [exclusion list=, ]
2025-04-02 09:53:19,963 [INFO] PluginManage:310 - Check plugin analytics
2025-04-02 09:53:20,278 [INFO] AnalyticsPlugin:253 - Accepted Software Licenses: 
2025-04-02 09:53:20,279 [INFO] AnalyticsPlugin:255 - Accepted CMSIS Pack Licenses: 
2025-04-02 09:53:20,279 [INFO] AnalyticsPlugin:257 - Accepted Firmware Licenses: FW.L4.1.18.0,FW.F7.1.17.0,FW.H7.1.11.0
2025-04-02 09:53:20,283 [INFO] PluginManage:359 - Loaded plugin analytics (category:tool,tabindex:-1)
2025-04-02 09:53:20,283 [INFO] PluginManage:310 - Check plugin cadmodel
2025-04-02 09:53:20,333 [INFO] CADModel:105 - Init CAD model plugin
2025-04-02 09:53:20,333 [INFO] PluginManage:359 - Loaded plugin cadmodel (category:power,tabindex:5)
2025-04-02 09:53:20,334 [INFO] PluginManage:310 - Check plugin clock
2025-04-02 09:53:20,370 [INFO] PluginManage:359 - Loaded plugin clock (category:base,tabindex:2)
2025-04-02 09:53:20,371 [INFO] PluginManage:310 - Check plugin ddr
2025-04-02 09:53:20,374 [INFO] PluginManage:359 - Loaded plugin ddr (category:tool,tabindex:6)
2025-04-02 09:53:20,374 [INFO] PluginManage:310 - Check plugin filemanager
2025-04-02 09:53:20,605 [INFO] PluginManage:359 - Loaded plugin filemanager (category:base,tabindex:10)
2025-04-02 09:53:20,606 [INFO] PluginManage:310 - Check plugin ipmanager
2025-04-02 09:53:20,615 [INFO] PluginManage:359 - Loaded plugin ipmanager (category:base,tabindex:5)
2025-04-02 09:53:20,616 [INFO] PluginManage:310 - Check plugin lpbam
2025-04-02 09:53:20,657 [INFO] PluginManage:359 - Loaded plugin lpbam (category:base,tabindex:0)
2025-04-02 09:53:20,657 [INFO] PluginManage:310 - Check plugin memorymap
2025-04-02 09:53:20,701 [INFO] PluginManage:359 - Loaded plugin memorymap (category:base,tabindex:4)
2025-04-02 09:53:20,701 [INFO] PluginManage:310 - Check plugin pinoutandconfiguration
2025-04-02 09:53:20,729 [INFO] PluginManage:359 - Loaded plugin pinoutandconfiguration (category:base,tabindex:1)
2025-04-02 09:53:20,729 [INFO] PluginManage:310 - Check plugin pinoutconfig
2025-04-02 09:53:20,920 [WARN] SupportedApi:132 - Cannot load RTOS API schema: s4s-elt-must-match.1: The content of 'definitions' must match (annotation?, (simpleType | complexType)?, (unique | key | keyref)*)). A problem was found starting at: attribute.
2025-04-02 09:53:21,257 [INFO] PluginManage:359 - Loaded plugin pinoutconfig (category:base,tabindex:0)
2025-04-02 09:53:21,258 [INFO] PluginManage:310 - Check plugin power
2025-04-02 09:53:21,288 [INFO] PluginManage:359 - Loaded plugin power (category:power,tabindex:4)
2025-04-02 09:53:21,289 [INFO] PluginManage:310 - Check plugin projectmanager
2025-04-02 09:53:21,317 [INFO] PluginManage:359 - Loaded plugin projectmanager (category:projectmanager,tabindex:3)
2025-04-02 09:53:21,318 [INFO] PluginManage:310 - Check plugin thirdparty
2025-04-02 09:53:21,681 [INFO] PluginManage:359 - Loaded plugin thirdparty (category:base,tabindex:-1)
2025-04-02 09:53:21,681 [INFO] PluginManage:310 - Check plugin tools
2025-04-02 09:53:21,681 [WARN] IntegrityCheckThread:84 - waiting for thirdparty lock release [integrity check]
2025-04-02 09:53:21,682 [INFO] IntegrityCheckThread:86 - entering critical section [integrity check]
2025-04-02 09:53:21,682 [INFO] ThirdPartyUpdaterWithRetryManager:70 - Updater plugin not ready yet. [1/15]
2025-04-02 09:53:21,743 [INFO] PluginManage:359 - Loaded plugin tools (category:base,tabindex:7)
2025-04-02 09:53:21,743 [INFO] PluginManage:310 - Check plugin tutovideos
2025-04-02 09:53:22,112 [INFO] PluginManage:359 - Loaded plugin tutovideos (category:base,tabindex:-1)
2025-04-02 09:53:22,112 [INFO] PluginManage:310 - Check plugin updater
2025-04-02 09:53:22,130 [INFO] PluginManage:359 - Loaded plugin updater (category:base,tabindex:12)
2025-04-02 09:53:22,130 [INFO] PluginManage:310 - Check plugin userauth
2025-04-02 09:53:22,135 [INFO] UserAuth:114 - Init User Auth plugin
2025-04-02 09:53:22,135 [INFO] PluginManage:359 - Loaded plugin userauth (category:base,tabindex:14)
2025-04-02 09:53:22,136 [INFO] PluginManage:283 - PluginManage : Loaded plugins [17]
2025-04-02 09:53:22,385 [INFO] PinOutPanel:1561 - setPackage(No Configuration,No Configuration)
2025-04-02 09:53:22,470 [INFO] CADModel:165 - CPN selected for project level
2025-04-02 09:53:22,470 [INFO] CADModel:114 - Register for checkConnection events
2025-04-02 09:53:22,499 [INFO] IPUIPlugin:80 - create IPUIPlugin
2025-04-02 09:53:22,499 [INFO] PluginManager:220 - loadIPPluginJar : add adc
2025-04-02 09:53:22,546 [INFO] IPUIPlugin:80 - create IPUIPlugin
2025-04-02 09:53:22,546 [INFO] PluginManager:220 - loadIPPluginJar : add aes
2025-04-02 09:53:22,600 [INFO] IPUIPlugin:80 - create IPUIPlugin
2025-04-02 09:53:22,600 [INFO] PluginManager:220 - loadIPPluginJar : add can
2025-04-02 09:53:22,635 [INFO] IPUIPlugin:80 - create IPUIPlugin
2025-04-02 09:53:22,635 [INFO] PluginManager:220 - loadIPPluginJar : add comp
2025-04-02 09:53:22,684 [INFO] IPUIPlugin:80 - create IPUIPlugin
2025-04-02 09:53:22,684 [INFO] PluginManager:220 - loadIPPluginJar : add cryp
2025-04-02 09:53:22,724 [INFO] IPUIPlugin:80 - create IPUIPlugin
2025-04-02 09:53:22,724 [INFO] PluginManager:220 - loadIPPluginJar : add dfsdm
2025-04-02 09:53:22,744 [INFO] IPUIPlugin:80 - create IPUIPlugin
2025-04-02 09:53:22,745 [INFO] PluginManager:220 - loadIPPluginJar : add dma
2025-04-02 09:53:22,813 [INFO] IPUIPlugin:80 - create IPUIPlugin
2025-04-02 09:53:22,813 [INFO] PluginManager:220 - loadIPPluginJar : add dma3
2025-04-02 09:53:22,879 [INFO] IPUIPlugin:80 - create IPUIPlugin
2025-04-02 09:53:22,879 [INFO] PluginManager:220 - loadIPPluginJar : add extmemmanager
2025-04-02 09:53:22,914 [INFO] IPUIPlugin:80 - create IPUIPlugin
2025-04-02 09:53:22,914 [INFO] PluginManager:220 - loadIPPluginJar : add fatfs
2025-04-02 09:53:22,986 [INFO] IPUIPlugin:80 - create IPUIPlugin
2025-04-02 09:53:22,986 [INFO] PluginManager:220 - loadIPPluginJar : add fmc
2025-04-02 09:53:23,010 [INFO] IPUIPlugin:80 - create IPUIPlugin
2025-04-02 09:53:23,010 [INFO] PluginManager:220 - loadIPPluginJar : add freertos
2025-04-02 09:53:23,044 [INFO] IPUIPlugin:80 - create IPUIPlugin
2025-04-02 09:53:23,044 [INFO] PluginManager:220 - loadIPPluginJar : add genericplugin
2025-04-02 09:53:23,239 [INFO] IPUIPlugin:80 - create IPUIPlugin
2025-04-02 09:53:23,239 [INFO] PluginManager:220 - loadIPPluginJar : add gfxmmu
2025-04-02 09:53:23,569 [INFO] IPUIPlugin:80 - create IPUIPlugin
2025-04-02 09:53:23,570 [INFO] PluginManager:220 - loadIPPluginJar : add gic
2025-04-02 09:53:23,610 [INFO] IPUIPlugin:80 - create IPUIPlugin
2025-04-02 09:53:23,610 [INFO] PluginManager:220 - loadIPPluginJar : add gpio
2025-04-02 09:53:23,818 [INFO] IPUIPlugin:80 - create IPUIPlugin
2025-04-02 09:53:23,819 [INFO] PluginManager:220 - loadIPPluginJar : add gtzc
2025-04-02 09:53:23,977 [INFO] IPUIPlugin:80 - create IPUIPlugin
2025-04-02 09:53:23,977 [INFO] PluginManager:220 - loadIPPluginJar : add hash
2025-04-02 09:53:24,119 [INFO] IPUIPlugin:80 - create IPUIPlugin
2025-04-02 09:53:24,119 [INFO] PluginManager:220 - loadIPPluginJar : add i2c
2025-04-02 09:53:24,268 [INFO] IPUIPlugin:80 - create IPUIPlugin
2025-04-02 09:53:24,268 [INFO] PluginManager:220 - loadIPPluginJar : add i2s
2025-04-02 09:53:24,384 [INFO] IPUIPlugin:80 - create IPUIPlugin
2025-04-02 09:53:24,385 [INFO] PluginManager:220 - loadIPPluginJar : add i3c
2025-04-02 09:53:24,590 [INFO] IPUIPlugin:80 - create IPUIPlugin
2025-04-02 09:53:24,590 [INFO] PluginManager:220 - loadIPPluginJar : add ipddr
2025-04-02 09:53:24,684 [INFO] ThirdPartyUpdaterWithRetryManager:70 - Updater plugin not ready yet. [2/15]
2025-04-02 09:53:24,806 [INFO] IPUIPlugin:80 - create IPUIPlugin
2025-04-02 09:53:24,806 [INFO] PluginManager:220 - loadIPPluginJar : add linkedlist
2025-04-02 09:53:24,883 [INFO] IPUIPlugin:80 - create IPUIPlugin
2025-04-02 09:53:24,883 [INFO] PluginManager:220 - loadIPPluginJar : add lorawan
2025-04-02 09:53:24,969 [INFO] IPUIPlugin:80 - create IPUIPlugin
2025-04-02 09:53:24,970 [INFO] PluginManager:220 - loadIPPluginJar : add ltdc
2025-04-02 09:53:25,004 [INFO] IPUIPlugin:80 - create IPUIPlugin
2025-04-02 09:53:25,004 [INFO] PluginManager:220 - loadIPPluginJar : add mdma
2025-04-02 09:53:25,025 [INFO] IPUIPlugin:80 - create IPUIPlugin
2025-04-02 09:53:25,025 [INFO] PluginManager:220 - loadIPPluginJar : add nvic
2025-04-02 09:53:25,109 [INFO] IPUIPlugin:80 - create IPUIPlugin
2025-04-02 09:53:25,109 [INFO] PluginManager:220 - loadIPPluginJar : add opamp
2025-04-02 09:53:25,227 [INFO] IPUIPlugin:80 - create IPUIPlugin
2025-04-02 09:53:25,227 [INFO] PluginManager:220 - loadIPPluginJar : add openamp
2025-04-02 09:53:25,329 [INFO] IPUIPlugin:80 - create IPUIPlugin
2025-04-02 09:53:25,329 [INFO] PluginManager:220 - loadIPPluginJar : add pdm2pcm
2025-04-02 09:53:25,357 [INFO] IPUIPlugin:80 - create IPUIPlugin
2025-04-02 09:53:25,362 [INFO] PluginManager:220 - loadIPPluginJar : add plateformsettings
2025-04-02 09:53:25,410 [INFO] IPUIPlugin:80 - create IPUIPlugin
2025-04-02 09:53:25,410 [INFO] PluginManager:220 - loadIPPluginJar : add quadspi
2025-04-02 09:53:25,442 [INFO] IPUIPlugin:80 - create IPUIPlugin
2025-04-02 09:53:25,443 [INFO] PluginManager:220 - loadIPPluginJar : add resmgrutility
2025-04-02 09:53:25,545 [INFO] IPUIPlugin:80 - create IPUIPlugin
2025-04-02 09:53:25,546 [INFO] PluginManager:220 - loadIPPluginJar : add sai
2025-04-02 09:53:25,619 [INFO] IPUIPlugin:80 - create IPUIPlugin
2025-04-02 09:53:25,619 [INFO] PluginManager:220 - loadIPPluginJar : add spi
2025-04-02 09:53:25,733 [INFO] IPUIPlugin:80 - create IPUIPlugin
2025-04-02 09:53:25,733 [INFO] PluginManager:220 - loadIPPluginJar : add stm32_wpan
2025-04-02 09:53:25,768 [INFO] IPUIPlugin:80 - create IPUIPlugin
2025-04-02 09:53:25,768 [INFO] PluginManager:220 - loadIPPluginJar : add tim
2025-04-02 09:53:25,859 [INFO] IPUIPlugin:80 - create IPUIPlugin
2025-04-02 09:53:25,860 [INFO] PluginManager:220 - loadIPPluginJar : add touchsensing
2025-04-02 09:53:25,899 [INFO] IPUIPlugin:80 - create IPUIPlugin
2025-04-02 09:53:25,899 [INFO] PluginManager:220 - loadIPPluginJar : add tracer_emb
2025-04-02 09:53:25,936 [INFO] IPUIPlugin:80 - create IPUIPlugin
2025-04-02 09:53:25,936 [INFO] PluginManager:220 - loadIPPluginJar : add ts
2025-04-02 09:53:25,968 [INFO] IPUIPlugin:80 - create IPUIPlugin
2025-04-02 09:53:25,968 [INFO] PluginManager:220 - loadIPPluginJar : add tsc
2025-04-02 09:53:25,998 [INFO] IPUIPlugin:80 - create IPUIPlugin
2025-04-02 09:53:25,998 [INFO] PluginManager:220 - loadIPPluginJar : add ucpd
2025-04-02 09:53:26,056 [INFO] IPUIPlugin:80 - create IPUIPlugin
2025-04-02 09:53:26,056 [INFO] PluginManager:220 - loadIPPluginJar : add usart
2025-04-02 09:53:26,116 [INFO] IPUIPlugin:80 - create IPUIPlugin
2025-04-02 09:53:26,116 [INFO] PluginManager:220 - loadIPPluginJar : add usbx
2025-04-02 09:53:26,264 [INFO] CADModel:165 - CPN selected for project level
2025-04-02 09:53:26,264 [INFO] CADModel:114 - Register for checkConnection events
2025-04-02 09:53:26,264 [FATAL] Updater:308 - Updater called before beeing initialized
2025-04-02 09:53:26,264 [ERROR] CADModel:125 - Updater not yet initialized, retry later 
2025-04-02 09:53:26,430 [INFO] CADModel:165 - CPN selected for project level
2025-04-02 09:53:26,430 [INFO] CADModel:114 - Register for checkConnection events
2025-04-02 09:53:26,430 [FATAL] Updater:308 - Updater called before beeing initialized
2025-04-02 09:53:26,430 [ERROR] CADModel:125 - Updater not yet initialized, retry later 
2025-04-02 09:53:26,434 [FATAL] Updater:308 - Updater called before beeing initialized
2025-04-02 09:53:26,571 [FATAL] Updater:308 - Updater called before beeing initialized
2025-04-02 09:53:26,583 [INFO] DbMcusAds:53 - JSON generation date=Thu Mar 06 15:54:21 CET 2025 (1741272861825)
2025-04-02 09:53:26,583 [FATAL] Updater:308 - Updater called before beeing initialized
2025-04-02 09:53:26,629 [WARN] DetailPanel:346 - Failed to get advertising image, set to default
2025-04-02 09:53:26,727 [FATAL] Updater:308 - Updater called before beeing initialized
2025-04-02 09:53:26,730 [FATAL] Updater:308 - Updater called before beeing initialized
2025-04-02 09:53:26,730 [FATAL] Updater:308 - Updater called before beeing initialized
2025-04-02 09:53:26,730 [WARN] DetailPanel:346 - Failed to get advertising image, set to default
2025-04-02 09:53:26,731 [FATAL] Updater:308 - Updater called before beeing initialized
2025-04-02 09:53:26,798 [ERROR] Updater:1120 - MainUpdater not yet initialized. External WinMGr cannot be set.
2025-04-02 09:53:26,811 [INFO] Updater:1056 - Updater Version found : 6.11.0
2025-04-02 09:53:26,831 [INFO] ApplicationProperties:184 - Using Application install path: C:\ST\STM32CubeIDE_1.15.0\STM32CubeIDE\plugins\com.st.stm32cube.common.mx_6.11.0.202403141607
2025-04-02 09:53:27,685 [INFO] ThirdPartyUpdaterWithRetryManager:70 - Updater plugin not ready yet. [3/15]
2025-04-02 09:53:28,437 [ERROR] LogOutputStream:75 - [STDERR_REDIRECT] Apr 02, 2025 9:53:28 AM java.util.prefs.WindowsPreferences <init>
2025-04-02 09:53:28,446 [ERROR] LogOutputStream:75 - [STDERR_REDIRECT] WARNING: Could not open/create prefs root node Software\JavaSoft\Prefs at root 0xffffffff80000002. Windows RegCreateKeyEx(...) returned error code 5.
2025-04-02 09:53:28,447 [ERROR] LogOutputStream:75 - [STDERR_REDIRECT] 
2025-04-02 09:53:28,982 [INFO] MainUpdater:2873 - connection check result : 10
2025-04-02 09:53:28,983 [INFO] MainUpdater:290 - Updater Check For Update Now.
2025-04-02 09:53:28,983 [INFO] MicroXplorer:498 - Change Database Version : DB.6.0.110
2025-04-02 09:53:28,999 [INFO] McuFinderGlobals:63 - Set McuFinder mode to 2 (CubeIDE integrated)
2025-04-02 09:53:29,015 [INFO] UserAuth:415 - Internet connection configuration mode: 1
2025-04-02 09:53:29,051 [INFO] JxBrowserEngine:152 - Initiate JxBrowser Engine with user profile folder
2025-04-02 09:53:29,235 [INFO] CheckServerUpdateThread:120 - End of CheckServer Thread
2025-04-02 09:53:30,984 [WARN] PackLoader:240 - Cannot read IP mode file for STMicroelectronics.FP-SNS-MOTENVWB1.1.4.0
2025-04-02 09:53:31,005 [WARN] PackLoader:240 - Cannot read IP mode file for STMicroelectronics.FP-ATR-ASTRA1.2.0.2
2025-04-02 09:53:31,022 [WARN] PackLoader:240 - Cannot read IP mode file for STMicroelectronics.X-CUBE-SMBUS.2.1.0
2025-04-02 09:53:31,041 [WARN] PackLoader:240 - Cannot read IP mode file for STMicroelectronics.X-CUBE-WB05N.1.1.0
2025-04-02 09:53:31,057 [WARN] PackLoader:240 - Cannot read IP mode file for STMicroelectronics.X-CUBE-TOUCHGFX.4.23.2
2025-04-02 09:53:31,122 [WARN] PackLoader:240 - Cannot read IP mode file for STMicroelectronics.X-CUBE-AZRTOS-F7.1.1.0
2025-04-02 09:53:31,226 [WARN] PackLoader:240 - Cannot read IP mode file for STMicroelectronics.X-CUBE-MEMS1.11.0.0
2025-04-02 09:53:31,418 [WARN] PackLoader:240 - Cannot read IP mode file for STMicroelectronics.FP-SNS-FLIGHT1.5.0.2
2025-04-02 09:53:31,449 [WARN] PackLoader:240 - Cannot read IP mode file for STMicroelectronics.X-CUBE-DISPLAY.3.0.0
2025-04-02 09:53:31,479 [WARN] PackLoader:240 - Cannot read IP mode file for STMicroelectronics.X-CUBE-BLE1.7.0.0
2025-04-02 09:53:31,500 [WARN] PackLoader:240 - Cannot read IP mode file for STMicroelectronics.X-CUBE-NFC10.1.0.0
2025-04-02 09:53:31,531 [WARN] PackLoader:240 - Cannot read IP mode file for STMicroelectronics.X-CUBE-BLEMGR.4.0.0
2025-04-02 09:53:31,561 [WARN] PackLoader:240 - Cannot read IP mode file for emotas.I-CUBE-CANOPEN.1.3.0
2025-04-02 09:53:31,582 [WARN] ConditionMgr:438 - getConditionDescription Invalid condition id : Cortex-A Device cause : null
2025-04-02 09:53:31,631 [WARN] ConditionMgr:1039 - genDependencies : Invalid condition id : Cortex-A Device cause : null
2025-04-02 09:53:31,631 [WARN] ConditionMgr:1039 - genDependencies : Invalid condition id : Cortex-A Device cause : null
2025-04-02 09:53:31,631 [WARN] ConditionMgr:1039 - genDependencies : Invalid condition id : Cortex-A Device cause : null
2025-04-02 09:53:31,655 [WARN] PackLoader:240 - Cannot read IP mode file for STMicroelectronics.X-CUBE-BLEMGR.3.1.0
2025-04-02 09:53:31,739 [WARN] PackLoader:240 - Cannot read IP mode file for STMicroelectronics.X-CUBE-AI.10.0.0
2025-04-02 09:53:31,887 [WARN] PackLoader:240 - Cannot read IP mode file for STMicroelectronics.FP-SNS-SMARTAG2.1.2.0
2025-04-02 09:53:31,906 [ERROR] Engine:466 - C:\Users\racin\.stm32cubemx\thirdparties\pdsc\STMicroelectronics.FP-SNS-FLIGHT1.5.1.0.pdsc: PDSC version is not supported
2025-04-02 09:53:32,066 [WARN] PackLoader:240 - Cannot read IP mode file for STMicroelectronics.X-CUBE-MEMS1.11.1.0
2025-04-02 09:53:32,273 [INFO] LogOutputStream:77 - [STDOUT_REDIRECT] 1 : Invalid condition id : UX_CORESTACK_Condition cause : null
2025-04-02 09:53:32,274 [INFO] LogOutputStream:77 - [STDOUT_REDIRECT] 1 : Invalid condition id : UX_CORESTACK_Condition cause : null
2025-04-02 09:53:32,276 [INFO] LogOutputStream:77 - [STDOUT_REDIRECT] 1 : Invalid condition id : UX_CORESTACK_Condition cause : null
2025-04-02 09:53:32,277 [INFO] LogOutputStream:77 - [STDOUT_REDIRECT] 1 : Invalid condition id : UX_CORESTACK_Condition cause : null
2025-04-02 09:53:32,278 [INFO] LogOutputStream:77 - [STDOUT_REDIRECT] 1 : Invalid condition id : UX_CORESTACK_Condition cause : null
2025-04-02 09:53:32,281 [WARN] PackLoader:240 - Cannot read IP mode file for STMicroelectronics.X-CUBE-AZRTOS-WL.2.0.0
2025-04-02 09:53:32,302 [WARN] PackLoader:240 - Cannot read IP mode file for STMicroelectronics.FP-SNS-MOTENV1.5.0.0
2025-04-02 09:53:32,321 [WARN] PackLoader:240 - Cannot read IP mode file for wolfSSL.I-CUBE-wolfMQTT.1.19.0
2025-04-02 09:53:32,347 [WARN] PackLoader:240 - Cannot read IP mode file for WES.I-CUBE-Cesium.1.3.0
2025-04-02 09:53:32,368 [WARN] PackLoader:240 - Cannot read IP mode file for STMicroelectronics.X-CUBE-BLE2.3.3.0
2025-04-02 09:53:32,396 [WARN] PackLoader:240 - Cannot read IP mode file for STMicroelectronics.X-CUBE-NFC9.1.0.0
2025-04-02 09:53:32,416 [WARN] PackLoader:240 - Cannot read IP mode file for STMicroelectronics.X-CUBE-BLE1.7.1.0
2025-04-02 09:53:32,435 [WARN] PackLoader:240 - Cannot read IP mode file for STMicroelectronics.X-CUBE-TCPP.4.1.0
2025-04-02 09:53:32,452 [WARN] PackLoader:240 - Cannot read IP mode file for STMicroelectronics.X-CUBE-ALGOBUILD.1.3.0
2025-04-02 09:53:32,488 [WARN] PackLoader:240 - Cannot read IP mode file for STMicroelectronics.X-CUBE-AZRTOS-G0.1.1.0
2025-04-02 09:53:32,769 [WARN] PackLoader:240 - Cannot read IP mode file for STMicroelectronics.X-CUBE-SAFEA1.1.2.2
2025-04-02 09:53:32,797 [WARN] PackLoader:240 - Cannot read IP mode file for STMicroelectronics.X-CUBE-NFC4.3.0.0
2025-04-02 09:53:32,828 [WARN] PackLoader:240 - Cannot read IP mode file for EmbeddedOffice.I-CUBE-FS-RTOS.1.0.1
2025-04-02 09:53:32,828 [ERROR] ConditionMgr:805 - Attr not supported : Dmpu
2025-04-02 09:53:32,828 [ERROR] ConditionMgr:805 - Attr not supported : Dmpu
2025-04-02 09:53:32,828 [ERROR] ConditionMgr:805 - Attr not supported : Dmpu
2025-04-02 09:53:32,828 [ERROR] ConditionMgr:805 - Attr not supported : Dmpu
2025-04-02 09:53:32,828 [ERROR] ConditionMgr:805 - Attr not supported : Dmpu
2025-04-02 09:53:32,829 [ERROR] ConditionMgr:805 - Attr not supported : Dmpu
2025-04-02 09:53:32,829 [ERROR] ConditionMgr:805 - Attr not supported : Dmpu
2025-04-02 09:53:32,829 [ERROR] ConditionMgr:805 - Attr not supported : Dmpu
2025-04-02 09:53:32,829 [ERROR] ConditionMgr:805 - Attr not supported : Dmpu
2025-04-02 09:53:32,829 [ERROR] ConditionMgr:805 - Attr not supported : Dmpu
2025-04-02 09:53:32,829 [ERROR] ConditionMgr:805 - Attr not supported : Dmpu
2025-04-02 09:53:32,829 [ERROR] ConditionMgr:805 - Attr not supported : Dmpu
2025-04-02 09:53:32,829 [ERROR] ConditionMgr:805 - Attr not supported : Dmpu
2025-04-02 09:53:32,829 [ERROR] ConditionMgr:805 - Attr not supported : Dmpu
2025-04-02 09:53:32,829 [ERROR] ConditionMgr:805 - Attr not supported : Dmpu
2025-04-02 09:53:32,829 [ERROR] ConditionMgr:805 - Attr not supported : Dmpu
2025-04-02 09:53:32,829 [ERROR] ConditionMgr:805 - Attr not supported : Dmpu
2025-04-02 09:53:32,829 [ERROR] ConditionMgr:805 - Attr not supported : Dmpu
2025-04-02 09:53:32,830 [ERROR] ConditionMgr:805 - Attr not supported : Dmpu
2025-04-02 09:53:32,830 [ERROR] ConditionMgr:805 - Attr not supported : Dmpu
2025-04-02 09:53:32,830 [ERROR] ConditionMgr:805 - Attr not supported : Dmpu
2025-04-02 09:53:32,830 [ERROR] ConditionMgr:805 - Attr not supported : Dmpu
2025-04-02 09:53:32,830 [ERROR] ConditionMgr:805 - Attr not supported : Dmpu
2025-04-02 09:53:32,830 [ERROR] ConditionMgr:805 - Attr not supported : Dmpu
2025-04-02 09:53:32,830 [ERROR] ConditionMgr:805 - Attr not supported : Dmpu
2025-04-02 09:53:32,830 [ERROR] ConditionMgr:805 - Attr not supported : Dmpu
2025-04-02 09:53:32,830 [ERROR] ConditionMgr:805 - Attr not supported : Dmpu
2025-04-02 09:53:32,830 [ERROR] ConditionMgr:805 - Attr not supported : Dmpu
2025-04-02 09:53:32,830 [ERROR] ConditionMgr:805 - Attr not supported : Dmpu
2025-04-02 09:53:32,830 [ERROR] ConditionMgr:805 - Attr not supported : Dmpu
2025-04-02 09:53:32,830 [ERROR] ConditionMgr:805 - Attr not supported : Dmpu
2025-04-02 09:53:32,830 [ERROR] ConditionMgr:805 - Attr not supported : Dmpu
2025-04-02 09:53:32,830 [ERROR] ConditionMgr:805 - Attr not supported : Dmpu
2025-04-02 09:53:32,831 [ERROR] ConditionMgr:805 - Attr not supported : Dmpu
2025-04-02 09:53:32,831 [ERROR] ConditionMgr:805 - Attr not supported : Dmpu
2025-04-02 09:53:32,831 [ERROR] ConditionMgr:805 - Attr not supported : Dmpu
2025-04-02 09:53:32,831 [ERROR] ConditionMgr:805 - Attr not supported : Dmpu
2025-04-02 09:53:32,831 [ERROR] ConditionMgr:805 - Attr not supported : Dmpu
2025-04-02 09:53:32,831 [ERROR] ConditionMgr:805 - Attr not supported : Dmpu
2025-04-02 09:53:32,831 [ERROR] ConditionMgr:805 - Attr not supported : Dmpu
2025-04-02 09:53:32,831 [ERROR] ConditionMgr:805 - Attr not supported : Dmpu
2025-04-02 09:53:32,831 [ERROR] ConditionMgr:805 - Attr not supported : Dmpu
2025-04-02 09:53:32,831 [ERROR] ConditionMgr:805 - Attr not supported : Dmpu
2025-04-02 09:53:32,831 [ERROR] ConditionMgr:805 - Attr not supported : Dmpu
2025-04-02 09:53:32,831 [ERROR] ConditionMgr:805 - Attr not supported : Dmpu
2025-04-02 09:53:32,832 [ERROR] ConditionMgr:805 - Attr not supported : Dmpu
2025-04-02 09:53:32,832 [ERROR] ConditionMgr:805 - Attr not supported : Dmpu
2025-04-02 09:53:32,832 [ERROR] ConditionMgr:805 - Attr not supported : Dmpu
2025-04-02 09:53:32,832 [ERROR] ConditionMgr:805 - Attr not supported : Dmpu
2025-04-02 09:53:32,833 [ERROR] ConditionMgr:805 - Attr not supported : Dmpu
2025-04-02 09:53:32,833 [ERROR] ConditionMgr:805 - Attr not supported : Dmpu
2025-04-02 09:53:32,833 [ERROR] ConditionMgr:805 - Attr not supported : Dmpu
2025-04-02 09:53:32,833 [ERROR] ConditionMgr:805 - Attr not supported : Dmpu
2025-04-02 09:53:32,833 [ERROR] ConditionMgr:805 - Attr not supported : Dmpu
2025-04-02 09:53:32,833 [ERROR] ConditionMgr:805 - Attr not supported : Dmpu
2025-04-02 09:53:32,833 [ERROR] ConditionMgr:805 - Attr not supported : Dmpu
2025-04-02 09:53:32,833 [ERROR] ConditionMgr:805 - Attr not supported : Dmpu
2025-04-02 09:53:32,833 [ERROR] ConditionMgr:805 - Attr not supported : Dmpu
2025-04-02 09:53:32,833 [ERROR] ConditionMgr:805 - Attr not supported : Dmpu
2025-04-02 09:53:32,833 [ERROR] ConditionMgr:805 - Attr not supported : Dmpu
2025-04-02 09:53:32,833 [ERROR] ConditionMgr:805 - Attr not supported : Dmpu
2025-04-02 09:53:32,833 [ERROR] ConditionMgr:805 - Attr not supported : Dmpu
2025-04-02 09:53:32,833 [ERROR] ConditionMgr:805 - Attr not supported : Dmpu
2025-04-02 09:53:32,834 [ERROR] ConditionMgr:805 - Attr not supported : Dmpu
2025-04-02 09:53:32,853 [ERROR] Engine:466 - C:\Users\racin\.stm32cubemx\thirdparties\pdsc\STMicroelectronics.X-CUBE-TCPP.4.2.0.pdsc: PDSC version is not supported
2025-04-02 09:53:32,868 [WARN] PackLoader:240 - Cannot read IP mode file for RealThread.X-CUBE-RT-Thread_Nano.4.1.1
2025-04-02 09:53:32,949 [WARN] PackLoader:240 - Cannot read IP mode file for wolfSSL.I-CUBE-wolfSSL.5.7.0
2025-04-02 09:53:32,968 [WARN] PackLoader:240 - Cannot read IP mode file for STMicroelectronics.FP-ATR-SIGFOX1.3.2.0
2025-04-02 09:53:32,987 [WARN] PackLoader:240 - Cannot read IP mode file for STMicroelectronics.X-CUBE-EEPRMA1.5.1.0
2025-04-02 09:53:33,005 [WARN] PackLoader:240 - Cannot read IP mode file for ITTIA_DB.I-CUBE-ITTIADB.8.9.0
2025-04-02 09:53:33,211 [WARN] PackLoader:240 - Cannot read IP mode file for SEGGER.I-CUBE-embOS.1.3.1
2025-04-02 09:53:33,450 [WARN] PackLoader:240 - Cannot read IP mode file for STMicroelectronics.X-CUBE-ALGOBUILD.1.4.0
2025-04-02 09:53:33,481 [WARN] PackLoader:240 - Cannot read IP mode file for STMicroelectronics.X-CUBE-AI.9.1.0
2025-04-02 09:53:33,516 [WARN] PackLoader:240 - Cannot read IP mode file for STMicroelectronics.X-CUBE-GNSS1.6.0.0
2025-04-02 09:53:33,621 [WARN] PackLoader:240 - Cannot read IP mode file for STMicroelectronics.X-CUBE-AZRTOS-F4.1.1.0
2025-04-02 09:53:33,766 [WARN] PackLoader:240 - Cannot read IP mode file for STMicroelectronics.X-CUBE-ISPU.2.1.0
2025-04-02 09:53:33,854 [WARN] PackLoader:240 - Cannot read IP mode file for STMicroelectronics.X-CUBE-FREERTOS.1.2.0
2025-04-02 09:53:33,900 [WARN] PackLoader:240 - Cannot read IP mode file for STMicroelectronics.X-CUBE-AZRTOS-L5.2.0.0
2025-04-02 09:53:33,921 [WARN] PackLoader:240 - Cannot read IP mode file for STMicroelectronics.X-CUBE-NFC6.3.1.0
2025-04-02 09:53:33,948 [WARN] PackLoader:240 - Cannot read IP mode file for STMicroelectronics.X-CUBE-DPower.1.2.0
2025-04-02 09:53:33,964 [WARN] PackLoader:240 - Cannot read IP mode file for STMicroelectronics.X-CUBE-AI.9.0.0
2025-04-02 09:53:33,980 [WARN] PackLoader:240 - Cannot read IP mode file for STMicroelectronics.X-CUBE-FREERTOS.1.3.0
2025-04-02 09:53:33,996 [WARN] PackLoader:240 - Cannot read IP mode file for STMicroelectronics.X-CUBE-NFC7.1.0.1
2025-04-02 09:53:34,012 [WARN] PackLoader:240 - Cannot read IP mode file for wolfSSL.I-CUBE-wolfTPM.3.2.0
2025-04-02 09:53:34,027 [WARN] PackLoader:240 - Cannot read IP mode file for STMicroelectronics.X-CUBE-DPower.1.3.0
2025-04-02 09:53:34,040 [WARN] PackLoader:240 - Cannot read IP mode file for STMicroelectronics.X-CUBE-AI.8.1.0
2025-04-02 09:53:34,072 [WARN] ConditionMgr:438 - getConditionDescription Invalid condition id : LAN8742 Phy interface Condition cause : null
2025-04-02 09:53:34,073 [WARN] PackLoader:240 - Cannot read IP mode file for STMicroelectronics.X-CUBE-AZRTOS-L4.2.0.0
2025-04-02 09:53:34,074 [WARN] ConditionMgr:1039 - genDependencies : Invalid condition id : LAN8742 Phy interface Condition cause : null
2025-04-02 09:53:34,074 [WARN] ConditionMgr:1039 - genDependencies : Invalid condition id : LAN8742 Phy interface Condition cause : null
2025-04-02 09:53:34,074 [WARN] ConditionMgr:1039 - genDependencies : Invalid condition id : LAN8742 Phy interface Condition cause : null
2025-04-02 09:53:34,104 [WARN] PackLoader:240 - Cannot read IP mode file for STMicroelectronics.X-CUBE-SFXS2LP1.4.0.0
2025-04-02 09:53:34,149 [WARN] PackLoader:240 - Cannot read IP mode file for STMicroelectronics.X-CUBE-AZRTOS-H7.3.3.0
2025-04-02 09:53:34,184 [WARN] PackLoader:240 - Cannot read IP mode file for STMicroelectronics.X-CUBE-IPS.3.0.0
2025-04-02 09:53:34,310 [WARN] ConditionMgr:438 - getConditionDescription Invalid condition id : UX DEVICE CLASS RTOS Condition cause : null
2025-04-02 09:53:34,310 [WARN] ConditionMgr:438 - getConditionDescription Invalid condition id : UX DEVICE CLASS RTOS Condition cause : null
2025-04-02 09:53:34,312 [WARN] PackLoader:240 - Cannot read IP mode file for STMicroelectronics.X-CUBE-AZRTOS-WB.2.0.0
2025-04-02 09:53:34,314 [WARN] ConditionMgr:1039 - genDependencies : Invalid condition id : UX DEVICE CLASS RTOS Condition cause : null
2025-04-02 09:53:34,314 [WARN] ConditionMgr:1039 - genDependencies : Invalid condition id : UX DEVICE CLASS RTOS Condition cause : null
2025-04-02 09:53:34,315 [WARN] ConditionMgr:1039 - genDependencies : Invalid condition id : UX DEVICE CLASS RTOS Condition cause : null
2025-04-02 09:53:34,315 [WARN] ConditionMgr:1039 - genDependencies : Invalid condition id : UX DEVICE CLASS RTOS Condition cause : null
2025-04-02 09:53:34,315 [WARN] ConditionMgr:1039 - genDependencies : Invalid condition id : UX DEVICE CLASS RTOS Condition cause : null
2025-04-02 09:53:34,333 [WARN] PackLoader:240 - Cannot read IP mode file for STMicroelectronics.X-CUBE-GNSS1.7.0.0
2025-04-02 09:53:34,351 [WARN] PackLoader:240 - Cannot read IP mode file for STMicroelectronics.X-CUBE-GNSS1.7.0.1
2025-04-02 09:53:34,366 [WARN] PackLoader:240 - Cannot read IP mode file for STMicroelectronics.X-CUBE-TOUCHGFX.4.25.0
2025-04-02 09:53:34,388 [WARN] PackLoader:240 - Cannot read IP mode file for STMicroelectronics.FP-SNS-STBOX1.2.0.0
2025-04-02 09:53:34,416 [WARN] PackLoader:240 - Cannot read IP mode file for STMicroelectronics.X-CUBE-SUBG2.5.0.0
2025-04-02 09:53:34,455 [WARN] PackLoader:240 - Cannot read IP mode file for STMicroelectronics.X-CUBE-AZRTOS-H7RS.1.1.0
2025-04-02 09:53:34,486 [WARN] PackLoader:240 - Cannot read IP mode file for Cesanta.I-CUBE-Mongoose.7.13.0
2025-04-02 09:53:34,518 [WARN] PackLoader:240 - Cannot read IP mode file for STMicroelectronics.X-CUBE-AZRTOS-G4.2.0.0
2025-04-02 09:53:34,543 [WARN] PackLoader:240 - Cannot read IP mode file for STMicroelectronics.FP-SNS-MOTENVWB1.1.3.1
2025-04-02 09:53:34,560 [WARN] PackLoader:240 - Cannot read IP mode file for STMicroelectronics.X-CUBE-ISPU.2.0.0
2025-04-02 09:53:34,581 [ERROR] Engine:466 - C:\Users\racin\.stm32cubemx\thirdparties\pdsc\STMicroelectronics.X-CUBE-IPS.3.1.0.pdsc: PDSC version is not supported
2025-04-02 09:53:34,597 [WARN] PackLoader:240 - Cannot read IP mode file for STMicroelectronics.X-CUBE-ALS.1.0.2
2025-04-02 09:53:34,705 [WARN] PackLoader:240 - Cannot read IP mode file for STMicroelectronics.X-CUBE-MEMS1.10.0.0
2025-04-02 09:53:34,950 [WARN] PackLoader:240 - Cannot read IP mode file for STMicroelectronics.X-CUBE-FREERTOS.1.1.0
2025-04-02 09:53:34,968 [WARN] PackLoader:240 - Cannot read IP mode file for STMicroelectronics.X-CUBE-TOUCHGFX.4.24.0
2025-04-02 09:53:34,986 [WARN] PackLoader:240 - Cannot read IP mode file for STMicroelectronics.X-CUBE-TOUCHGFX.4.24.1
2025-04-02 09:53:35,004 [WARN] PackLoader:240 - Cannot read IP mode file for portGmbH.I-Cube-SoM-uGOAL.1.1.0
2025-04-02 09:53:35,027 [WARN] PackLoader:240 - Cannot read IP mode file for STMicroelectronics.X-CUBE-ALS.1.0.1
2025-04-02 09:53:35,076 [WARN] PackLoader:240 - Cannot read IP mode file for STMicroelectronics.X-CUBE-AZRTOS-H7RS.1.0.0
2025-04-02 09:53:35,092 [WARN] PackLoader:240 - Cannot read IP mode file for STMicroelectronics.FP-ATR-ASTRA1.2.0.0
2025-04-02 09:53:35,116 [WARN] PackLoader:240 - Cannot read IP mode file for STMicroelectronics.X-CUBE-TOF1.3.4.2
2025-04-02 09:53:35,158 [WARN] PackLoader:240 - Cannot read IP mode file for STMicroelectronics.X-CUBE-TOF1.3.4.1
2025-04-02 09:53:35,205 [WARN] PackLoader:240 - Cannot read IP mode file for STMicroelectronics.X-CUBE-AZRTOS-H7.3.2.0
2025-04-02 09:53:35,238 [WARN] PackLoader:240 - Cannot read IP mode file for Infineon.AIROC-Wi-Fi-Bluetooth-STM32.1.6.0
2025-04-02 09:53:35,258 [WARN] PackLoader:240 - Cannot read IP mode file for wolfSSL.I-CUBE-wolfSSH.1.4.17
2025-04-02 09:53:35,259 [INFO] ThirdParty:978 - Integrity check success = true
2025-04-02 09:53:35,259 [INFO] IntegrityCheckThread:100 - exiting critical section [integrity check]
2025-04-02 09:53:35,259 [INFO] IntegrityCheckThread:103 - End integrity checks thread
2025-04-02 09:53:39,008 [INFO] WebApp:161 - Instantiating new browser for Auth
2025-04-02 09:53:39,678 [INFO] WebApp:779 - Register for checkConnection events
2025-04-02 09:53:39,678 [INFO] WebApp:414 - Apply proxy settings
2025-04-02 09:53:39,679 [INFO] WebApp:499 - Chromium requires no authentication
2025-04-02 09:53:39,689 [INFO] WebApp:442 - Direct internet connection detected
2025-04-02 09:53:39,878 [INFO] WebApp:192 - Starting web application
2025-04-02 09:53:39,878 [INFO] WebApp:544 - Web application path used C:\ST\STM32CubeIDE_1.15.0\STM32CubeIDE\plugins\com.st.stm32cube.common.mx_6.11.0.202403141607\db\plugins\mcufinder\reactClient1\index.html
2025-04-02 11:20:12,818 [INFO] McuFinderGlobals:63 - Set McuFinder mode to 2 (CubeIDE integrated)
2025-04-02 11:20:12,850 [INFO] MainUpdater:2873 - connection check result : 10
2025-04-02 11:20:12,859 [INFO] MainUpdater:2873 - connection check result : 10
2025-04-02 11:20:13,128 [INFO] MicroXplorer:468 - Change Database Path : 
2025-04-02 11:20:13,129 [INFO] MicroXplorer:498 - Change Database Version : DB.6.0.110
2025-04-02 11:20:13,135 [WARN] ThirdParty:871 - waiting for thirdparty lock release [close project]
2025-04-02 11:20:13,135 [INFO] ThirdParty:873 - entering critical section [close project]
2025-04-02 11:20:13,135 [INFO] ThirdParty:883 - exiting critical section [close project]
2025-04-02 11:20:13,135 [INFO] PinOutPanel:1561 - setPackage(No Configuration,No Configuration)
2025-04-02 11:20:13,145 [INFO] UtilMem:75 - Begin LoadConfig() Used Memory: 592933264 Bytes (1073741824)
2025-04-02 11:20:13,145 [INFO] MicroXplorer:468 - Change Database Path : 
2025-04-02 11:20:13,145 [INFO] MicroXplorer:498 - Change Database Version : DB.6.0.110
2025-04-02 11:20:13,145 [INFO] OpenFileManager:312 - Change cursor
2025-04-02 11:20:13,220 [INFO] Mcu:2021 - Initializing MCU STM32F767VITx STM32F767VITx STM32F767VIT7
2025-04-02 11:20:16,650 [INFO] Context:663 - Trying to add GPIOservice into a context  which must be forbidden
2025-04-02 11:20:18,007 [INFO] RtosManager:555 - Registered RTOS mode: class=CMSIS, group=RTOS, mode=CMSIS_V1, owner=FREERTOS
2025-04-02 11:20:18,007 [INFO] RtosManager:555 - Registered RTOS mode: class=CMSIS, group=RTOS2, mode=CMSIS_V2, owner=FREERTOS
2025-04-02 11:20:18,008 [INFO] RtosManager:555 - Registered RTOS mode: class=RTOS, group=Core, mode=CMSIS_V1, owner=FREERTOS
2025-04-02 11:20:18,008 [INFO] RtosManager:555 - Registered RTOS mode: class=RTOS, group=Core, mode=CMSIS_V2, owner=FREERTOS
2025-04-02 11:20:18,008 [WARN] ModelIntegratedComponent:184 - Missing modes for component STMicroelectronics:FreeRTOS:0.0.1:STMicroelectronics:RTOS:FreeRTOS:Core:::10.2.0:
2025-04-02 11:20:18,013 [WARN] ModelIntegratedComponent:63 - No mode defined for component null
2025-04-02 11:20:18,013 [WARN] ModelIntegratedComponent:63 - No mode defined for component null
2025-04-02 11:20:18,014 [WARN] ModelIntegratedComponent:63 - No mode defined for component null
2025-04-02 11:20:18,014 [WARN] ModelIntegratedComponent:63 - No mode defined for component null
2025-04-02 11:20:18,014 [WARN] ModelIntegratedComponent:63 - No mode defined for component null
2025-04-02 11:20:18,014 [WARN] ModelIntegratedComponent:63 - No mode defined for component null
2025-04-02 11:20:18,014 [WARN] ModelIntegratedComponent:63 - No mode defined for component null
2025-04-02 11:20:18,014 [WARN] ModelIntegratedComponent:63 - No mode defined for component null
2025-04-02 11:20:18,014 [WARN] ModelIntegratedComponent:63 - No mode defined for component null
2025-04-02 11:20:18,014 [WARN] ModelIntegratedComponent:63 - No mode defined for component null
2025-04-02 11:20:18,014 [WARN] ModelIntegratedComponent:63 - No mode defined for component null
2025-04-02 11:20:18,014 [WARN] ModelIntegratedComponent:63 - No mode defined for component null
2025-04-02 11:20:18,014 [WARN] ModelIntegratedComponent:63 - No mode defined for component null
2025-04-02 11:20:18,014 [WARN] ModelIntegratedComponent:63 - No mode defined for component null
2025-04-02 11:20:18,014 [WARN] ModelIntegratedComponent:63 - No mode defined for component null
2025-04-02 11:20:18,014 [WARN] ModelIntegratedComponent:63 - No mode defined for component null
2025-04-02 11:20:18,014 [WARN] ModelIntegratedComponent:63 - No mode defined for component null
2025-04-02 11:20:18,014 [WARN] ModelIntegratedComponent:63 - No mode defined for component null
2025-04-02 11:20:18,014 [WARN] ModelIntegratedComponent:63 - No mode defined for component null
2025-04-02 11:20:18,014 [WARN] ModelIntegratedComponent:63 - No mode defined for component null
2025-04-02 11:20:18,014 [WARN] ModelIntegratedComponent:63 - No mode defined for component null
2025-04-02 11:20:18,014 [WARN] ModelIntegratedComponent:63 - No mode defined for component null
2025-04-02 11:20:18,015 [WARN] ModelIntegratedComponent:63 - No mode defined for component null
2025-04-02 11:20:18,015 [WARN] ModelIntegratedComponent:63 - No mode defined for component null
2025-04-02 11:20:18,015 [WARN] ModelIntegratedComponent:63 - No mode defined for component null
2025-04-02 11:20:18,015 [WARN] ModelIntegratedComponent:63 - No mode defined for component null
2025-04-02 11:20:18,015 [WARN] ModelIntegratedComponent:63 - No mode defined for component null
2025-04-02 11:20:18,015 [WARN] ModelIntegratedComponent:63 - No mode defined for component null
2025-04-02 11:20:18,015 [WARN] ModelIntegratedComponent:63 - No mode defined for component null
2025-04-02 11:20:18,015 [WARN] ModelIntegratedComponent:63 - No mode defined for component null
2025-04-02 11:20:18,016 [WARN] ModelIntegratedComponent:63 - No mode defined for component null
2025-04-02 11:20:18,016 [WARN] ModelIntegratedComponent:63 - No mode defined for component null
2025-04-02 11:20:18,017 [WARN] ModelIntegratedComponent:63 - No mode defined for component null
2025-04-02 11:20:18,017 [WARN] ModelIntegratedComponent:63 - No mode defined for component null
2025-04-02 11:20:18,216 [INFO] ThirdPartyModel:298 - Start build external matchings
2025-04-02 11:20:19,346 [INFO] ThirdPartyModel:316 - End build external matchings
2025-04-02 11:20:19,376 [INFO] ImportTextPane:194 - (OptionalMessage_ERROR) IP (RCC) : Invalid parameter (FamilyName)
2025-04-02 11:20:19,377 [INFO] ImportTextPane:194 - (OptionalMessage_ERROR) IP (RCC) : Parameter (RNGFreq_Value) has invalid value (96000000)
2025-04-02 11:20:19,377 [INFO] ImportTextPane:194 - (OptionalMessage_ERROR) IP (RCC) : Parameter (SDMMC2Freq_Value) has invalid value (96000000)
2025-04-02 11:20:19,377 [INFO] ImportTextPane:194 - (OptionalMessage_ERROR) IP (RCC) : Parameter (SDMMCFreq_Value) has invalid value (96000000)
2025-04-02 11:20:19,378 [INFO] ImportTextPane:194 - (OptionalMessage_ERROR) IP (RCC) : Parameter (USBFreq_Value) has invalid value (96000000)
2025-04-02 11:20:20,061 [INFO] ApiDb:581 - Connected to CubeFinder SQLite database (C:\Users\racin\.stmcufinder\plugins\mcufinder\mcu\cube-finder-db.db)
2025-04-02 11:20:20,200 [INFO] ApiDb:668 - CubeFinder database Data Model version=2.1
2025-04-02 11:20:20,200 [INFO] ApiDb:669 - CubeFinder database Configuration version=3.0.39
2025-04-02 11:20:20,201 [INFO] ApiDb:670 - CubeFinder database generation date=2025-03-07 (1741340029)
2025-04-02 11:20:20,201 [INFO] ApiDb:671 - CubeFinder database FW Pack versions=[FP-ATR-ASTRA1_V2.0.0, FP-SNS-FLIGHT1_V5.0.2, FP-SNS-MOTENV1_V5.0.0, FP-SNS-MOTENVWB1_V1.4.0, FP-SNS-SMARTAG2_V1.2.0, FP-SNS-STBOX1_V2.0.0, STM32Cube_FW_C0_V1.4.0, STM32Cube_FW_F4_V1.28.1, STM32Cube_FW_F7_V1.17.2, STM32Cube_FW_G0_V1.6.2, STM32Cube_FW_G4_V1.6.1, STM32Cube_FW_H5_V1.5.0, STM32Cube_FW_H7RS_V1.2.0, STM32Cube_FW_H7_V1.12.1, STM32Cube_FW_L0_V1.12.2, STM32Cube_FW_L4_V1.18.1, STM32Cube_FW_L5_V1.5.1, STM32Cube_FW_N6_V1.1.0, STM32Cube_FW_U0_V1.2.0, STM32Cube_FW_U3_V1.1.0, STM32Cube_FW_U5_V1.7.0, STM32Cube_FW_WB0_V1.2.0, STM32Cube_FW_WBA_V1.6.0, STM32Cube_FW_WB_V1.22.0, STM32Cube_FW_WL3_V1.1.0, STM32Cube_FW_WL_V1.3.1, X-CUBE-ALGOBUILD_V1.4.0, X-CUBE-ALS_V1.0.2, X-CUBE-AZRTOS-F4_V1.1.0, X-CUBE-AZRTOS-F7_V1.1.0, X-CUBE-AZRTOS-G0_V1.1.0, X-CUBE-AZRTOS-G4_V2.0.0, X-CUBE-AZRTOS-H7RS_V1.0.0, X-CUBE-AZRTOS-H7_V3.3.0, X-CUBE-AZRTOS-L4_V2.0.0, X-CUBE-AZRTOS-L5_V2.0.0, X-CUBE-AZRTOS-WB_V2.0.0, X-CUBE-AZRTOS-WL_V2.0.0, X-CUBE-BLE1_V7.1.0, X-CUBE-BLE2_V3.3.0, X-CUBE-BLEMGR_V4.0.0, X-CUBE-EEPRMA1_V5.1.0, X-CUBE-FREERTOS_V1.3.0, X-CUBE-GNSS1_V6.0.0, X-CUBE-MEMS1_V11.1.0, X-CUBE-NFC4_V3.0.0, X-CUBE-NFC7_V1.0.1, X-CUBE-SFXS2LP1_V4.0.0, X-CUBE-SUBG2_V5.0.0, X-CUBE-TOF1_V3.4.2]
2025-04-02 11:20:20,403 [INFO] DbBoardsSqlite:226 - include board P-NUCLEO-WB55-NUCLEO as a kit item of type 'Nucleo-64'
2025-04-02 11:20:20,403 [INFO] DbBoardsSqlite:226 - include board P-NUCLEO-WB55-USBDONGLE as a kit item of type 'Nucleo USB Dongle'
2025-04-02 11:20:20,404 [INFO] DbBoardsSqlite:226 - include board STEVAL-IDP005V1 as a kit item of type 'Evaluation Board'
2025-04-02 11:20:20,405 [INFO] DbBoardsSqlite:226 - include board STEVAL-IDP005V2 as a kit item of type 'Evaluation Board'
2025-04-02 11:20:20,971 [INFO] ApiDb:240 - Found 483 in-development CPN: [B-G473E-ZEST1S, B-WB1M-WPAN1, B-WL5M-SUBG1, NUCLEO-C031C6, NUCLEO-H503RB, NUCLEO-H533RE, NUCLEO-H563ZI, NUCLEO-H7S3L8, NUCLEO-U031R8, NUCLEO-U083RC, NUCLEO-U545RE-Q, NUCLEO-U5A5ZJ-Q, NUCLEO-WBA52CG, NUCLEO-WBA55CG, STEVAL-PROTEUS1, STEVAL-SMARTAG2, STEVAL-STWINBX1, STM320518-EVAL, STM32C0116-DK, STM32C011D6Y3TR, STM32C011D6Y6TR, STM32C011F4P3, STM32C011F4P6, STM32C011F4U3, STM32C011F4U6TR, STM32C011F6P3, STM32C011F6P6, STM32C011F6U3, STM32C011F6U6TR, STM32C011J4M3, STM32C011J4M6, STM32C011J6M3, STM32C011J6M6, STM32C0316-DK, STM32C031C4T3, STM32C031C4T6, STM32C031C4U3, STM32C031C4U6, STM32C031C6T3, STM32C031C6T6, STM32C031C6U3, STM32C031C6U6, STM32C031F4P3, STM32C031F4P6, STM32C031F6P3, STM32C031F6P6, STM32C031G4U3, STM32C031G4U6, STM32C031G6U3, STM32C031G6U6, STM32C031K4T3, STM32C031K4T6, STM32C031K4U3, STM32C031K4U6, STM32C031K6T3, STM32C031K6T6, STM32C031K6U3, STM32C031K6U6, STM32G071K8TXN, STM32G071K8UXN, STM32G081GBU6N, STM32G081KBT6N, STM32G081KBUXN, STM32G0B1CCT6N, STM32G0B1KCT6, STM32G0B1NEY6TR, STM32G0B1RCT6N, STM32G0C1CCT6, STM32G0C1CCT6N, STM32G0C1CCU6N, STM32G0C1CET6N, STM32G0C1CEU6N, STM32G0C1KCT6, STM32G0C1NEY6TR, STM32G0C1RCI6N, STM32G0C1RCT6N, STM32G0C1REI6N, STM32G0C1RET6N, STM32G0C1VCI6, STM32G0C1VEI6, STM32G471CCT6, STM32G471CCU6, STM32G471CET3, STM32G471CET6, STM32G471CEU3, STM32G471CEU6, STM32G471MCT6, STM32G471MET3, STM32G471MET6, STM32G471MEY6TR, STM32G471QCT6, STM32G471QET3, STM32G471RCT6, STM32G471RET3, STM32G471RET6, STM32G471VCH6, STM32G471VCI6, STM32G471VCT6, STM32G471VEH3, STM32G471VEH6, STM32G471VEI3, STM32G471VEI6, STM32G471VET3, STM32G471VET6, STM32G474CCT6, STM32H503CBT6, STM32H503CBU6, STM32H503EBY6TR, STM32H503KBU6, STM32H503RBT6, STM32H523CCT6, STM32H523CCU6, STM32H523CET6, STM32H523CEU6, STM32H523HEY6TR, STM32H523RCT6, STM32H523RET6, STM32H523VCI6, STM32H523VCT6, STM32H523VEI6, STM32H523VET6, STM32H523ZCJ6, STM32H523ZCT6, STM32H523ZEJ6, STM32H523ZET6, STM32H533CET6, STM32H533CEU6, STM32H533HEY6TR, STM32H533RET6, STM32H533VEI6, STM32H533VET6, STM32H533ZEJ6, STM32H533ZET6, STM32H562AGI6, STM32H562AII6, STM32H562IGK6, STM32H562IGT6, STM32H562IIK6, STM32H562IIT6, STM32H562RGT6, STM32H562RGV6, STM32H562RIT6, STM32H562RIV6, STM32H562VGT6, STM32H562VIT6, STM32H562ZGT6, STM32H562ZIT6, STM32H563AGI6, STM32H563AII3Q, STM32H563AII6, STM32H563IGK6, STM32H563IGT6, STM32H563IIK3Q, STM32H563IIK6, STM32H563IIT3Q, STM32H563IIT6, STM32H563MIY3QTR, STM32H563RGT6, STM32H563RGV6, STM32H563RIT6, STM32H563RIV6, STM32H563VGT6, STM32H563VIT3Q, STM32H563VIT6, STM32H563ZGT6, STM32H563ZIT3Q, STM32H563ZIT6, STM32H573AII3Q, STM32H573AII6, STM32H573I-DK, STM32H573IIK3Q, STM32H573IIK6, STM32H573IIT3Q, STM32H573IIT6, STM32H573MIY3QTR, STM32H573RIT6, STM32H573RIV6, STM32H573VIT3Q, STM32H573VIT6, STM32H573ZIT3Q, STM32H573ZIT6, STM32H7R3A8I6, STM32H7R3I8K6, STM32H7R3I8T6, STM32H7R3L8H6, STM32H7R3L8H6H, STM32H7R3R8V6, STM32H7R3V8H6, STM32H7R3V8T6, STM32H7R3V8Y6, STM32H7R3Z8J6, STM32H7R3Z8T6, STM32H7R7A8I6, STM32H7R7I8K6, STM32H7R7I8T6, STM32H7R7L8H6, STM32H7R7L8H6H, STM32H7R7Z8J6, STM32H7S3A8I6, STM32H7S3I8K6, STM32H7S3I8T6, STM32H7S3L8H6, STM32H7S3L8H6H, STM32H7S3R8V6, STM32H7S3V8H6, STM32H7S3V8T6, STM32H7S3V8Y6, STM32H7S3Z8J6, STM32H7S3Z8T6, STM32H7S78-DK, STM32H7S7A8I6, STM32H7S7I8K6, STM32H7S7I8T6, STM32H7S7L8H6, STM32H7S7L8H6H, STM32H7S7Z8J6, STM32L4R5QGI6STR, STM32MP131AAE3, STM32MP131AAF3, STM32MP131AAG3, STM32MP131CAE3, STM32MP131CAF3, STM32MP131CAG3, STM32MP131DAE7, STM32MP131DAF7, STM32MP131DAG7, STM32MP131FAE7, STM32MP131FAF7, STM32MP131FAG7, STM32MP133AAE3, STM32MP133AAF3, STM32MP133AAG3, STM32MP133CAE3, STM32MP133CAF3, STM32MP133CAG3, STM32MP133DAE7, STM32MP133DAF7, STM32MP133DAG7, STM32MP133FAE7, STM32MP133FAF7, STM32MP133FAG7, STM32MP135AAE3, STM32MP135AAF3, STM32MP135AAG3, STM32MP135CAE3, STM32MP135CAF3, STM32MP135CAG3, STM32MP135DAE7, STM32MP135DAF7, STM32MP135DAG7, STM32MP135F-DK, STM32MP135FAE7, STM32MP135FAF7, STM32MP135FAF7T, STM32MP135FAF7U, STM32MP135FAG7, STM32U031C6T6, STM32U031C6U6, STM32U031C8T6, STM32U031C8U6, STM32U031F4P6, STM32U031F6P6, STM32U031F8P6, STM32U031G6Y6TR, STM32U031G8Y6TR, STM32U031K4U6, STM32U031K6U6, STM32U031K8U6, STM32U031R6I6, STM32U031R6T6, STM32U031R8I6, STM32U031R8T6, STM32U073C8T6, STM32U073C8U6, STM32U073CBT6, STM32U073CBU6, STM32U073CCT6, STM32U073CCU6, STM32U073H8Y6TR, STM32U073HBY6TR, STM32U073HCY6TR, STM32U073K8U6, STM32U073KBU6, STM32U073KCU6, STM32U073M8I6, STM32U073M8T6, STM32U073MBI6, STM32U073MBT6, STM32U073MCI6, STM32U073MCT6, STM32U073R8I6, STM32U073R8T6, STM32U073RBI6, STM32U073RBT6, STM32U073RCI6, STM32U073RCT6, STM32U083C-DK, STM32U083CCT6, STM32U083CCU6, STM32U083HCY6TR, STM32U083KCU6, STM32U083MCI6, STM32U083MCT6, STM32U083RCI6, STM32U083RCT6, STM32U535CBT6, STM32U535CBT6Q, STM32U535CBU6, STM32U535CBU6Q, STM32U535CCT6, STM32U535CCT6Q, STM32U535CCU6, STM32U535CCU6Q, STM32U535CET6, STM32U535CET6Q, STM32U535CEU6, STM32U535CEU6Q, STM32U535JEY6QTR, STM32U535NCY6QTR, STM32U535NEY6QTR, STM32U535RBI6, STM32U535RBI6Q, STM32U535RBT6, STM32U535RBT6Q, STM32U535RCI6, STM32U535RCI6Q, STM32U535RCT6, STM32U535RCT6Q, STM32U535REI6, STM32U535REI6Q, STM32U535RET6, STM32U535RET6Q, STM32U535VCI6, STM32U535VCI6Q, STM32U535VCT6, STM32U535VCT6Q, STM32U535VEI6, STM32U535VEI6Q, STM32U535VET6, STM32U535VET6Q, STM32U545CET6, STM32U545CET6Q, STM32U545CEU6, STM32U545CEU6Q, STM32U545JEY6QTR, STM32U545NEY6QTR, STM32U545REI6, STM32U545REI6Q, STM32U545RET6, STM32U545RET6Q, STM32U545VEI6, STM32U545VEI6Q, STM32U545VET6, STM32U545VET6Q, STM32U595AIH6, STM32U595AIH6Q, STM32U595AJH6, STM32U595AJH6Q, STM32U595QII6, STM32U595QII6Q, STM32U595QJI6, STM32U595QJI6Q, STM32U595RIT6, STM32U595RIT6Q, STM32U595RJT6, STM32U595RJT6Q, STM32U595VIT6, STM32U595VIT6Q, STM32U595VJT6, STM32U595VJT6Q, STM32U595ZIT6, STM32U595ZIT6Q, STM32U595ZIY6QTR, STM32U595ZJT6, STM32U595ZJT6Q, STM32U595ZJY6QTR, STM32U599BJY6QTR, STM32U599NIH6Q, STM32U599NJH6Q, STM32U599VIT6Q, STM32U599VJT6, STM32U599VJT6Q, STM32U599ZIT6Q, STM32U599ZIY6QTR, STM32U599ZJT6Q, STM32U599ZJY6QTR, STM32U5A5AJH6, STM32U5A5AJH6Q, STM32U5A5QII3Q , STM32U5A5QJI6, STM32U5A5QJI6Q, STM32U5A5RJT6, STM32U5A5RJT6Q, STM32U5A5VJT6, STM32U5A5VJT6Q, STM32U5A5ZJT6, STM32U5A5ZJT6Q, STM32U5A5ZJY6QTR, STM32U5A9BJY6QTR, STM32U5A9J-DK, STM32U5A9NJH6Q, STM32U5A9VJT6Q, STM32U5A9ZJT6Q, STM32U5A9ZJY6QTR, STM32U5F7VIT6, STM32U5F7VIT6Q, STM32U5F7VJT6, STM32U5F7VJT6Q, STM32U5F9BJY6QTR, STM32U5F9NJH6Q, STM32U5F9VIT6Q, STM32U5F9VJT6Q, STM32U5F9ZIJ6QTR, STM32U5F9ZIT6Q, STM32U5F9ZJJ6QTR, STM32U5F9ZJT6Q, STM32U5G7VJT6, STM32U5G7VJT6Q, STM32U5G9BJY6QTR, STM32U5G9J-DK1, STM32U5G9J-DK2, STM32U5G9NJH6Q, STM32U5G9VJT6Q, STM32U5G9ZJJ6QTR, STM32U5G9ZJT6Q, STM32WB1MMCH6, STM32WBA50KEU6, STM32WBA50KEU6TR, STM32WBA50KGU6, STM32WBA50KGU6TR, STM32WBA52CEU6, STM32WBA52CEU6TR, STM32WBA52CEU7, STM32WBA52CEU7TR, STM32WBA52CGU6, STM32WBA52CGU6TR, STM32WBA52CGU6U, STM32WBA52CGU7, STM32WBA52CGU7TR, STM32WBA52KEU6, STM32WBA52KEU6TR, STM32WBA52KGU6, STM32WBA52KGU6TR, STM32WBA54CEU6, STM32WBA54CEU6TR, STM32WBA54CEU7, STM32WBA54CEU7TR, STM32WBA54CGU6, STM32WBA54CGU6TR, STM32WBA54CGU7, STM32WBA54CGU7TR, STM32WBA54KEU6, STM32WBA54KEU6TR, STM32WBA54KEU7, STM32WBA54KEU7TR, STM32WBA54KGU6, STM32WBA54KGU6TR, STM32WBA54KGU7, STM32WBA54KGU7TR, STM32WBA55CEU6, STM32WBA55CEU6TR, STM32WBA55CEU7, STM32WBA55CEU7TR, STM32WBA55CGU6, STM32WBA55CGU6TR, STM32WBA55CGU6U, STM32WBA55CGU7, STM32WBA55CGU7TR, STM32WBA55G-DK1, STM32WBA55HEF6, STM32WBA55HEF7, STM32WBA55HGF6, STM32WBA55HGF7, STM32WBA55UEI6, STM32WBA55UEI6TR, STM32WBA55UEI7, STM32WBA55UEI7TR, STM32WBA55UGI6, STM32WBA55UGI6TR, STM32WBA55UGI7, STM32WBA55UGI7TR, STM32WL5MOCH6, STM32WL5MOCH6TR]
2025-04-02 11:20:20,974 [INFO] ApiDb:668 - CubeFinder database Data Model version=2.1
2025-04-02 11:20:20,974 [INFO] ApiDb:669 - CubeFinder database Configuration version=3.0.39
2025-04-02 11:20:20,974 [INFO] ApiDb:670 - CubeFinder database generation date=2025-03-07 (1741340029)
2025-04-02 11:20:20,974 [INFO] ApiDb:671 - CubeFinder database FW Pack versions=[FP-ATR-ASTRA1_V2.0.0, FP-SNS-FLIGHT1_V5.0.2, FP-SNS-MOTENV1_V5.0.0, FP-SNS-MOTENVWB1_V1.4.0, FP-SNS-SMARTAG2_V1.2.0, FP-SNS-STBOX1_V2.0.0, STM32Cube_FW_C0_V1.4.0, STM32Cube_FW_F4_V1.28.1, STM32Cube_FW_F7_V1.17.2, STM32Cube_FW_G0_V1.6.2, STM32Cube_FW_G4_V1.6.1, STM32Cube_FW_H5_V1.5.0, STM32Cube_FW_H7RS_V1.2.0, STM32Cube_FW_H7_V1.12.1, STM32Cube_FW_L0_V1.12.2, STM32Cube_FW_L4_V1.18.1, STM32Cube_FW_L5_V1.5.1, STM32Cube_FW_N6_V1.1.0, STM32Cube_FW_U0_V1.2.0, STM32Cube_FW_U3_V1.1.0, STM32Cube_FW_U5_V1.7.0, STM32Cube_FW_WB0_V1.2.0, STM32Cube_FW_WBA_V1.6.0, STM32Cube_FW_WB_V1.22.0, STM32Cube_FW_WL3_V1.1.0, STM32Cube_FW_WL_V1.3.1, X-CUBE-ALGOBUILD_V1.4.0, X-CUBE-ALS_V1.0.2, X-CUBE-AZRTOS-F4_V1.1.0, X-CUBE-AZRTOS-F7_V1.1.0, X-CUBE-AZRTOS-G0_V1.1.0, X-CUBE-AZRTOS-G4_V2.0.0, X-CUBE-AZRTOS-H7RS_V1.0.0, X-CUBE-AZRTOS-H7_V3.3.0, X-CUBE-AZRTOS-L4_V2.0.0, X-CUBE-AZRTOS-L5_V2.0.0, X-CUBE-AZRTOS-WB_V2.0.0, X-CUBE-AZRTOS-WL_V2.0.0, X-CUBE-BLE1_V7.1.0, X-CUBE-BLE2_V3.3.0, X-CUBE-BLEMGR_V4.0.0, X-CUBE-EEPRMA1_V5.1.0, X-CUBE-FREERTOS_V1.3.0, X-CUBE-GNSS1_V6.0.0, X-CUBE-MEMS1_V11.1.0, X-CUBE-NFC4_V3.0.0, X-CUBE-NFC7_V1.0.1, X-CUBE-SFXS2LP1_V4.0.0, X-CUBE-SUBG2_V5.0.0, X-CUBE-TOF1_V3.4.2]
2025-04-02 11:20:23,296 [INFO] ApiDb:240 - Found 483 in-development CPN: [B-G473E-ZEST1S, B-WB1M-WPAN1, B-WL5M-SUBG1, NUCLEO-C031C6, NUCLEO-H503RB, NUCLEO-H533RE, NUCLEO-H563ZI, NUCLEO-H7S3L8, NUCLEO-U031R8, NUCLEO-U083RC, NUCLEO-U545RE-Q, NUCLEO-U5A5ZJ-Q, NUCLEO-WBA52CG, NUCLEO-WBA55CG, STEVAL-PROTEUS1, STEVAL-SMARTAG2, STEVAL-STWINBX1, STM320518-EVAL, STM32C0116-DK, STM32C011D6Y3TR, STM32C011D6Y6TR, STM32C011F4P3, STM32C011F4P6, STM32C011F4U3, STM32C011F4U6TR, STM32C011F6P3, STM32C011F6P6, STM32C011F6U3, STM32C011F6U6TR, STM32C011J4M3, STM32C011J4M6, STM32C011J6M3, STM32C011J6M6, STM32C0316-DK, STM32C031C4T3, STM32C031C4T6, STM32C031C4U3, STM32C031C4U6, STM32C031C6T3, STM32C031C6T6, STM32C031C6U3, STM32C031C6U6, STM32C031F4P3, STM32C031F4P6, STM32C031F6P3, STM32C031F6P6, STM32C031G4U3, STM32C031G4U6, STM32C031G6U3, STM32C031G6U6, STM32C031K4T3, STM32C031K4T6, STM32C031K4U3, STM32C031K4U6, STM32C031K6T3, STM32C031K6T6, STM32C031K6U3, STM32C031K6U6, STM32G071K8TXN, STM32G071K8UXN, STM32G081GBU6N, STM32G081KBT6N, STM32G081KBUXN, STM32G0B1CCT6N, STM32G0B1KCT6, STM32G0B1NEY6TR, STM32G0B1RCT6N, STM32G0C1CCT6, STM32G0C1CCT6N, STM32G0C1CCU6N, STM32G0C1CET6N, STM32G0C1CEU6N, STM32G0C1KCT6, STM32G0C1NEY6TR, STM32G0C1RCI6N, STM32G0C1RCT6N, STM32G0C1REI6N, STM32G0C1RET6N, STM32G0C1VCI6, STM32G0C1VEI6, STM32G471CCT6, STM32G471CCU6, STM32G471CET3, STM32G471CET6, STM32G471CEU3, STM32G471CEU6, STM32G471MCT6, STM32G471MET3, STM32G471MET6, STM32G471MEY6TR, STM32G471QCT6, STM32G471QET3, STM32G471RCT6, STM32G471RET3, STM32G471RET6, STM32G471VCH6, STM32G471VCI6, STM32G471VCT6, STM32G471VEH3, STM32G471VEH6, STM32G471VEI3, STM32G471VEI6, STM32G471VET3, STM32G471VET6, STM32G474CCT6, STM32H503CBT6, STM32H503CBU6, STM32H503EBY6TR, STM32H503KBU6, STM32H503RBT6, STM32H523CCT6, STM32H523CCU6, STM32H523CET6, STM32H523CEU6, STM32H523HEY6TR, STM32H523RCT6, STM32H523RET6, STM32H523VCI6, STM32H523VCT6, STM32H523VEI6, STM32H523VET6, STM32H523ZCJ6, STM32H523ZCT6, STM32H523ZEJ6, STM32H523ZET6, STM32H533CET6, STM32H533CEU6, STM32H533HEY6TR, STM32H533RET6, STM32H533VEI6, STM32H533VET6, STM32H533ZEJ6, STM32H533ZET6, STM32H562AGI6, STM32H562AII6, STM32H562IGK6, STM32H562IGT6, STM32H562IIK6, STM32H562IIT6, STM32H562RGT6, STM32H562RGV6, STM32H562RIT6, STM32H562RIV6, STM32H562VGT6, STM32H562VIT6, STM32H562ZGT6, STM32H562ZIT6, STM32H563AGI6, STM32H563AII3Q, STM32H563AII6, STM32H563IGK6, STM32H563IGT6, STM32H563IIK3Q, STM32H563IIK6, STM32H563IIT3Q, STM32H563IIT6, STM32H563MIY3QTR, STM32H563RGT6, STM32H563RGV6, STM32H563RIT6, STM32H563RIV6, STM32H563VGT6, STM32H563VIT3Q, STM32H563VIT6, STM32H563ZGT6, STM32H563ZIT3Q, STM32H563ZIT6, STM32H573AII3Q, STM32H573AII6, STM32H573I-DK, STM32H573IIK3Q, STM32H573IIK6, STM32H573IIT3Q, STM32H573IIT6, STM32H573MIY3QTR, STM32H573RIT6, STM32H573RIV6, STM32H573VIT3Q, STM32H573VIT6, STM32H573ZIT3Q, STM32H573ZIT6, STM32H7R3A8I6, STM32H7R3I8K6, STM32H7R3I8T6, STM32H7R3L8H6, STM32H7R3L8H6H, STM32H7R3R8V6, STM32H7R3V8H6, STM32H7R3V8T6, STM32H7R3V8Y6, STM32H7R3Z8J6, STM32H7R3Z8T6, STM32H7R7A8I6, STM32H7R7I8K6, STM32H7R7I8T6, STM32H7R7L8H6, STM32H7R7L8H6H, STM32H7R7Z8J6, STM32H7S3A8I6, STM32H7S3I8K6, STM32H7S3I8T6, STM32H7S3L8H6, STM32H7S3L8H6H, STM32H7S3R8V6, STM32H7S3V8H6, STM32H7S3V8T6, STM32H7S3V8Y6, STM32H7S3Z8J6, STM32H7S3Z8T6, STM32H7S78-DK, STM32H7S7A8I6, STM32H7S7I8K6, STM32H7S7I8T6, STM32H7S7L8H6, STM32H7S7L8H6H, STM32H7S7Z8J6, STM32L4R5QGI6STR, STM32MP131AAE3, STM32MP131AAF3, STM32MP131AAG3, STM32MP131CAE3, STM32MP131CAF3, STM32MP131CAG3, STM32MP131DAE7, STM32MP131DAF7, STM32MP131DAG7, STM32MP131FAE7, STM32MP131FAF7, STM32MP131FAG7, STM32MP133AAE3, STM32MP133AAF3, STM32MP133AAG3, STM32MP133CAE3, STM32MP133CAF3, STM32MP133CAG3, STM32MP133DAE7, STM32MP133DAF7, STM32MP133DAG7, STM32MP133FAE7, STM32MP133FAF7, STM32MP133FAG7, STM32MP135AAE3, STM32MP135AAF3, STM32MP135AAG3, STM32MP135CAE3, STM32MP135CAF3, STM32MP135CAG3, STM32MP135DAE7, STM32MP135DAF7, STM32MP135DAG7, STM32MP135F-DK, STM32MP135FAE7, STM32MP135FAF7, STM32MP135FAF7T, STM32MP135FAF7U, STM32MP135FAG7, STM32U031C6T6, STM32U031C6U6, STM32U031C8T6, STM32U031C8U6, STM32U031F4P6, STM32U031F6P6, STM32U031F8P6, STM32U031G6Y6TR, STM32U031G8Y6TR, STM32U031K4U6, STM32U031K6U6, STM32U031K8U6, STM32U031R6I6, STM32U031R6T6, STM32U031R8I6, STM32U031R8T6, STM32U073C8T6, STM32U073C8U6, STM32U073CBT6, STM32U073CBU6, STM32U073CCT6, STM32U073CCU6, STM32U073H8Y6TR, STM32U073HBY6TR, STM32U073HCY6TR, STM32U073K8U6, STM32U073KBU6, STM32U073KCU6, STM32U073M8I6, STM32U073M8T6, STM32U073MBI6, STM32U073MBT6, STM32U073MCI6, STM32U073MCT6, STM32U073R8I6, STM32U073R8T6, STM32U073RBI6, STM32U073RBT6, STM32U073RCI6, STM32U073RCT6, STM32U083C-DK, STM32U083CCT6, STM32U083CCU6, STM32U083HCY6TR, STM32U083KCU6, STM32U083MCI6, STM32U083MCT6, STM32U083RCI6, STM32U083RCT6, STM32U535CBT6, STM32U535CBT6Q, STM32U535CBU6, STM32U535CBU6Q, STM32U535CCT6, STM32U535CCT6Q, STM32U535CCU6, STM32U535CCU6Q, STM32U535CET6, STM32U535CET6Q, STM32U535CEU6, STM32U535CEU6Q, STM32U535JEY6QTR, STM32U535NCY6QTR, STM32U535NEY6QTR, STM32U535RBI6, STM32U535RBI6Q, STM32U535RBT6, STM32U535RBT6Q, STM32U535RCI6, STM32U535RCI6Q, STM32U535RCT6, STM32U535RCT6Q, STM32U535REI6, STM32U535REI6Q, STM32U535RET6, STM32U535RET6Q, STM32U535VCI6, STM32U535VCI6Q, STM32U535VCT6, STM32U535VCT6Q, STM32U535VEI6, STM32U535VEI6Q, STM32U535VET6, STM32U535VET6Q, STM32U545CET6, STM32U545CET6Q, STM32U545CEU6, STM32U545CEU6Q, STM32U545JEY6QTR, STM32U545NEY6QTR, STM32U545REI6, STM32U545REI6Q, STM32U545RET6, STM32U545RET6Q, STM32U545VEI6, STM32U545VEI6Q, STM32U545VET6, STM32U545VET6Q, STM32U595AIH6, STM32U595AIH6Q, STM32U595AJH6, STM32U595AJH6Q, STM32U595QII6, STM32U595QII6Q, STM32U595QJI6, STM32U595QJI6Q, STM32U595RIT6, STM32U595RIT6Q, STM32U595RJT6, STM32U595RJT6Q, STM32U595VIT6, STM32U595VIT6Q, STM32U595VJT6, STM32U595VJT6Q, STM32U595ZIT6, STM32U595ZIT6Q, STM32U595ZIY6QTR, STM32U595ZJT6, STM32U595ZJT6Q, STM32U595ZJY6QTR, STM32U599BJY6QTR, STM32U599NIH6Q, STM32U599NJH6Q, STM32U599VIT6Q, STM32U599VJT6, STM32U599VJT6Q, STM32U599ZIT6Q, STM32U599ZIY6QTR, STM32U599ZJT6Q, STM32U599ZJY6QTR, STM32U5A5AJH6, STM32U5A5AJH6Q, STM32U5A5QII3Q , STM32U5A5QJI6, STM32U5A5QJI6Q, STM32U5A5RJT6, STM32U5A5RJT6Q, STM32U5A5VJT6, STM32U5A5VJT6Q, STM32U5A5ZJT6, STM32U5A5ZJT6Q, STM32U5A5ZJY6QTR, STM32U5A9BJY6QTR, STM32U5A9J-DK, STM32U5A9NJH6Q, STM32U5A9VJT6Q, STM32U5A9ZJT6Q, STM32U5A9ZJY6QTR, STM32U5F7VIT6, STM32U5F7VIT6Q, STM32U5F7VJT6, STM32U5F7VJT6Q, STM32U5F9BJY6QTR, STM32U5F9NJH6Q, STM32U5F9VIT6Q, STM32U5F9VJT6Q, STM32U5F9ZIJ6QTR, STM32U5F9ZIT6Q, STM32U5F9ZJJ6QTR, STM32U5F9ZJT6Q, STM32U5G7VJT6, STM32U5G7VJT6Q, STM32U5G9BJY6QTR, STM32U5G9J-DK1, STM32U5G9J-DK2, STM32U5G9NJH6Q, STM32U5G9VJT6Q, STM32U5G9ZJJ6QTR, STM32U5G9ZJT6Q, STM32WB1MMCH6, STM32WBA50KEU6, STM32WBA50KEU6TR, STM32WBA50KGU6, STM32WBA50KGU6TR, STM32WBA52CEU6, STM32WBA52CEU6TR, STM32WBA52CEU7, STM32WBA52CEU7TR, STM32WBA52CGU6, STM32WBA52CGU6TR, STM32WBA52CGU6U, STM32WBA52CGU7, STM32WBA52CGU7TR, STM32WBA52KEU6, STM32WBA52KEU6TR, STM32WBA52KGU6, STM32WBA52KGU6TR, STM32WBA54CEU6, STM32WBA54CEU6TR, STM32WBA54CEU7, STM32WBA54CEU7TR, STM32WBA54CGU6, STM32WBA54CGU6TR, STM32WBA54CGU7, STM32WBA54CGU7TR, STM32WBA54KEU6, STM32WBA54KEU6TR, STM32WBA54KEU7, STM32WBA54KEU7TR, STM32WBA54KGU6, STM32WBA54KGU6TR, STM32WBA54KGU7, STM32WBA54KGU7TR, STM32WBA55CEU6, STM32WBA55CEU6TR, STM32WBA55CEU7, STM32WBA55CEU7TR, STM32WBA55CGU6, STM32WBA55CGU6TR, STM32WBA55CGU6U, STM32WBA55CGU7, STM32WBA55CGU7TR, STM32WBA55G-DK1, STM32WBA55HEF6, STM32WBA55HEF7, STM32WBA55HGF6, STM32WBA55HGF7, STM32WBA55UEI6, STM32WBA55UEI6TR, STM32WBA55UEI7, STM32WBA55UEI7TR, STM32WBA55UGI6, STM32WBA55UGI6TR, STM32WBA55UGI7, STM32WBA55UGI7TR, STM32WL5MOCH6, STM32WL5MOCH6TR]
2025-04-02 11:20:23,301 [INFO] DbMcus:218 - Found 4608 MCUs, 4608 are supported
2025-04-02 11:20:23,302 [INFO] ApiDb:423 - Load user favorites file C:\Users\racin/.stm32cubeide/favorites.mcus.txt: 0 item(s)
2025-04-02 11:20:23,302 [INFO] ApiDb:427 - User favorites MCUs=[]
2025-04-02 11:20:23,302 [INFO] DbMcus:224 - Set 0 / 0 favorites MCUs
2025-04-02 11:20:23,737 [INFO] BoardInfo:889 - No configuration file found for board NUCLEO-C051C8
2025-04-02 11:20:23,737 [INFO] DbBoards:161 - Board is not supported: NUCLEO-C051C8
2025-04-02 11:20:23,738 [INFO] BoardInfo:889 - No configuration file found for board NUCLEO-C071RB
2025-04-02 11:20:23,739 [INFO] DbBoards:161 - Board is not supported: NUCLEO-C071RB
2025-04-02 11:20:23,740 [INFO] BoardInfo:889 - No configuration file found for board NUCLEO-C092RC
2025-04-02 11:20:23,740 [INFO] DbBoards:161 - Board is not supported: NUCLEO-C092RC
2025-04-02 11:20:23,826 [INFO] BoardInfo:889 - No configuration file found for board NUCLEO-N657X0-Q
2025-04-02 11:20:23,827 [INFO] DbBoards:161 - Board is not supported: NUCLEO-N657X0-Q
2025-04-02 11:20:23,834 [INFO] BoardInfo:889 - No configuration file found for board NUCLEO-WB05KZ
2025-04-02 11:20:23,834 [INFO] DbBoards:161 - Board is not supported: NUCLEO-WB05KZ
2025-04-02 11:20:23,835 [INFO] BoardInfo:889 - No configuration file found for board NUCLEO-WB07CC
2025-04-02 11:20:23,836 [INFO] DbBoards:161 - Board is not supported: NUCLEO-WB07CC
2025-04-02 11:20:23,837 [INFO] BoardInfo:889 - No configuration file found for board NUCLEO-WB09KE
2025-04-02 11:20:23,837 [INFO] DbBoards:161 - Board is not supported: NUCLEO-WB09KE
2025-04-02 11:20:23,844 [INFO] BoardInfo:889 - No configuration file found for board NUCLEO-WBA65RI
2025-04-02 11:20:23,844 [INFO] DbBoards:161 - Board is not supported: NUCLEO-WBA65RI
2025-04-02 11:20:23,845 [INFO] BoardInfo:889 - No configuration file found for board NUCLEO-WL33CC1
2025-04-02 11:20:23,846 [INFO] DbBoards:161 - Board is not supported: NUCLEO-WL33CC1
2025-04-02 11:20:23,847 [INFO] BoardInfo:889 - No configuration file found for board NUCLEO-WL33CC2
2025-04-02 11:20:23,847 [INFO] DbBoards:161 - Board is not supported: NUCLEO-WL33CC2
2025-04-02 11:20:23,853 [INFO] BoardInfo:889 - No configuration file found for board P-NUCLEO-WB55
2025-04-02 11:20:23,853 [INFO] DbBoards:161 - Kit is not supported: P-NUCLEO-WB55
2025-04-02 11:20:23,859 [INFO] BoardInfo:889 - No configuration file found for board STEVAL-BFA001V1B
2025-04-02 11:20:23,860 [INFO] DbBoards:161 - Kit is not supported: STEVAL-BFA001V1B
2025-04-02 11:20:23,861 [INFO] BoardInfo:889 - No configuration file found for board STEVAL-BFA001V2B
2025-04-02 11:20:23,861 [INFO] DbBoards:161 - Kit is not supported: STEVAL-BFA001V2B
2025-04-02 11:20:24,006 [INFO] BoardInfo:889 - No configuration file found for board STM32MP257F-DK
2025-04-02 11:20:24,006 [INFO] DbBoards:161 - Board is not supported: STM32MP257F-DK
2025-04-02 11:20:24,007 [INFO] BoardInfo:889 - No configuration file found for board STM32MP257F-EV1
2025-04-02 11:20:24,008 [INFO] DbBoards:161 - Board is not supported: STM32MP257F-EV1
2025-04-02 11:20:24,009 [INFO] BoardInfo:889 - No configuration file found for board STM32N6570-DK
2025-04-02 11:20:24,010 [INFO] DbBoards:161 - Board is not supported: STM32N6570-DK
2025-04-02 11:20:24,022 [INFO] BoardInfo:889 - No configuration file found for board STM32WBA65I-DK1
2025-04-02 11:20:24,022 [INFO] DbBoards:161 - Board is not supported: STM32WBA65I-DK1
2025-04-02 11:20:24,023 [INFO] DbBoards:168 - Found 209 boards, 192 are supported
2025-04-02 11:20:24,023 [INFO] DbBoards:169 - Found 209 boards, 8 of them is supported for  Bsp
2025-04-02 11:20:24,026 [INFO] ApiDb:423 - Load user favorites file C:\Users\racin/.stm32cubeide/favorites.boards.txt: 0 item(s)
2025-04-02 11:20:24,027 [INFO] ApiDb:427 - User favorites Boards=[]
2025-04-02 11:20:24,027 [INFO] DbBoards:198 - Set 0 / 0 favorites Boards
2025-04-02 11:20:24,090 [INFO] UtilMem:75 - End LoadConfig() Used Memory: 692534328 Bytes (1073741824)
2025-04-02 11:20:24,305 [WARN] ThirdParty:833 - waiting for thirdparty lock release [change project]
2025-04-02 11:20:24,306 [INFO] ThirdParty:835 - entering critical section [change project]
2025-04-02 11:20:24,306 [INFO] ThirdParty:1030 - CMSIS Pack Vendor :STMicroelectronics USBPD 4.1
2025-04-02 11:20:24,306 [INFO] ThirdParty:1030 - CMSIS Pack Vendor :STMicroelectronics X-CUBE-GNSS1 6.0.0
2025-04-02 11:20:24,306 [INFO] ThirdParty:1030 - CMSIS Pack Vendor :STMicroelectronics USB_HOST 2.0.0
2025-04-02 11:20:24,306 [INFO] ThirdParty:1030 - CMSIS Pack Vendor :STMicroelectronics FP-SNS-MOTENVWB1 1.4.0
2025-04-02 11:20:24,306 [INFO] ThirdParty:1030 - CMSIS Pack Vendor :STMicroelectronics X-CUBE-AZRTOS-F4 1.1.0
2025-04-02 11:20:24,306 [INFO] ThirdParty:1030 - CMSIS Pack Vendor :STMicroelectronics LIBJPEG 8.0.0
2025-04-02 11:20:24,306 [INFO] ThirdParty:1030 - CMSIS Pack Vendor :STMicroelectronics FP-ATR-ASTRA1 2.0.2
2025-04-02 11:20:24,306 [INFO] ThirdParty:1030 - CMSIS Pack Vendor :STMicroelectronics X-CUBE-SMBUS 2.1.0
2025-04-02 11:20:24,307 [INFO] ThirdParty:1030 - CMSIS Pack Vendor :STMicroelectronics X-CUBE-WB05N 1.1.0
2025-04-02 11:20:24,307 [INFO] ThirdParty:1030 - CMSIS Pack Vendor :STMicroelectronics X-CUBE-ISPU 2.1.0
2025-04-02 11:20:24,307 [INFO] ThirdParty:1030 - CMSIS Pack Vendor :STMicroelectronics X-CUBE-FREERTOS 1.2.0
2025-04-02 11:20:24,307 [INFO] ThirdParty:1030 - CMSIS Pack Vendor :STMicroelectronics X-CUBE-TOUCHGFX 4.23.2
2025-04-02 11:20:24,307 [INFO] ThirdParty:1030 - CMSIS Pack Vendor :STMicroelectronics X-CUBE-AZRTOS-F7 1.1.0
2025-04-02 11:20:24,307 [INFO] ThirdParty:1030 - CMSIS Pack Vendor :STMicroelectronics X-CUBE-AZRTOS-L5 2.0.0
2025-04-02 11:20:24,307 [INFO] ThirdParty:1030 - CMSIS Pack Vendor :STMicroelectronics USB_DEVICE 2.0.0
2025-04-02 11:20:24,307 [INFO] ThirdParty:1030 - CMSIS Pack Vendor :STMicroelectronics X-CUBE-NFC6 3.1.0
2025-04-02 11:20:24,307 [INFO] ThirdParty:1030 - CMSIS Pack Vendor :STMicroelectronics X-CUBE-MEMS1 11.0.0
2025-04-02 11:20:24,307 [INFO] ThirdParty:1030 - CMSIS Pack Vendor :STMicroelectronics FreeRTOS 0.0.1
2025-04-02 11:20:24,307 [INFO] ThirdParty:1030 - CMSIS Pack Vendor :STMicroelectronics X-CUBE-DPower 1.2.0
2025-04-02 11:20:24,307 [INFO] ThirdParty:1030 - CMSIS Pack Vendor :STMicroelectronics FP-SNS-FLIGHT1 5.0.2
2025-04-02 11:20:24,307 [INFO] ThirdParty:1030 - CMSIS Pack Vendor :STMicroelectronics X-CUBE-AI 9.0.0
2025-04-02 11:20:24,307 [INFO] ThirdParty:1030 - CMSIS Pack Vendor :STMicroelectronics PDM2PCM 3.3.0
2025-04-02 11:20:24,307 [INFO] ThirdParty:1030 - CMSIS Pack Vendor :STMicroelectronics X-CUBE-DISPLAY 3.0.0
2025-04-02 11:20:24,308 [INFO] ThirdParty:1030 - CMSIS Pack Vendor :STMicroelectronics X-CUBE-BLE1 7.0.0
2025-04-02 11:20:24,308 [INFO] ThirdParty:1030 - CMSIS Pack Vendor :STMicroelectronics X-CUBE-NFC10 1.0.0
2025-04-02 11:20:24,308 [INFO] ThirdParty:1030 - CMSIS Pack Vendor :STMicroelectronics X-CUBE-BLEMGR 4.0.0
2025-04-02 11:20:24,308 [INFO] ThirdParty:1030 - CMSIS Pack Vendor :STMicroelectronics HAL Drivers 0.0.0
2025-04-02 11:20:24,308 [INFO] ThirdParty:1030 - CMSIS Pack Vendor :emotas I-CUBE-CANOPEN 1.3.0
2025-04-02 11:20:24,309 [INFO] ThirdParty:1030 - CMSIS Pack Vendor :STMicroelectronics X-CUBE-FREERTOS 1.3.0
2025-04-02 11:20:24,309 [INFO] ThirdParty:1030 - CMSIS Pack Vendor :STMicroelectronics X-CUBE-NFC7 1.0.1
2025-04-02 11:20:24,309 [INFO] ThirdParty:1030 - CMSIS Pack Vendor :STMicroelectronics MBEDTLS 2.14.1
2025-04-02 11:20:24,309 [INFO] ThirdParty:1030 - CMSIS Pack Vendor :wolfSSL I-CUBE-wolfTPM 3.2.0
2025-04-02 11:20:24,309 [INFO] ThirdParty:1030 - CMSIS Pack Vendor :quantropi X-CUBE-qispace-sdk-base 2.0.0
2025-04-02 11:20:24,309 [INFO] ThirdParty:1030 - CMSIS Pack Vendor :STMicroelectronics X-CUBE-BLEMGR 3.1.0
2025-04-02 11:20:24,309 [INFO] ThirdParty:1030 - CMSIS Pack Vendor :STMicroelectronics X-CUBE-AI 10.0.0
2025-04-02 11:20:24,309 [INFO] ThirdParty:1030 - CMSIS Pack Vendor :STMicroelectronics FP-SNS-SMARTAG2 1.2.0
2025-04-02 11:20:24,309 [INFO] ThirdParty:1030 - CMSIS Pack Vendor :STMicroelectronics X-CUBE-MEMS1 11.1.0
2025-04-02 11:20:24,309 [INFO] ThirdParty:1030 - CMSIS Pack Vendor :STMicroelectronics X-CUBE-AZRTOS-WL 2.0.0
2025-04-02 11:20:24,309 [INFO] ThirdParty:1030 - CMSIS Pack Vendor :STMicroelectronics X-CUBE-DPower 1.3.0
2025-04-02 11:20:24,309 [INFO] ThirdParty:1030 - CMSIS Pack Vendor :STMicroelectronics FP-SNS-MOTENV1 5.0.0
2025-04-02 11:20:24,309 [INFO] ThirdParty:1030 - CMSIS Pack Vendor :STMicroelectronics USB_DEVICE 1.0.0
2025-04-02 11:20:24,309 [INFO] ThirdParty:1030 - CMSIS Pack Vendor :STMicroelectronics X-CUBE-AI 8.1.0
2025-04-02 11:20:24,309 [INFO] ThirdParty:1030 - CMSIS Pack Vendor :wolfSSL I-CUBE-wolfMQTT 1.19.0
2025-04-02 11:20:24,309 [INFO] ThirdParty:1030 - CMSIS Pack Vendor :STMicroelectronics X-CUBE-AZRTOS-L4 2.0.0
2025-04-02 11:20:24,309 [INFO] ThirdParty:1030 - CMSIS Pack Vendor :STMicroelectronics ThreadX 0.0.2
2025-04-02 11:20:24,309 [INFO] ThirdParty:1030 - CMSIS Pack Vendor :WES I-CUBE-Cesium 1.3.0
2025-04-02 11:20:24,309 [INFO] ThirdParty:1030 - CMSIS Pack Vendor :STMicroelectronics lwIP 2.1.2
2025-04-02 11:20:24,310 [INFO] ThirdParty:1030 - CMSIS Pack Vendor :STMicroelectronics X-CUBE-SFXS2LP1 4.0.0
2025-04-02 11:20:24,310 [INFO] ThirdParty:1030 - CMSIS Pack Vendor :STMicroelectronics X-CUBE-BLE2 3.3.0
2025-04-02 11:20:24,310 [INFO] ThirdParty:1030 - CMSIS Pack Vendor :STMicroelectronics PDM2PCM 3.2.0
2025-04-02 11:20:24,310 [INFO] ThirdParty:1030 - CMSIS Pack Vendor :STMicroelectronics X-CUBE-AZRTOS-H7 3.3.0
2025-04-02 11:20:24,310 [INFO] ThirdParty:1030 - CMSIS Pack Vendor :STMicroelectronics X-CUBE-NFC9 1.0.0
2025-04-02 11:20:24,310 [INFO] ThirdParty:1030 - CMSIS Pack Vendor :STMicroelectronics X-CUBE-BLE1 7.1.0
2025-04-02 11:20:24,310 [INFO] ThirdParty:1030 - CMSIS Pack Vendor :STMicroelectronics USB_DEVICE 3.0.0
2025-04-02 11:20:24,310 [INFO] ThirdParty:1030 - CMSIS Pack Vendor :STMicroelectronics X-CUBE-TCPP 4.1.0
2025-04-02 11:20:24,310 [INFO] ThirdParty:1030 - CMSIS Pack Vendor :STMicroelectronics X-CUBE-IPS 3.0.0
2025-04-02 11:20:24,310 [INFO] ThirdParty:1030 - CMSIS Pack Vendor :STMicroelectronics X-CUBE-AZRTOS-WB 2.0.0
2025-04-02 11:20:24,310 [INFO] ThirdParty:1030 - CMSIS Pack Vendor :STMicroelectronics X-CUBE-GNSS1 7.0.0
2025-04-02 11:20:24,310 [INFO] ThirdParty:1030 - CMSIS Pack Vendor :STMicroelectronics X-CUBE-GNSS1 7.0.1
2025-04-02 11:20:24,310 [INFO] ThirdParty:1030 - CMSIS Pack Vendor :STMicroelectronics X-CUBE-TOUCHGFX 4.25.0
2025-04-02 11:20:24,310 [INFO] ThirdParty:1030 - CMSIS Pack Vendor :STMicroelectronics FP-SNS-STBOX1 2.0.0
2025-04-02 11:20:24,310 [INFO] ThirdParty:1030 - CMSIS Pack Vendor :STMicroelectronics X-CUBE-ALGOBUILD 1.3.0
2025-04-02 11:20:24,310 [INFO] ThirdParty:1030 - CMSIS Pack Vendor :STMicroelectronics X-CUBE-AZRTOS-G0 1.1.0
2025-04-02 11:20:24,310 [INFO] ThirdParty:1030 - CMSIS Pack Vendor :STMicroelectronics X-CUBE-SAFEA1 1.2.2
2025-04-02 11:20:24,310 [INFO] ThirdParty:1030 - CMSIS Pack Vendor :STMicroelectronics X-CUBE-NFC4 3.0.0
2025-04-02 11:20:24,310 [INFO] ThirdParty:1030 - CMSIS Pack Vendor :STMicroelectronics X-CUBE-SUBG2 5.0.0
2025-04-02 11:20:24,310 [INFO] ThirdParty:1030 - CMSIS Pack Vendor :STMicroelectronics X-CUBE-AZRTOS-H7RS 1.1.0
2025-04-02 11:20:24,310 [INFO] ThirdParty:1030 - CMSIS Pack Vendor :STMicroelectronics STM32_WPAN 1.0.0
2025-04-02 11:20:24,310 [INFO] ThirdParty:1030 - CMSIS Pack Vendor :EmbeddedOffice I-CUBE-FS-RTOS 1.0.1
2025-04-02 11:20:24,310 [INFO] ThirdParty:1030 - CMSIS Pack Vendor :STMicroelectronics lwIP 2.0.3
2025-04-02 11:20:24,311 [INFO] ThirdParty:1030 - CMSIS Pack Vendor :Cesanta I-CUBE-Mongoose 7.13.0
2025-04-02 11:20:24,311 [INFO] ThirdParty:1030 - CMSIS Pack Vendor :STMicroelectronics USB_HOST 1.0.0
2025-04-02 11:20:24,311 [INFO] ThirdParty:1030 - CMSIS Pack Vendor :STMicroelectronics X-CUBE-AZRTOS-G4 2.0.0
2025-04-02 11:20:24,311 [INFO] ThirdParty:1030 - CMSIS Pack Vendor :STMicroelectronics PDM2PCM 3.1.0
2025-04-02 11:20:24,311 [INFO] ThirdParty:1030 - CMSIS Pack Vendor :RealThread X-CUBE-RT-Thread_Nano 4.1.1
2025-04-02 11:20:24,311 [INFO] ThirdParty:1030 - CMSIS Pack Vendor :wolfSSL I-CUBE-wolfSSL 5.7.0
2025-04-02 11:20:24,311 [INFO] ThirdParty:1030 - CMSIS Pack Vendor :STMicroelectronics FP-SNS-MOTENVWB1 1.3.1
2025-04-02 11:20:24,311 [INFO] ThirdParty:1030 - CMSIS Pack Vendor :STMicroelectronics FP-ATR-SIGFOX1 3.2.0
2025-04-02 11:20:24,311 [INFO] ThirdParty:1030 - CMSIS Pack Vendor :STMicroelectronics X-CUBE-ISPU 2.0.0
2025-04-02 11:20:24,311 [INFO] ThirdParty:1030 - CMSIS Pack Vendor :STMicroelectronics X-CUBE-EEPRMA1 5.1.0
2025-04-02 11:20:24,311 [INFO] ThirdParty:1030 - CMSIS Pack Vendor :STMicroelectronics MBEDTLS 2.16.2
2025-04-02 11:20:24,311 [INFO] ThirdParty:1030 - CMSIS Pack Vendor :STMicroelectronics X-CUBE-ALS 1.0.2
2025-04-02 11:20:24,311 [INFO] ThirdParty:1030 - CMSIS Pack Vendor :STMicroelectronics X-CUBE-MEMS1 10.0.0
2025-04-02 11:20:24,311 [INFO] ThirdParty:1030 - CMSIS Pack Vendor :STMicroelectronics X-CUBE-FREERTOS 1.1.0
2025-04-02 11:20:24,311 [INFO] ThirdParty:1030 - CMSIS Pack Vendor :STMicroelectronics X-CUBE-TOUCHGFX 4.24.0
2025-04-02 11:20:24,311 [INFO] ThirdParty:1030 - CMSIS Pack Vendor :ITTIA_DB I-CUBE-ITTIADB 8.9.0
2025-04-02 11:20:24,311 [INFO] ThirdParty:1030 - CMSIS Pack Vendor :STMicroelectronics X-CUBE-TOUCHGFX 4.24.1
2025-04-02 11:20:24,311 [INFO] ThirdParty:1030 - CMSIS Pack Vendor :portGmbH I-Cube-SoM-uGOAL 1.1.0
2025-04-02 11:20:24,311 [INFO] ThirdParty:1030 - CMSIS Pack Vendor :STMicroelectronics X-CUBE-ALS 1.0.1
2025-04-02 11:20:24,311 [INFO] ThirdParty:1030 - CMSIS Pack Vendor :STMicroelectronics ThreadX 1.0.0
2025-04-02 11:20:24,311 [INFO] ThirdParty:1030 - CMSIS Pack Vendor :SEGGER I-CUBE-embOS 1.3.1
2025-04-02 11:20:24,312 [INFO] ThirdParty:1030 - CMSIS Pack Vendor :STMicroelectronics X-CUBE-ALGOBUILD 1.4.0
2025-04-02 11:20:24,312 [INFO] ThirdParty:1030 - CMSIS Pack Vendor :STMicroelectronics X-CUBE-AZRTOS-H7RS 1.0.0
2025-04-02 11:20:24,312 [INFO] ThirdParty:1030 - CMSIS Pack Vendor :STMicroelectronics FP-ATR-ASTRA1 2.0.0
2025-04-02 11:20:24,312 [INFO] ThirdParty:1030 - CMSIS Pack Vendor :STMicroelectronics X-CUBE-TOF1 3.4.2
2025-04-02 11:20:24,312 [INFO] ThirdParty:1030 - CMSIS Pack Vendor :STMicroelectronics X-CUBE-AI 9.1.0
2025-04-02 11:20:24,312 [INFO] ThirdParty:1030 - CMSIS Pack Vendor :STMicroelectronics X-CUBE-TOF1 3.4.1
2025-04-02 11:20:24,312 [INFO] ThirdParty:1030 - CMSIS Pack Vendor :STMicroelectronics X-CUBE-AZRTOS-H7 3.2.0
2025-04-02 11:20:24,312 [INFO] ThirdParty:1030 - CMSIS Pack Vendor :Infineon AIROC-Wi-Fi-Bluetooth-STM32 1.6.0
2025-04-02 11:20:24,312 [INFO] ThirdParty:1030 - CMSIS Pack Vendor :wolfSSL I-CUBE-wolfSSH 1.4.17
2025-04-02 11:20:24,312 [INFO] ThirdParty:841 - exiting critical section [change project]
2025-04-02 11:20:25,074 [INFO] PinOutPanel:1561 - setPackage(No Configuration,No Configuration)
2025-04-02 11:20:25,076 [INFO] PinOutPanel:1561 - setPackage(STM32F767VITx,LQFP100)
2025-04-02 11:20:26,062 [INFO] UtilMem:75 - Before build in PCC Used Memory: 697534744 Bytes (1073741824)
2025-04-02 11:20:27,692 [INFO] UtilMem:75 - After build in PCC Used Memory: 801341720 Bytes (1073741824)
2025-04-02 11:20:27,742 [INFO] IPUIPlugin:80 - create IPUIPlugin
2025-04-02 11:20:27,742 [INFO] IPUIPlugin:80 - create IPUIPlugin
2025-04-02 11:20:27,742 [INFO] IPUIPlugin:80 - create IPUIPlugin
2025-04-02 11:20:27,742 [INFO] IPUIPlugin:80 - create IPUIPlugin
2025-04-02 11:20:27,742 [INFO] IPUIPlugin:80 - create IPUIPlugin
2025-04-02 11:20:27,742 [INFO] IPUIPlugin:80 - create IPUIPlugin
2025-04-02 11:20:27,743 [INFO] IPUIPlugin:80 - create IPUIPlugin
2025-04-02 11:20:27,743 [INFO] IPUIPlugin:80 - create IPUIPlugin
2025-04-02 11:20:27,743 [INFO] IPUIPlugin:80 - create IPUIPlugin
2025-04-02 11:20:27,743 [INFO] IPUIPlugin:80 - create IPUIPlugin
2025-04-02 11:20:27,743 [INFO] IPUIPlugin:80 - create IPUIPlugin
2025-04-02 11:20:27,743 [INFO] IPUIPlugin:80 - create IPUIPlugin
2025-04-02 11:20:27,743 [INFO] IPUIPlugin:80 - create IPUIPlugin
2025-04-02 11:20:27,744 [INFO] IPUIPlugin:80 - create IPUIPlugin
2025-04-02 11:20:27,744 [INFO] IPUIPlugin:80 - create IPUIPlugin
2025-04-02 11:20:27,744 [INFO] IPUIPlugin:80 - create IPUIPlugin
2025-04-02 11:20:27,744 [INFO] IPUIPlugin:80 - create IPUIPlugin
2025-04-02 11:20:27,744 [INFO] IPUIPlugin:80 - create IPUIPlugin
2025-04-02 11:20:27,744 [INFO] IPUIPlugin:80 - create IPUIPlugin
2025-04-02 11:20:27,744 [INFO] IPUIPlugin:80 - create IPUIPlugin
2025-04-02 11:20:27,745 [INFO] IPUIPlugin:80 - create IPUIPlugin
2025-04-02 11:20:27,745 [INFO] IPUIPlugin:80 - create IPUIPlugin
2025-04-02 11:20:27,745 [INFO] IPUIPlugin:80 - create IPUIPlugin
2025-04-02 11:20:27,745 [INFO] IPUIPlugin:80 - create IPUIPlugin
2025-04-02 11:20:27,745 [INFO] IPUIPlugin:80 - create IPUIPlugin
2025-04-02 11:20:27,746 [INFO] IPUIPlugin:80 - create IPUIPlugin
2025-04-02 11:20:27,746 [INFO] IPUIPlugin:80 - create IPUIPlugin
2025-04-02 11:20:27,746 [INFO] IPUIPlugin:80 - create IPUIPlugin
2025-04-02 11:20:27,746 [INFO] IPUIPlugin:80 - create IPUIPlugin
2025-04-02 11:20:27,747 [INFO] IPUIPlugin:80 - create IPUIPlugin
2025-04-02 11:20:27,747 [INFO] IPUIPlugin:80 - create IPUIPlugin
2025-04-02 11:20:27,747 [INFO] IPUIPlugin:80 - create IPUIPlugin
2025-04-02 11:20:27,747 [INFO] IPUIPlugin:80 - create IPUIPlugin
2025-04-02 11:20:27,748 [INFO] IPUIPlugin:80 - create IPUIPlugin
2025-04-02 11:20:27,748 [INFO] IPUIPlugin:80 - create IPUIPlugin
2025-04-02 11:20:27,748 [INFO] IPUIPlugin:80 - create IPUIPlugin
2025-04-02 11:20:27,748 [INFO] IPUIPlugin:80 - create IPUIPlugin
2025-04-02 11:20:27,749 [INFO] IPUIPlugin:80 - create IPUIPlugin
2025-04-02 11:20:27,750 [INFO] IPUIPlugin:80 - create IPUIPlugin
2025-04-02 11:20:27,750 [INFO] IPUIPlugin:80 - create IPUIPlugin
2025-04-02 11:20:27,750 [INFO] IPUIPlugin:80 - create IPUIPlugin
2025-04-02 11:20:27,750 [INFO] IPUIPlugin:80 - create IPUIPlugin
2025-04-02 11:20:27,751 [INFO] IPUIPlugin:80 - create IPUIPlugin
2025-04-02 11:20:27,751 [INFO] IPUIPlugin:80 - create IPUIPlugin
2025-04-02 11:20:27,751 [INFO] IPUIPlugin:80 - create IPUIPlugin
2025-04-02 11:20:27,752 [INFO] IPUIPlugin:80 - create IPUIPlugin
2025-04-02 11:20:27,752 [INFO] IPUIPlugin:80 - create IPUIPlugin
2025-04-02 11:20:27,752 [INFO] IPUIPlugin:80 - create IPUIPlugin
2025-04-02 11:20:27,752 [INFO] IPUIPlugin:80 - create IPUIPlugin
2025-04-02 11:20:27,753 [INFO] IPUIPlugin:80 - create IPUIPlugin
2025-04-02 11:20:27,753 [INFO] IPUIPlugin:80 - create IPUIPlugin
2025-04-02 11:20:27,753 [INFO] IPUIPlugin:80 - create IPUIPlugin
2025-04-02 11:20:27,753 [INFO] IPUIPlugin:80 - create IPUIPlugin
2025-04-02 11:20:27,754 [INFO] IPUIPlugin:80 - create IPUIPlugin
2025-04-02 11:20:27,754 [INFO] IPUIPlugin:80 - create IPUIPlugin
2025-04-02 11:20:27,754 [INFO] IPUIPlugin:80 - create IPUIPlugin
2025-04-02 11:20:27,754 [INFO] IPUIPlugin:80 - create IPUIPlugin
2025-04-02 11:20:27,755 [INFO] IPUIPlugin:80 - create IPUIPlugin
2025-04-02 11:20:27,755 [INFO] IPUIPlugin:80 - create IPUIPlugin
2025-04-02 11:20:27,755 [INFO] IPUIPlugin:80 - create IPUIPlugin
2025-04-02 11:20:27,756 [INFO] IPUIPlugin:80 - create IPUIPlugin
2025-04-02 11:20:27,756 [INFO] IPUIPlugin:80 - create IPUIPlugin
2025-04-02 11:20:27,757 [INFO] IPUIPlugin:80 - create IPUIPlugin
2025-04-02 11:20:27,757 [INFO] IPUIPlugin:80 - create IPUIPlugin
2025-04-02 11:20:27,758 [INFO] IPUIPlugin:80 - create IPUIPlugin
2025-04-02 11:20:27,758 [INFO] IPUIPlugin:80 - create IPUIPlugin
2025-04-02 11:20:27,759 [INFO] IPUIPlugin:80 - create IPUIPlugin
2025-04-02 11:20:27,759 [INFO] IPUIPlugin:80 - create IPUIPlugin
2025-04-02 11:20:27,760 [INFO] IPUIPlugin:80 - create IPUIPlugin
2025-04-02 11:20:27,760 [INFO] IPUIPlugin:80 - create IPUIPlugin
2025-04-02 11:20:27,760 [INFO] IPUIPlugin:80 - create IPUIPlugin
2025-04-02 11:20:27,761 [INFO] IPUIPlugin:80 - create IPUIPlugin
2025-04-02 11:20:27,761 [INFO] IPUIPlugin:80 - create IPUIPlugin
2025-04-02 11:20:27,761 [INFO] IPUIPlugin:80 - create IPUIPlugin
2025-04-02 11:20:27,762 [INFO] IPUIPlugin:80 - create IPUIPlugin
2025-04-02 11:20:27,762 [INFO] IPUIPlugin:80 - create IPUIPlugin
2025-04-02 11:20:27,763 [INFO] IPUIPlugin:80 - create IPUIPlugin
2025-04-02 11:20:27,763 [INFO] IPUIPlugin:80 - create IPUIPlugin
2025-04-02 11:20:27,856 [INFO] ApiDbMcu:508 - Load IP Config File for PDM2PCM
2025-04-02 11:20:27,871 [INFO] Can:71 - Can Add PropertyChangeListener com.st.microxplorer.plugins.ip.can.Can@273fd8a9
2025-04-02 11:20:27,872 [INFO] Can:71 - Can Add PropertyChangeListener com.st.microxplorer.plugins.ip.can.Can@2a214de2
2025-04-02 11:20:28,126 [INFO] CADModel:165 - CPN selected for project levelSTM32F767VIT7
2025-04-02 11:20:28,126 [INFO] CADModel:114 - Register for checkConnection events
2025-04-02 11:20:28,186 [INFO] OpenFileManager:343 - Restore cursor
2025-04-02 11:23:11,268 [INFO] NvicIntPanel:101 - NVIC parent = com.st.microxplorer.plugins.ip.nvic.MultiNvicIntPanel[,0,0,0x0,invalid,layout=javax.swing.BoxLayout,alignmentX=0.0,alignmentY=0.0,border=,flags=9,maximumSize=,minimumSize=,preferredSize=]
2025-04-02 13:21:01,665 [INFO] NvicIntPanel:101 - NVIC parent = com.st.microxplorer.plugins.ip.nvic.MultiNvicIntPanel[,0,0,0x0,invalid,layout=javax.swing.BoxLayout,alignmentX=0.0,alignmentY=0.0,border=,flags=9,maximumSize=,minimumSize=,preferredSize=]
2025-04-02 13:21:03,275 [INFO] NvicIntPanel:101 - NVIC parent = com.st.microxplorer.plugins.ip.nvic.MultiNvicIntPanel[,0,0,0x0,invalid,layout=javax.swing.BoxLayout,alignmentX=0.0,alignmentY=0.0,border=,flags=9,maximumSize=,minimumSize=,preferredSize=]
2025-04-02 14:30:35,245 [INFO] UtilMem:75 - End SaveConfig() Used Memory: 824760640 Bytes (1073741824)
2025-04-02 14:30:36,213 [INFO] UtilMem:75 - End SaveConfig() Used Memory: 872468800 Bytes (1073741824)
2025-04-02 14:30:40,492 [INFO] UtilMem:75 - End SaveConfig() Used Memory: 922800448 Bytes (1073741824)
2025-04-02 14:30:41,162 [INFO] BlockDiagram:2759 - set Specific Code input for plugin: CAN
2025-04-02 14:30:41,162 [INFO] BlockDiagram:2759 - set Specific Code input for plugin: TIM1_8F77
2025-04-02 14:30:41,162 [INFO] BlockDiagram:2759 - set Specific Code input for plugin: CAN
2025-04-02 14:30:41,162 [INFO] BlockDiagram:2759 - set Specific Code input for plugin: SYS
2025-04-02 14:30:41,162 [INFO] BlockDiagram:2759 - set Specific Code input for plugin: RCC
2025-04-02 14:30:41,162 [INFO] BlockDiagram:2759 - set Specific Code input for plugin: NVIC
2025-04-02 14:30:41,162 [INFO] BlockDiagram:2759 - set Specific Code input for plugin: CORTEX_M7
2025-04-02 14:30:41,163 [INFO] BlockDiagram:2759 - set Specific Code input for plugin: GPIO
2025-04-02 14:30:41,164 [INFO] CodeGenerator:807 - code generatio: config db path: C:\ST\STM32CubeIDE_1.15.0\STM32CubeIDE\plugins\com.st.stm32cube.common.mx_6.11.0.202403141607\\db\
2025-04-02 14:30:41,554 [INFO] CodeEngine:255 - oldGeneratedFile, C:\Users\racin\Documents\GitHub\VCU_Firmware\VCU_Firmware\MXTmpFiles\license.tmp_save
2025-04-02 14:30:42,314 [INFO] CodeEngine:279 - Generated code: C:\Users\racin\Documents\GitHub\VCU_Firmware\VCU_Firmware\MXTmpFiles\license.tmp
2025-04-02 14:30:42,456 [INFO] CodeEngine:255 - oldGeneratedFile, C:\Users\racin\Documents\GitHub\VCU_Firmware\VCU_Firmware\Core\Src\gpio.c_save
2025-04-02 14:30:42,684 [INFO] CodeEngine:279 - Generated code: C:\Users\racin\Documents\GitHub\VCU_Firmware\VCU_Firmware\Core\Src\gpio.c
2025-04-02 14:30:42,706 [INFO] CodeEngine:255 - oldGeneratedFile, C:\Users\racin\Documents\GitHub\VCU_Firmware\VCU_Firmware\Core\Inc\gpio.h_save
2025-04-02 14:30:42,818 [INFO] CodeEngine:279 - Generated code: C:\Users\racin\Documents\GitHub\VCU_Firmware\VCU_Firmware\Core\Inc\gpio.h
2025-04-02 14:30:43,221 [INFO] CodeEngine:255 - oldGeneratedFile, C:\Users\racin\Documents\GitHub\VCU_Firmware\VCU_Firmware\Core\Src\can.c_save
2025-04-02 14:30:43,441 [INFO] CodeEngine:279 - Generated code: C:\Users\racin\Documents\GitHub\VCU_Firmware\VCU_Firmware\Core\Src\can.c
2025-04-02 14:30:43,471 [INFO] CodeEngine:255 - oldGeneratedFile, C:\Users\racin\Documents\GitHub\VCU_Firmware\VCU_Firmware\Core\Inc\can.h_save
2025-04-02 14:30:43,597 [INFO] CodeEngine:279 - Generated code: C:\Users\racin\Documents\GitHub\VCU_Firmware\VCU_Firmware\Core\Inc\can.h
2025-04-02 14:30:43,620 [INFO] CodeEngine:255 - oldGeneratedFile, C:\Users\racin\Documents\GitHub\VCU_Firmware\VCU_Firmware\MXTmpFiles\cortex.tmp_save
2025-04-02 14:30:43,725 [INFO] CodeEngine:279 - Generated code: C:\Users\racin\Documents\GitHub\VCU_Firmware\VCU_Firmware\MXTmpFiles\cortex.tmp
2025-04-02 14:30:43,750 [INFO] CodeEngine:255 - oldGeneratedFile, C:\Users\racin\Documents\GitHub\VCU_Firmware\VCU_Firmware\Core\Src\tim.c_save
2025-04-02 14:30:43,891 [INFO] CodeEngine:279 - Generated code: C:\Users\racin\Documents\GitHub\VCU_Firmware\VCU_Firmware\Core\Src\tim.c
2025-04-02 14:30:43,898 [INFO] CodeEngine:255 - oldGeneratedFile, C:\Users\racin\Documents\GitHub\VCU_Firmware\VCU_Firmware\Core\Inc\tim.h_save
2025-04-02 14:30:43,988 [INFO] CodeEngine:279 - Generated code: C:\Users\racin\Documents\GitHub\VCU_Firmware\VCU_Firmware\Core\Inc\tim.h
2025-04-02 14:30:44,047 [INFO] CodeEngine:255 - oldGeneratedFile, C:\Users\racin\Documents\GitHub\VCU_Firmware\VCU_Firmware\Core\Src\stm32f7xx_it.c_save
2025-04-02 14:30:44,196 [INFO] CodeEngine:279 - Generated code: C:\Users\racin\Documents\GitHub\VCU_Firmware\VCU_Firmware\Core\Src\stm32f7xx_it.c
2025-04-02 14:30:44,222 [INFO] CodeEngine:255 - oldGeneratedFile, C:\Users\racin\Documents\GitHub\VCU_Firmware\VCU_Firmware\Core\Inc\stm32f7xx_it.h_save
2025-04-02 14:30:44,326 [INFO] CodeEngine:279 - Generated code: C:\Users\racin\Documents\GitHub\VCU_Firmware\VCU_Firmware\Core\Inc\stm32f7xx_it.h
2025-04-02 14:30:44,363 [INFO] CodeEngine:255 - oldGeneratedFile, C:\Users\racin\Documents\GitHub\VCU_Firmware\VCU_Firmware\Core\Src\stm32f7xx_hal_msp.c_save
2025-04-02 14:30:44,482 [INFO] CodeEngine:279 - Generated code: C:\Users\racin\Documents\GitHub\VCU_Firmware\VCU_Firmware\Core\Src\stm32f7xx_hal_msp.c
2025-04-02 14:30:44,497 [INFO] CodeEngine:255 - oldGeneratedFile, C:\Users\racin\Documents\GitHub\VCU_Firmware\VCU_Firmware\MXTmpFiles\system.tmp_save
2025-04-02 14:30:44,563 [INFO] CodeEngine:279 - Generated code: C:\Users\racin\Documents\GitHub\VCU_Firmware\VCU_Firmware\MXTmpFiles\system.tmp
2025-04-02 14:30:44,592 [INFO] CodeEngine:311 - oldGeneratedFile, C:\Users\racin\Documents\GitHub\VCU_Firmware\VCU_Firmware\Core\Inc\stm32f7xx_hal_conf.h_save
2025-04-02 14:30:44,691 [INFO] CodeEngine:335 - Generated code: C:\Users\racin\Documents\GitHub\VCU_Firmware\VCU_Firmware\Core\Inc\stm32f7xx_hal_conf.h
2025-04-02 14:30:44,773 [INFO] CodeEngine:255 - oldGeneratedFile, C:\Users\racin\Documents\GitHub\VCU_Firmware\VCU_Firmware\Core\Inc\main.h_save
2025-04-02 14:30:44,892 [INFO] CodeEngine:279 - Generated code: C:\Users\racin\Documents\GitHub\VCU_Firmware\VCU_Firmware\Core\Inc\main.h
2025-04-02 14:30:44,922 [INFO] CodeEngine:255 - oldGeneratedFile, C:\Users\racin\Documents\GitHub\VCU_Firmware\VCU_Firmware\Core\Src\main.c_save
2025-04-02 14:30:45,089 [INFO] CodeEngine:279 - Generated code: C:\Users\racin\Documents\GitHub\VCU_Firmware\VCU_Firmware\Core\Src\main.c
2025-04-02 14:30:45,507 [INFO] ProjectBuilder:3163 - Time for Copy HAL[1] : 224mS.
2025-04-02 14:30:45,515 [INFO] ProjectBuilder:4736 - Project Generator version: 4.3.0-B58
2025-04-02 14:30:45,622 [INFO] ConfigFileManager:1503 - The Die is : DIE451
2025-04-02 14:30:45,641 [INFO] ApiDbMcu:508 - Load IP Config File for FATFS
2025-04-02 14:30:45,657 [INFO] ApiDbMcu:508 - Load IP Config File for FREERTOS
2025-04-02 14:30:45,670 [INFO] ApiDbMcu:508 - Load IP Config File for LIBJPEG
2025-04-02 14:30:45,688 [INFO] ApiDbMcu:508 - Load IP Config File for LWIP
2025-04-02 14:30:45,705 [INFO] ApiDbMcu:508 - Load IP Config File for MBEDTLS
2025-04-02 14:30:45,724 [INFO] ApiDbMcu:508 - Load IP Config File for USB_DEVICE
2025-04-02 14:30:45,739 [INFO] ApiDbMcu:508 - Load IP Config File for USB_HOST
2025-04-02 14:30:46,679 [INFO] LogOutputStream:77 - [STDOUT_REDIRECT] 
2025-04-02 14:30:49,443 [INFO] ProjectBuilder:5002 - Time for Generating toolchain IDE Files: 3928mS.
2025-04-02 14:30:49,444 [INFO] ProjectBuilder:3034 - Time for Copy CMSIS : 0mS.
2025-04-02 14:30:49,447 [INFO] ProjectBuilder:3034 - Time for Copy CMSIS : 0mS.
2025-04-02 14:46:57,401 [INFO] NvicIntPanel:101 - NVIC parent = com.st.microxplorer.plugins.ip.nvic.MultiNvicIntPanel[,0,0,0x0,invalid,layout=javax.swing.BoxLayout,alignmentX=0.0,alignmentY=0.0,border=,flags=9,maximumSize=,minimumSize=,preferredSize=]
2025-04-02 14:56:43,251 [INFO] UtilMem:75 - End SaveConfig() Used Memory: 743834424 Bytes (1073741824)
2025-04-02 14:56:44,676 [INFO] UtilMem:75 - End SaveConfig() Used Memory: 846628576 Bytes (1073741824)
2025-04-02 14:56:44,982 [INFO] UtilMem:75 - End SaveConfig() Used Memory: 931155656 Bytes (1073741824)
2025-04-02 14:56:45,203 [INFO] BlockDiagram:2759 - set Specific Code input for plugin: CAN
2025-04-02 14:56:45,203 [INFO] BlockDiagram:2759 - set Specific Code input for plugin: TIM1_8F77
2025-04-02 14:56:45,204 [INFO] BlockDiagram:2759 - set Specific Code input for plugin: CAN
2025-04-02 14:56:45,204 [INFO] BlockDiagram:2759 - set Specific Code input for plugin: SYS
2025-04-02 14:56:45,204 [INFO] BlockDiagram:2759 - set Specific Code input for plugin: RCC
2025-04-02 14:56:45,204 [INFO] BlockDiagram:2759 - set Specific Code input for plugin: NVIC
2025-04-02 14:56:45,204 [INFO] BlockDiagram:2759 - set Specific Code input for plugin: CORTEX_M7
2025-04-02 14:56:45,204 [INFO] BlockDiagram:2759 - set Specific Code input for plugin: GPIO
2025-04-02 14:56:45,205 [INFO] CodeGenerator:807 - code generatio: config db path: C:\ST\STM32CubeIDE_1.15.0\STM32CubeIDE\plugins\com.st.stm32cube.common.mx_6.11.0.202403141607\\db\
2025-04-02 14:56:45,354 [INFO] CodeEngine:255 - oldGeneratedFile, C:\Users\racin\Documents\GitHub\VCU_Firmware\VCU_Firmware\MXTmpFiles\license.tmp_save
2025-04-02 14:56:45,545 [INFO] CodeEngine:279 - Generated code: C:\Users\racin\Documents\GitHub\VCU_Firmware\VCU_Firmware\MXTmpFiles\license.tmp
2025-04-02 14:56:45,664 [INFO] CodeEngine:255 - oldGeneratedFile, C:\Users\racin\Documents\GitHub\VCU_Firmware\VCU_Firmware\Core\Src\gpio.c_save
2025-04-02 14:56:45,814 [INFO] CodeEngine:279 - Generated code: C:\Users\racin\Documents\GitHub\VCU_Firmware\VCU_Firmware\Core\Src\gpio.c
2025-04-02 14:56:45,820 [INFO] CodeEngine:255 - oldGeneratedFile, C:\Users\racin\Documents\GitHub\VCU_Firmware\VCU_Firmware\Core\Inc\gpio.h_save
2025-04-02 14:56:45,919 [INFO] CodeEngine:279 - Generated code: C:\Users\racin\Documents\GitHub\VCU_Firmware\VCU_Firmware\Core\Inc\gpio.h
2025-04-02 14:56:46,178 [INFO] CodeEngine:255 - oldGeneratedFile, C:\Users\racin\Documents\GitHub\VCU_Firmware\VCU_Firmware\Core\Src\can.c_save
2025-04-02 14:56:46,425 [INFO] CodeEngine:279 - Generated code: C:\Users\racin\Documents\GitHub\VCU_Firmware\VCU_Firmware\Core\Src\can.c
2025-04-02 14:56:46,449 [INFO] CodeEngine:255 - oldGeneratedFile, C:\Users\racin\Documents\GitHub\VCU_Firmware\VCU_Firmware\Core\Inc\can.h_save
2025-04-02 14:56:46,507 [INFO] CodeEngine:279 - Generated code: C:\Users\racin\Documents\GitHub\VCU_Firmware\VCU_Firmware\Core\Inc\can.h
2025-04-02 14:56:46,516 [INFO] CodeEngine:255 - oldGeneratedFile, C:\Users\racin\Documents\GitHub\VCU_Firmware\VCU_Firmware\MXTmpFiles\cortex.tmp_save
2025-04-02 14:56:46,598 [INFO] CodeEngine:279 - Generated code: C:\Users\racin\Documents\GitHub\VCU_Firmware\VCU_Firmware\MXTmpFiles\cortex.tmp
2025-04-02 14:56:46,620 [INFO] CodeEngine:255 - oldGeneratedFile, C:\Users\racin\Documents\GitHub\VCU_Firmware\VCU_Firmware\Core\Src\tim.c_save
2025-04-02 14:56:46,720 [INFO] CodeEngine:279 - Generated code: C:\Users\racin\Documents\GitHub\VCU_Firmware\VCU_Firmware\Core\Src\tim.c
2025-04-02 14:56:46,726 [INFO] CodeEngine:255 - oldGeneratedFile, C:\Users\racin\Documents\GitHub\VCU_Firmware\VCU_Firmware\Core\Inc\tim.h_save
2025-04-02 14:56:46,804 [INFO] CodeEngine:279 - Generated code: C:\Users\racin\Documents\GitHub\VCU_Firmware\VCU_Firmware\Core\Inc\tim.h
2025-04-02 14:56:46,831 [INFO] CodeEngine:255 - oldGeneratedFile, C:\Users\racin\Documents\GitHub\VCU_Firmware\VCU_Firmware\Core\Src\stm32f7xx_it.c_save
2025-04-02 14:56:47,058 [INFO] CodeEngine:279 - Generated code: C:\Users\racin\Documents\GitHub\VCU_Firmware\VCU_Firmware\Core\Src\stm32f7xx_it.c
2025-04-02 14:56:47,066 [INFO] CodeEngine:255 - oldGeneratedFile, C:\Users\racin\Documents\GitHub\VCU_Firmware\VCU_Firmware\Core\Inc\stm32f7xx_it.h_save
2025-04-02 14:56:47,130 [INFO] CodeEngine:279 - Generated code: C:\Users\racin\Documents\GitHub\VCU_Firmware\VCU_Firmware\Core\Inc\stm32f7xx_it.h
2025-04-02 14:56:47,156 [INFO] CodeEngine:255 - oldGeneratedFile, C:\Users\racin\Documents\GitHub\VCU_Firmware\VCU_Firmware\Core\Src\stm32f7xx_hal_msp.c_save
2025-04-02 14:56:47,252 [INFO] CodeEngine:279 - Generated code: C:\Users\racin\Documents\GitHub\VCU_Firmware\VCU_Firmware\Core\Src\stm32f7xx_hal_msp.c
2025-04-02 14:56:47,257 [INFO] CodeEngine:255 - oldGeneratedFile, C:\Users\racin\Documents\GitHub\VCU_Firmware\VCU_Firmware\MXTmpFiles\system.tmp_save
2025-04-02 14:56:47,319 [INFO] CodeEngine:279 - Generated code: C:\Users\racin\Documents\GitHub\VCU_Firmware\VCU_Firmware\MXTmpFiles\system.tmp
2025-04-02 14:56:47,339 [INFO] CodeEngine:311 - oldGeneratedFile, C:\Users\racin\Documents\GitHub\VCU_Firmware\VCU_Firmware\Core\Inc\stm32f7xx_hal_conf.h_save
2025-04-02 14:56:47,436 [INFO] CodeEngine:335 - Generated code: C:\Users\racin\Documents\GitHub\VCU_Firmware\VCU_Firmware\Core\Inc\stm32f7xx_hal_conf.h
2025-04-02 14:56:47,480 [INFO] CodeEngine:255 - oldGeneratedFile, C:\Users\racin\Documents\GitHub\VCU_Firmware\VCU_Firmware\Core\Inc\main.h_save
2025-04-02 14:56:47,580 [INFO] CodeEngine:279 - Generated code: C:\Users\racin\Documents\GitHub\VCU_Firmware\VCU_Firmware\Core\Inc\main.h
2025-04-02 14:56:47,595 [INFO] CodeEngine:255 - oldGeneratedFile, C:\Users\racin\Documents\GitHub\VCU_Firmware\VCU_Firmware\Core\Src\main.c_save
2025-04-02 14:56:47,688 [INFO] CodeEngine:279 - Generated code: C:\Users\racin\Documents\GitHub\VCU_Firmware\VCU_Firmware\Core\Src\main.c
2025-04-02 14:56:48,016 [INFO] ProjectBuilder:3163 - Time for Copy HAL[1] : 153mS.
2025-04-02 14:56:48,019 [INFO] ProjectBuilder:4736 - Project Generator version: 4.3.0-B58
2025-04-02 14:56:48,097 [INFO] ConfigFileManager:1503 - The Die is : DIE451
2025-04-02 14:56:49,425 [INFO] ProjectBuilder:5002 - Time for Generating toolchain IDE Files: 1406mS.
2025-04-02 14:56:49,426 [INFO] ProjectBuilder:3034 - Time for Copy CMSIS : 1mS.
2025-04-02 14:56:49,428 [INFO] ProjectBuilder:3034 - Time for Copy CMSIS : 0mS.
2025-04-02 15:56:49,703 [INFO] NvicIntPanel:101 - NVIC parent = com.st.microxplorer.plugins.ip.nvic.MultiNvicIntPanel[,0,0,0x0,invalid,layout=javax.swing.BoxLayout,alignmentX=0.0,alignmentY=0.0,border=,flags=9,maximumSize=,minimumSize=,preferredSize=]
2025-06-05 21:26:16,924 [INFO] Activator:176 - 


2025-06-05 21:26:16,926 [INFO] Activator:177 - !SESSION log4j initialized
2025-06-05 21:26:22,432 [INFO] LogOutputStream:77 - [STDOUT_REDIRECT] 
2025-06-05 21:26:24,933 [INFO] ApplicationProperties:184 - Using Application install path: C:\ST\STM32CubeIDE_1.15.0\STM32CubeIDE\plugins\com.st.stm32cube.common.mx_6.11.0.202403141607
2025-06-05 21:26:24,951 [INFO] DbMcusXml:78 - Set database path to: C:\ST\STM32CubeIDE_1.15.0\STM32CubeIDE\plugins\com.st.stm32cube.common.mx_6.11.0.202403141607\\db\/mcu/
2025-06-05 21:26:24,951 [INFO] ApiDb:274 - Set plugin database path to: C:\ST\STM32CubeIDE_1.15.0\STM32CubeIDE\plugins\com.st.stm32cube.common.mx_6.11.0.202403141607\\db\/plugins/boardmanager/
2025-06-05 21:26:24,952 [WARN] ApiDb:259 - Overriding images path with different value:  => C:\ST\STM32CubeIDE_1.15.0\STM32CubeIDE\plugins\com.st.stm32cube.common.mx_6.11.0.202403141607\\db\/plugins/mcufinder/images/
2025-06-05 21:26:24,958 [INFO] ApiDb:250 - Set database path to: C:\Users\racin\.stmcufinder\plugins\mcufinder//mcu/
2025-06-05 21:26:24,959 [INFO] DbMcusAds:125 - Set database path to: C:\Users\racin\.stmcufinder\plugins\mcufinder//mcu/
2025-06-05 21:26:24,961 [INFO] CrossReferenceDbSqlite:203 - Set database path to: C:\Users\racin\.stmcufinder\plugins\mcufinder//mcu/cs/
2025-06-05 21:26:25,100 [INFO] RulesReader:64 - Compatibility file has been processed (297 Rules)
2025-06-05 21:26:25,242 [INFO] DbMcusXml:78 - Set database path to: C:\ST\STM32CubeIDE_1.15.0\STM32CubeIDE\plugins\com.st.stm32cube.common.mx_6.11.0.202403141607\\db\/mcu/
2025-06-05 21:26:25,242 [INFO] ApiDb:274 - Set plugin database path to: C:\ST\STM32CubeIDE_1.15.0\STM32CubeIDE\plugins\com.st.stm32cube.common.mx_6.11.0.202403141607\\db\/plugins/boardmanager/
2025-06-05 21:26:25,242 [INFO] ApiDb:261 - Set plugin images path to: C:\ST\STM32CubeIDE_1.15.0\STM32CubeIDE\plugins\com.st.stm32cube.common.mx_6.11.0.202403141607\\db\/plugins/mcufinder/images/
2025-06-05 21:26:25,242 [WARN] DbFile:41 - Overriding database path with different value: C:\Users\racin\.stmcufinder\plugins\mcufinder/ => C:\Users\racin\.stmcufinder\plugins\mcufinder
2025-06-05 21:26:25,242 [INFO] ApiDb:250 - Set database path to: C:\Users\racin\.stmcufinder\plugins\mcufinder//mcu/
2025-06-05 21:26:25,243 [WARN] DbFile:41 - Overriding database path with different value: C:\Users\racin\.stmcufinder\plugins\mcufinder/ => C:\Users\racin\.stmcufinder\plugins\mcufinder
2025-06-05 21:26:25,243 [INFO] DbMcusAds:125 - Set database path to: C:\Users\racin\.stmcufinder\plugins\mcufinder//mcu/
2025-06-05 21:26:25,243 [WARN] DbFile:41 - Overriding database path with different value: C:\Users\racin\.stmcufinder\plugins\mcufinder/ => C:\Users\racin\.stmcufinder\plugins\mcufinder
2025-06-05 21:26:25,243 [WARN] DbFile:41 - Overriding database path with different value: C:\Users\racin\.stmcufinder\plugins\mcufinder/ => C:\Users\racin\.stmcufinder\plugins\mcufinder
2025-06-05 21:26:25,243 [INFO] CrossReferenceDbSqlite:203 - Set database path to: C:\Users\racin\.stmcufinder\plugins\mcufinder//mcu/cs/
2025-06-05 21:26:25,334 [INFO] MainPanel:264 - HeapMemory: 268435456
2025-06-05 21:26:25,459 [INFO] DbMcusXml:78 - Set database path to: C:\ST\STM32CubeIDE_1.15.0\STM32CubeIDE\plugins\com.st.stm32cube.common.mx_6.11.0.202403141607\\db\/mcu/
2025-06-05 21:26:25,459 [INFO] ApiDb:274 - Set plugin database path to: C:\ST\STM32CubeIDE_1.15.0\STM32CubeIDE\plugins\com.st.stm32cube.common.mx_6.11.0.202403141607\\db\/plugins/boardmanager/
2025-06-05 21:26:25,460 [INFO] ApiDb:261 - Set plugin images path to: C:\ST\STM32CubeIDE_1.15.0\STM32CubeIDE\plugins\com.st.stm32cube.common.mx_6.11.0.202403141607\\db\/plugins/mcufinder/images/
2025-06-05 21:26:25,460 [WARN] DbFile:41 - Overriding database path with different value: C:\Users\racin\.stmcufinder\plugins\mcufinder/ => C:\Users\racin\.stmcufinder\plugins\mcufinder
2025-06-05 21:26:25,461 [INFO] ApiDb:250 - Set database path to: C:\Users\racin\.stmcufinder\plugins\mcufinder//mcu/
2025-06-05 21:26:25,461 [WARN] DbFile:41 - Overriding database path with different value: C:\Users\racin\.stmcufinder\plugins\mcufinder/ => C:\Users\racin\.stmcufinder\plugins\mcufinder
2025-06-05 21:26:25,461 [INFO] DbMcusAds:125 - Set database path to: C:\Users\racin\.stmcufinder\plugins\mcufinder//mcu/
2025-06-05 21:26:25,461 [WARN] DbFile:41 - Overriding database path with different value: C:\Users\racin\.stmcufinder\plugins\mcufinder/ => C:\Users\racin\.stmcufinder\plugins\mcufinder
2025-06-05 21:26:25,461 [WARN] DbFile:41 - Overriding database path with different value: C:\Users\racin\.stmcufinder\plugins\mcufinder/ => C:\Users\racin\.stmcufinder\plugins\mcufinder
2025-06-05 21:26:25,461 [INFO] CrossReferenceDbSqlite:203 - Set database path to: C:\Users\racin\.stmcufinder\plugins\mcufinder//mcu/cs/
2025-06-05 21:26:25,482 [INFO] ApplicationProperties:184 - Using Application install path: C:\ST\STM32CubeIDE_1.15.0\STM32CubeIDE\plugins\com.st.stm32cube.common.mx_6.11.0.202403141607
2025-06-05 21:26:25,494 [INFO] PluginManage:196 - Search for loadable plugins [exclusion list=, ]
2025-06-05 21:26:25,497 [INFO] PluginManage:310 - Check plugin analytics
2025-06-05 21:26:25,979 [INFO] AnalyticsPlugin:253 - Accepted Software Licenses: 
2025-06-05 21:26:25,979 [INFO] AnalyticsPlugin:255 - Accepted CMSIS Pack Licenses: 
2025-06-05 21:26:25,980 [INFO] AnalyticsPlugin:257 - Accepted Firmware Licenses: FW.L4.1.18.0,FW.F7.1.17.0,FW.H7.1.11.0,FW.F4.1.28.0
2025-06-05 21:26:25,999 [INFO] PluginManage:359 - Loaded plugin analytics (category:tool,tabindex:-1)
2025-06-05 21:26:26,000 [INFO] PluginManage:310 - Check plugin cadmodel
2025-06-05 21:26:26,006 [INFO] CADModel:105 - Init CAD model plugin
2025-06-05 21:26:26,007 [INFO] PluginManage:359 - Loaded plugin cadmodel (category:power,tabindex:5)
2025-06-05 21:26:26,008 [INFO] PluginManage:310 - Check plugin clock
2025-06-05 21:26:26,045 [INFO] PluginManage:359 - Loaded plugin clock (category:base,tabindex:2)
2025-06-05 21:26:26,045 [INFO] PluginManage:310 - Check plugin ddr
2025-06-05 21:26:26,048 [INFO] PluginManage:359 - Loaded plugin ddr (category:tool,tabindex:6)
2025-06-05 21:26:26,048 [INFO] PluginManage:310 - Check plugin filemanager
2025-06-05 21:26:26,470 [INFO] PluginManage:359 - Loaded plugin filemanager (category:base,tabindex:10)
2025-06-05 21:26:26,470 [INFO] PluginManage:310 - Check plugin ipmanager
2025-06-05 21:26:26,480 [INFO] PluginManage:359 - Loaded plugin ipmanager (category:base,tabindex:5)
2025-06-05 21:26:26,481 [INFO] PluginManage:310 - Check plugin lpbam
2025-06-05 21:26:26,493 [INFO] PluginManage:359 - Loaded plugin lpbam (category:base,tabindex:0)
2025-06-05 21:26:26,493 [INFO] PluginManage:310 - Check plugin memorymap
2025-06-05 21:26:26,515 [INFO] PluginManage:359 - Loaded plugin memorymap (category:base,tabindex:4)
2025-06-05 21:26:26,516 [INFO] PluginManage:310 - Check plugin pinoutandconfiguration
2025-06-05 21:26:26,532 [INFO] PluginManage:359 - Loaded plugin pinoutandconfiguration (category:base,tabindex:1)
2025-06-05 21:26:26,532 [INFO] PluginManage:310 - Check plugin pinoutconfig
2025-06-05 21:26:26,679 [WARN] SupportedApi:132 - Cannot load RTOS API schema: s4s-elt-must-match.1: The content of 'definitions' must match (annotation?, (simpleType | complexType)?, (unique | key | keyref)*)). A problem was found starting at: attribute.
2025-06-05 21:26:26,953 [INFO] PluginManage:359 - Loaded plugin pinoutconfig (category:base,tabindex:0)
2025-06-05 21:26:26,953 [INFO] PluginManage:310 - Check plugin power
2025-06-05 21:26:26,977 [INFO] PluginManage:359 - Loaded plugin power (category:power,tabindex:4)
2025-06-05 21:26:26,977 [INFO] PluginManage:310 - Check plugin projectmanager
2025-06-05 21:26:27,034 [INFO] PluginManage:359 - Loaded plugin projectmanager (category:projectmanager,tabindex:3)
2025-06-05 21:26:27,034 [INFO] PluginManage:310 - Check plugin thirdparty
2025-06-05 21:26:27,163 [INFO] PluginManage:359 - Loaded plugin thirdparty (category:base,tabindex:-1)
2025-06-05 21:26:27,163 [WARN] IntegrityCheckThread:84 - waiting for thirdparty lock release [integrity check]
2025-06-05 21:26:27,164 [INFO] PluginManage:310 - Check plugin tools
2025-06-05 21:26:27,164 [INFO] IntegrityCheckThread:86 - entering critical section [integrity check]
2025-06-05 21:26:27,164 [INFO] ThirdPartyUpdaterWithRetryManager:70 - Updater plugin not ready yet. [1/15]
2025-06-05 21:26:27,166 [INFO] PluginManage:359 - Loaded plugin tools (category:base,tabindex:7)
2025-06-05 21:26:27,166 [INFO] PluginManage:310 - Check plugin tutovideos
2025-06-05 21:26:27,336 [INFO] PluginManage:359 - Loaded plugin tutovideos (category:base,tabindex:-1)
2025-06-05 21:26:27,336 [INFO] PluginManage:310 - Check plugin updater
2025-06-05 21:26:27,363 [INFO] PluginManage:359 - Loaded plugin updater (category:base,tabindex:12)
2025-06-05 21:26:27,363 [INFO] PluginManage:310 - Check plugin userauth
2025-06-05 21:26:27,368 [INFO] UserAuth:114 - Init User Auth plugin
2025-06-05 21:26:27,368 [INFO] PluginManage:359 - Loaded plugin userauth (category:base,tabindex:14)
2025-06-05 21:26:27,369 [INFO] PluginManage:283 - PluginManage : Loaded plugins [17]
2025-06-05 21:26:27,577 [INFO] PinOutPanel:1561 - setPackage(No Configuration,No Configuration)
2025-06-05 21:26:27,663 [INFO] CADModel:165 - CPN selected for project level
2025-06-05 21:26:27,664 [INFO] CADModel:114 - Register for checkConnection events
2025-06-05 21:26:27,682 [INFO] IPUIPlugin:80 - create IPUIPlugin
2025-06-05 21:26:27,683 [INFO] PluginManager:220 - loadIPPluginJar : add adc
2025-06-05 21:26:27,685 [INFO] IPUIPlugin:80 - create IPUIPlugin
2025-06-05 21:26:27,685 [INFO] PluginManager:220 - loadIPPluginJar : add aes
2025-06-05 21:26:27,689 [INFO] IPUIPlugin:80 - create IPUIPlugin
2025-06-05 21:26:27,689 [INFO] PluginManager:220 - loadIPPluginJar : add can
2025-06-05 21:26:27,691 [INFO] IPUIPlugin:80 - create IPUIPlugin
2025-06-05 21:26:27,692 [INFO] PluginManager:220 - loadIPPluginJar : add comp
2025-06-05 21:26:27,695 [INFO] IPUIPlugin:80 - create IPUIPlugin
2025-06-05 21:26:27,695 [INFO] PluginManager:220 - loadIPPluginJar : add cryp
2025-06-05 21:26:27,707 [INFO] IPUIPlugin:80 - create IPUIPlugin
2025-06-05 21:26:27,707 [INFO] PluginManager:220 - loadIPPluginJar : add dfsdm
2025-06-05 21:26:27,713 [INFO] IPUIPlugin:80 - create IPUIPlugin
2025-06-05 21:26:27,714 [INFO] PluginManager:220 - loadIPPluginJar : add dma
2025-06-05 21:26:27,718 [INFO] IPUIPlugin:80 - create IPUIPlugin
2025-06-05 21:26:27,718 [INFO] PluginManager:220 - loadIPPluginJar : add dma3
2025-06-05 21:26:27,721 [INFO] IPUIPlugin:80 - create IPUIPlugin
2025-06-05 21:26:27,721 [INFO] PluginManager:220 - loadIPPluginJar : add extmemmanager
2025-06-05 21:26:27,723 [INFO] IPUIPlugin:80 - create IPUIPlugin
2025-06-05 21:26:27,724 [INFO] PluginManager:220 - loadIPPluginJar : add fatfs
2025-06-05 21:26:27,728 [INFO] IPUIPlugin:80 - create IPUIPlugin
2025-06-05 21:26:27,728 [INFO] PluginManager:220 - loadIPPluginJar : add fmc
2025-06-05 21:26:27,733 [INFO] IPUIPlugin:80 - create IPUIPlugin
2025-06-05 21:26:27,734 [INFO] PluginManager:220 - loadIPPluginJar : add freertos
2025-06-05 21:26:27,735 [INFO] IPUIPlugin:80 - create IPUIPlugin
2025-06-05 21:26:27,735 [INFO] PluginManager:220 - loadIPPluginJar : add genericplugin
2025-06-05 21:26:27,738 [INFO] IPUIPlugin:80 - create IPUIPlugin
2025-06-05 21:26:27,738 [INFO] PluginManager:220 - loadIPPluginJar : add gfxmmu
2025-06-05 21:26:27,745 [INFO] IPUIPlugin:80 - create IPUIPlugin
2025-06-05 21:26:27,745 [INFO] PluginManager:220 - loadIPPluginJar : add gic
2025-06-05 21:26:27,750 [INFO] IPUIPlugin:80 - create IPUIPlugin
2025-06-05 21:26:27,750 [INFO] PluginManager:220 - loadIPPluginJar : add gpio
2025-06-05 21:26:27,753 [INFO] IPUIPlugin:80 - create IPUIPlugin
2025-06-05 21:26:27,753 [INFO] PluginManager:220 - loadIPPluginJar : add gtzc
2025-06-05 21:26:27,756 [INFO] IPUIPlugin:80 - create IPUIPlugin
2025-06-05 21:26:27,756 [INFO] PluginManager:220 - loadIPPluginJar : add hash
2025-06-05 21:26:27,759 [INFO] IPUIPlugin:80 - create IPUIPlugin
2025-06-05 21:26:27,759 [INFO] PluginManager:220 - loadIPPluginJar : add i2c
2025-06-05 21:26:27,768 [INFO] IPUIPlugin:80 - create IPUIPlugin
2025-06-05 21:26:27,768 [INFO] PluginManager:220 - loadIPPluginJar : add i2s
2025-06-05 21:26:27,771 [INFO] IPUIPlugin:80 - create IPUIPlugin
2025-06-05 21:26:27,772 [INFO] PluginManager:220 - loadIPPluginJar : add i3c
2025-06-05 21:26:27,775 [INFO] IPUIPlugin:80 - create IPUIPlugin
2025-06-05 21:26:27,775 [INFO] PluginManager:220 - loadIPPluginJar : add ipddr
2025-06-05 21:26:27,783 [INFO] IPUIPlugin:80 - create IPUIPlugin
2025-06-05 21:26:27,783 [INFO] PluginManager:220 - loadIPPluginJar : add linkedlist
2025-06-05 21:26:27,785 [INFO] IPUIPlugin:80 - create IPUIPlugin
2025-06-05 21:26:27,786 [INFO] PluginManager:220 - loadIPPluginJar : add lorawan
2025-06-05 21:26:27,788 [INFO] IPUIPlugin:80 - create IPUIPlugin
2025-06-05 21:26:27,788 [INFO] PluginManager:220 - loadIPPluginJar : add ltdc
2025-06-05 21:26:27,794 [INFO] IPUIPlugin:80 - create IPUIPlugin
2025-06-05 21:26:27,794 [INFO] PluginManager:220 - loadIPPluginJar : add mdma
2025-06-05 21:26:27,798 [INFO] IPUIPlugin:80 - create IPUIPlugin
2025-06-05 21:26:27,798 [INFO] PluginManager:220 - loadIPPluginJar : add nvic
2025-06-05 21:26:27,801 [INFO] IPUIPlugin:80 - create IPUIPlugin
2025-06-05 21:26:27,801 [INFO] PluginManager:220 - loadIPPluginJar : add opamp
2025-06-05 21:26:27,804 [INFO] IPUIPlugin:80 - create IPUIPlugin
2025-06-05 21:26:27,805 [INFO] PluginManager:220 - loadIPPluginJar : add openamp
2025-06-05 21:26:27,808 [INFO] IPUIPlugin:80 - create IPUIPlugin
2025-06-05 21:26:27,808 [INFO] PluginManager:220 - loadIPPluginJar : add pdm2pcm
2025-06-05 21:26:27,815 [INFO] IPUIPlugin:80 - create IPUIPlugin
2025-06-05 21:26:27,820 [INFO] PluginManager:220 - loadIPPluginJar : add plateformsettings
2025-06-05 21:26:27,822 [INFO] IPUIPlugin:80 - create IPUIPlugin
2025-06-05 21:26:27,822 [INFO] PluginManager:220 - loadIPPluginJar : add quadspi
2025-06-05 21:26:27,825 [INFO] IPUIPlugin:80 - create IPUIPlugin
2025-06-05 21:26:27,826 [INFO] PluginManager:220 - loadIPPluginJar : add resmgrutility
2025-06-05 21:26:27,829 [INFO] IPUIPlugin:80 - create IPUIPlugin
2025-06-05 21:26:27,829 [INFO] PluginManager:220 - loadIPPluginJar : add sai
2025-06-05 21:26:27,832 [INFO] IPUIPlugin:80 - create IPUIPlugin
2025-06-05 21:26:27,832 [INFO] PluginManager:220 - loadIPPluginJar : add spi
2025-06-05 21:26:27,837 [INFO] IPUIPlugin:80 - create IPUIPlugin
2025-06-05 21:26:27,837 [INFO] PluginManager:220 - loadIPPluginJar : add stm32_wpan
2025-06-05 21:26:27,839 [INFO] IPUIPlugin:80 - create IPUIPlugin
2025-06-05 21:26:27,839 [INFO] PluginManager:220 - loadIPPluginJar : add tim
2025-06-05 21:26:27,843 [INFO] IPUIPlugin:80 - create IPUIPlugin
2025-06-05 21:26:27,843 [INFO] PluginManager:220 - loadIPPluginJar : add touchsensing
2025-06-05 21:26:27,845 [INFO] IPUIPlugin:80 - create IPUIPlugin
2025-06-05 21:26:27,846 [INFO] PluginManager:220 - loadIPPluginJar : add tracer_emb
2025-06-05 21:26:27,848 [INFO] IPUIPlugin:80 - create IPUIPlugin
2025-06-05 21:26:27,848 [INFO] PluginManager:220 - loadIPPluginJar : add ts
2025-06-05 21:26:27,850 [INFO] IPUIPlugin:80 - create IPUIPlugin
2025-06-05 21:26:27,850 [INFO] PluginManager:220 - loadIPPluginJar : add tsc
2025-06-05 21:26:27,852 [INFO] IPUIPlugin:80 - create IPUIPlugin
2025-06-05 21:26:27,852 [INFO] PluginManager:220 - loadIPPluginJar : add ucpd
2025-06-05 21:26:27,855 [INFO] IPUIPlugin:80 - create IPUIPlugin
2025-06-05 21:26:27,855 [INFO] PluginManager:220 - loadIPPluginJar : add usart
2025-06-05 21:26:27,858 [INFO] IPUIPlugin:80 - create IPUIPlugin
2025-06-05 21:26:27,858 [INFO] PluginManager:220 - loadIPPluginJar : add usbx
2025-06-05 21:26:27,992 [INFO] CADModel:165 - CPN selected for project level
2025-06-05 21:26:27,993 [INFO] CADModel:114 - Register for checkConnection events
2025-06-05 21:26:27,993 [FATAL] Updater:308 - Updater called before beeing initialized
2025-06-05 21:26:27,993 [ERROR] CADModel:125 - Updater not yet initialized, retry later 
2025-06-05 21:26:28,111 [INFO] CADModel:165 - CPN selected for project level
2025-06-05 21:26:28,111 [INFO] CADModel:114 - Register for checkConnection events
2025-06-05 21:26:28,111 [FATAL] Updater:308 - Updater called before beeing initialized
2025-06-05 21:26:28,111 [ERROR] CADModel:125 - Updater not yet initialized, retry later 
2025-06-05 21:26:28,114 [FATAL] Updater:308 - Updater called before beeing initialized
2025-06-05 21:26:28,240 [FATAL] Updater:308 - Updater called before beeing initialized
2025-06-05 21:26:28,244 [INFO] DbMcusAds:53 - JSON generation date=Wed May 07 11:07:55 CEST 2025 (1746608875638)
2025-06-05 21:26:28,244 [FATAL] Updater:308 - Updater called before beeing initialized
2025-06-05 21:26:28,287 [WARN] DetailPanel:346 - Failed to get advertising image, set to default
2025-06-05 21:26:28,382 [FATAL] Updater:308 - Updater called before beeing initialized
2025-06-05 21:26:28,384 [FATAL] Updater:308 - Updater called before beeing initialized
2025-06-05 21:26:28,384 [FATAL] Updater:308 - Updater called before beeing initialized
2025-06-05 21:26:28,384 [WARN] DetailPanel:346 - Failed to get advertising image, set to default
2025-06-05 21:26:28,385 [FATAL] Updater:308 - Updater called before beeing initialized
2025-06-05 21:26:28,435 [ERROR] Updater:1120 - MainUpdater not yet initialized. External WinMGr cannot be set.
2025-06-05 21:26:28,438 [INFO] Updater:1056 - Updater Version found : 6.11.0
2025-06-05 21:26:28,489 [INFO] ApplicationProperties:184 - Using Application install path: C:\ST\STM32CubeIDE_1.15.0\STM32CubeIDE\plugins\com.st.stm32cube.common.mx_6.11.0.202403141607
2025-06-05 21:26:30,064 [ERROR] LogOutputStream:75 - [STDERR_REDIRECT] Jun 05, 2025 9:26:30 PM java.util.prefs.WindowsPreferences <init>
2025-06-05 21:26:30,068 [ERROR] LogOutputStream:75 - [STDERR_REDIRECT] WARNING: Could not open/create prefs root node Software\JavaSoft\Prefs at root 0xffffffff80000002. Windows RegCreateKeyEx(...) returned error code 5.
2025-06-05 21:26:30,068 [ERROR] LogOutputStream:75 - [STDERR_REDIRECT] 
2025-06-05 21:26:30,165 [INFO] ThirdPartyUpdaterWithRetryManager:70 - Updater plugin not ready yet. [2/15]
2025-06-05 21:26:30,400 [INFO] MainUpdater:2873 - connection check result : 10
2025-06-05 21:26:30,402 [INFO] MainUpdater:290 - Updater Check For Update Now.
2025-06-05 21:26:30,402 [INFO] MicroXplorer:498 - Change Database Version : DB.6.0.110
2025-06-05 21:26:30,419 [INFO] McuFinderGlobals:63 - Set McuFinder mode to 2 (CubeIDE integrated)
2025-06-05 21:26:30,427 [INFO] UserAuth:415 - Internet connection configuration mode: 1
2025-06-05 21:26:30,448 [INFO] JxBrowserEngine:152 - Initiate JxBrowser Engine with user profile folder
2025-06-05 21:26:30,621 [INFO] CheckServerUpdateThread:120 - End of CheckServer Thread
2025-06-05 21:26:31,021 [INFO] WebApp:161 - Instantiating new browser for Auth
2025-06-05 21:26:31,556 [INFO] WebApp:779 - Register for checkConnection events
2025-06-05 21:26:31,557 [INFO] WebApp:414 - Apply proxy settings
2025-06-05 21:26:31,557 [INFO] WebApp:499 - Chromium requires no authentication
2025-06-05 21:26:31,563 [INFO] WebApp:442 - Direct internet connection detected
2025-06-05 21:26:31,744 [INFO] WebApp:192 - Starting web application
2025-06-05 21:26:31,745 [INFO] WebApp:544 - Web application path used C:\ST\STM32CubeIDE_1.15.0\STM32CubeIDE\plugins\com.st.stm32cube.common.mx_6.11.0.202403141607\db\plugins\mcufinder\reactClient1\index.html
2025-06-05 21:26:33,387 [WARN] PackLoader:240 - Cannot read IP mode file for STMicroelectronics.FP-SNS-MOTENVWB1.1.4.0
2025-06-05 21:26:33,394 [WARN] PackLoader:240 - Cannot read IP mode file for STMicroelectronics.FP-ATR-ASTRA1.2.0.2
2025-06-05 21:26:33,408 [WARN] PackLoader:240 - Cannot read IP mode file for STMicroelectronics.X-CUBE-SMBUS.2.1.0
2025-06-05 21:26:33,416 [WARN] PackLoader:240 - Cannot read IP mode file for STMicroelectronics.X-CUBE-WB05N.1.1.0
2025-06-05 21:26:33,420 [ERROR] Engine:466 - C:\Users\racin\.stm32cubemx\thirdparties\pdsc\STMicroelectronics.X-CUBE-ST60.1.0.0.pdsc: PDSC version is not supported
2025-06-05 21:26:33,424 [WARN] PackLoader:240 - Cannot read IP mode file for STMicroelectronics.X-CUBE-TOUCHGFX.4.23.2
2025-06-05 21:26:33,455 [WARN] PackLoader:240 - Cannot read IP mode file for STMicroelectronics.X-CUBE-AZRTOS-F7.1.1.0
2025-06-05 21:26:33,538 [WARN] PackLoader:240 - Cannot read IP mode file for STMicroelectronics.X-CUBE-MEMS1.11.0.0
2025-06-05 21:26:33,746 [WARN] PackLoader:240 - Cannot read IP mode file for STMicroelectronics.FP-SNS-FLIGHT1.5.0.2
2025-06-05 21:26:33,760 [WARN] PackLoader:240 - Cannot read IP mode file for STMicroelectronics.X-CUBE-DISPLAY.3.0.0
2025-06-05 21:26:33,805 [WARN] PackLoader:240 - Cannot read IP mode file for STMicroelectronics.X-CUBE-BLE1.7.0.0
2025-06-05 21:26:33,815 [WARN] PackLoader:240 - Cannot read IP mode file for STMicroelectronics.X-CUBE-NFC10.1.0.0
2025-06-05 21:26:33,867 [WARN] PackLoader:240 - Cannot read IP mode file for STMicroelectronics.X-CUBE-BLEMGR.4.0.0
2025-06-05 21:26:33,886 [WARN] PackLoader:240 - Cannot read IP mode file for emotas.I-CUBE-CANOPEN.1.3.0
2025-06-05 21:26:33,894 [WARN] ConditionMgr:438 - getConditionDescription Invalid condition id : Cortex-A Device cause : null
2025-06-05 21:26:33,936 [WARN] ConditionMgr:1039 - genDependencies : Invalid condition id : Cortex-A Device cause : null
2025-06-05 21:26:33,936 [WARN] ConditionMgr:1039 - genDependencies : Invalid condition id : Cortex-A Device cause : null
2025-06-05 21:26:33,936 [WARN] ConditionMgr:1039 - genDependencies : Invalid condition id : Cortex-A Device cause : null
2025-06-05 21:26:33,947 [WARN] PackLoader:240 - Cannot read IP mode file for STMicroelectronics.X-CUBE-BLEMGR.3.1.0
2025-06-05 21:26:33,956 [WARN] PackLoader:240 - Cannot read IP mode file for STMicroelectronics.X-CUBE-AI.10.0.0
2025-06-05 21:26:33,963 [WARN] PackLoader:240 - Cannot read IP mode file for STMicroelectronics.FP-SNS-SMARTAG2.1.2.0
2025-06-05 21:26:33,966 [ERROR] Engine:466 - C:\Users\racin\.stm32cubemx\thirdparties\pdsc\STMicroelectronics.FP-SNS-FLIGHT1.5.1.0.pdsc: PDSC version is not supported
2025-06-05 21:26:34,029 [WARN] PackLoader:240 - Cannot read IP mode file for STMicroelectronics.X-CUBE-MEMS1.11.1.0
2025-06-05 21:26:34,159 [INFO] LogOutputStream:77 - [STDOUT_REDIRECT] 1 : Invalid condition id : UX_CORESTACK_Condition cause : null
2025-06-05 21:26:34,160 [INFO] LogOutputStream:77 - [STDOUT_REDIRECT] 1 : Invalid condition id : UX_CORESTACK_Condition cause : null
2025-06-05 21:26:34,162 [INFO] LogOutputStream:77 - [STDOUT_REDIRECT] 1 : Invalid condition id : UX_CORESTACK_Condition cause : null
2025-06-05 21:26:34,163 [INFO] LogOutputStream:77 - [STDOUT_REDIRECT] 1 : Invalid condition id : UX_CORESTACK_Condition cause : null
2025-06-05 21:26:34,164 [INFO] LogOutputStream:77 - [STDOUT_REDIRECT] 1 : Invalid condition id : UX_CORESTACK_Condition cause : null
2025-06-05 21:26:34,166 [WARN] PackLoader:240 - Cannot read IP mode file for STMicroelectronics.X-CUBE-AZRTOS-WL.2.0.0
2025-06-05 21:26:34,172 [WARN] PackLoader:240 - Cannot read IP mode file for STMicroelectronics.FP-SNS-MOTENV1.5.0.0
2025-06-05 21:26:34,176 [WARN] PackLoader:240 - Cannot read IP mode file for wolfSSL.I-CUBE-wolfMQTT.1.19.0
2025-06-05 21:26:34,183 [WARN] PackLoader:240 - Cannot read IP mode file for WES.I-CUBE-Cesium.1.3.0
2025-06-05 21:26:34,187 [WARN] PackLoader:240 - Cannot read IP mode file for STMicroelectronics.X-CUBE-BLE2.3.3.0
2025-06-05 21:26:34,191 [WARN] PackLoader:240 - Cannot read IP mode file for STMicroelectronics.X-CUBE-NFC9.1.0.0
2025-06-05 21:26:34,197 [WARN] PackLoader:240 - Cannot read IP mode file for STMicroelectronics.X-CUBE-BLE1.7.1.0
2025-06-05 21:26:34,203 [WARN] PackLoader:240 - Cannot read IP mode file for STMicroelectronics.X-CUBE-TCPP.4.1.0
2025-06-05 21:26:34,207 [WARN] PackLoader:240 - Cannot read IP mode file for STMicroelectronics.X-CUBE-AI.10.1.0
2025-06-05 21:26:34,212 [WARN] PackLoader:240 - Cannot read IP mode file for STMicroelectronics.X-CUBE-ALGOBUILD.1.3.0
2025-06-05 21:26:34,271 [WARN] PackLoader:240 - Cannot read IP mode file for STMicroelectronics.X-CUBE-MEMS1.11.2.0
2025-06-05 21:26:34,388 [WARN] PackLoader:240 - Cannot read IP mode file for STMicroelectronics.X-CUBE-AZRTOS-G0.1.1.0
2025-06-05 21:26:34,394 [WARN] PackLoader:240 - Cannot read IP mode file for STMicroelectronics.X-CUBE-SAFEA1.1.2.2
2025-06-05 21:26:34,399 [WARN] PackLoader:240 - Cannot read IP mode file for STMicroelectronics.X-CUBE-NFC4.3.0.0
2025-06-05 21:26:34,407 [WARN] PackLoader:240 - Cannot read IP mode file for EmbeddedOffice.I-CUBE-FS-RTOS.1.0.1
2025-06-05 21:26:34,407 [ERROR] ConditionMgr:805 - Attr not supported : Dmpu
2025-06-05 21:26:34,407 [ERROR] ConditionMgr:805 - Attr not supported : Dmpu
2025-06-05 21:26:34,407 [ERROR] ConditionMgr:805 - Attr not supported : Dmpu
2025-06-05 21:26:34,407 [ERROR] ConditionMgr:805 - Attr not supported : Dmpu
2025-06-05 21:26:34,407 [ERROR] ConditionMgr:805 - Attr not supported : Dmpu
2025-06-05 21:26:34,408 [ERROR] ConditionMgr:805 - Attr not supported : Dmpu
2025-06-05 21:26:34,408 [ERROR] ConditionMgr:805 - Attr not supported : Dmpu
2025-06-05 21:26:34,408 [ERROR] ConditionMgr:805 - Attr not supported : Dmpu
2025-06-05 21:26:34,408 [ERROR] ConditionMgr:805 - Attr not supported : Dmpu
2025-06-05 21:26:34,408 [ERROR] ConditionMgr:805 - Attr not supported : Dmpu
2025-06-05 21:26:34,408 [ERROR] ConditionMgr:805 - Attr not supported : Dmpu
2025-06-05 21:26:34,408 [ERROR] ConditionMgr:805 - Attr not supported : Dmpu
2025-06-05 21:26:34,408 [ERROR] ConditionMgr:805 - Attr not supported : Dmpu
2025-06-05 21:26:34,408 [ERROR] ConditionMgr:805 - Attr not supported : Dmpu
2025-06-05 21:26:34,408 [ERROR] ConditionMgr:805 - Attr not supported : Dmpu
2025-06-05 21:26:34,408 [ERROR] ConditionMgr:805 - Attr not supported : Dmpu
2025-06-05 21:26:34,408 [ERROR] ConditionMgr:805 - Attr not supported : Dmpu
2025-06-05 21:26:34,408 [ERROR] ConditionMgr:805 - Attr not supported : Dmpu
2025-06-05 21:26:34,408 [ERROR] ConditionMgr:805 - Attr not supported : Dmpu
2025-06-05 21:26:34,408 [ERROR] ConditionMgr:805 - Attr not supported : Dmpu
2025-06-05 21:26:34,408 [ERROR] ConditionMgr:805 - Attr not supported : Dmpu
2025-06-05 21:26:34,408 [ERROR] ConditionMgr:805 - Attr not supported : Dmpu
2025-06-05 21:26:34,409 [ERROR] ConditionMgr:805 - Attr not supported : Dmpu
2025-06-05 21:26:34,409 [ERROR] ConditionMgr:805 - Attr not supported : Dmpu
2025-06-05 21:26:34,409 [ERROR] ConditionMgr:805 - Attr not supported : Dmpu
2025-06-05 21:26:34,409 [ERROR] ConditionMgr:805 - Attr not supported : Dmpu
2025-06-05 21:26:34,409 [ERROR] ConditionMgr:805 - Attr not supported : Dmpu
2025-06-05 21:26:34,409 [ERROR] ConditionMgr:805 - Attr not supported : Dmpu
2025-06-05 21:26:34,409 [ERROR] ConditionMgr:805 - Attr not supported : Dmpu
2025-06-05 21:26:34,409 [ERROR] ConditionMgr:805 - Attr not supported : Dmpu
2025-06-05 21:26:34,409 [ERROR] ConditionMgr:805 - Attr not supported : Dmpu
2025-06-05 21:26:34,409 [ERROR] ConditionMgr:805 - Attr not supported : Dmpu
2025-06-05 21:26:34,409 [ERROR] ConditionMgr:805 - Attr not supported : Dmpu
2025-06-05 21:26:34,409 [ERROR] ConditionMgr:805 - Attr not supported : Dmpu
2025-06-05 21:26:34,409 [ERROR] ConditionMgr:805 - Attr not supported : Dmpu
2025-06-05 21:26:34,409 [ERROR] ConditionMgr:805 - Attr not supported : Dmpu
2025-06-05 21:26:34,409 [ERROR] ConditionMgr:805 - Attr not supported : Dmpu
2025-06-05 21:26:34,409 [ERROR] ConditionMgr:805 - Attr not supported : Dmpu
2025-06-05 21:26:34,409 [ERROR] ConditionMgr:805 - Attr not supported : Dmpu
2025-06-05 21:26:34,409 [ERROR] ConditionMgr:805 - Attr not supported : Dmpu
2025-06-05 21:26:34,409 [ERROR] ConditionMgr:805 - Attr not supported : Dmpu
2025-06-05 21:26:34,409 [ERROR] ConditionMgr:805 - Attr not supported : Dmpu
2025-06-05 21:26:34,410 [ERROR] ConditionMgr:805 - Attr not supported : Dmpu
2025-06-05 21:26:34,410 [ERROR] ConditionMgr:805 - Attr not supported : Dmpu
2025-06-05 21:26:34,410 [ERROR] ConditionMgr:805 - Attr not supported : Dmpu
2025-06-05 21:26:34,410 [ERROR] ConditionMgr:805 - Attr not supported : Dmpu
2025-06-05 21:26:34,410 [ERROR] ConditionMgr:805 - Attr not supported : Dmpu
2025-06-05 21:26:34,410 [ERROR] ConditionMgr:805 - Attr not supported : Dmpu
2025-06-05 21:26:34,410 [ERROR] ConditionMgr:805 - Attr not supported : Dmpu
2025-06-05 21:26:34,410 [ERROR] ConditionMgr:805 - Attr not supported : Dmpu
2025-06-05 21:26:34,410 [ERROR] ConditionMgr:805 - Attr not supported : Dmpu
2025-06-05 21:26:34,410 [ERROR] ConditionMgr:805 - Attr not supported : Dmpu
2025-06-05 21:26:34,410 [ERROR] ConditionMgr:805 - Attr not supported : Dmpu
2025-06-05 21:26:34,410 [ERROR] ConditionMgr:805 - Attr not supported : Dmpu
2025-06-05 21:26:34,410 [ERROR] ConditionMgr:805 - Attr not supported : Dmpu
2025-06-05 21:26:34,411 [ERROR] ConditionMgr:805 - Attr not supported : Dmpu
2025-06-05 21:26:34,411 [ERROR] ConditionMgr:805 - Attr not supported : Dmpu
2025-06-05 21:26:34,411 [ERROR] ConditionMgr:805 - Attr not supported : Dmpu
2025-06-05 21:26:34,411 [ERROR] ConditionMgr:805 - Attr not supported : Dmpu
2025-06-05 21:26:34,411 [ERROR] ConditionMgr:805 - Attr not supported : Dmpu
2025-06-05 21:26:34,411 [ERROR] ConditionMgr:805 - Attr not supported : Dmpu
2025-06-05 21:26:34,411 [ERROR] ConditionMgr:805 - Attr not supported : Dmpu
2025-06-05 21:26:34,411 [ERROR] ConditionMgr:805 - Attr not supported : Dmpu
2025-06-05 21:26:34,411 [ERROR] ConditionMgr:805 - Attr not supported : Dmpu
2025-06-05 21:26:34,415 [WARN] PackLoader:240 - Cannot read IP mode file for STMicroelectronics.X-CUBE-WB05N.2.0.0
2025-06-05 21:26:34,418 [ERROR] Engine:466 - C:\Users\racin\.stm32cubemx\thirdparties\pdsc\STMicroelectronics.X-CUBE-TCPP.4.2.0.pdsc: PDSC version is not supported
2025-06-05 21:26:34,422 [WARN] PackLoader:240 - Cannot read IP mode file for RealThread.X-CUBE-RT-Thread_Nano.4.1.1
2025-06-05 21:26:34,425 [WARN] PackLoader:240 - Cannot read IP mode file for wolfSSL.I-CUBE-wolfSSL.5.7.0
2025-06-05 21:26:34,429 [WARN] PackLoader:240 - Cannot read IP mode file for STMicroelectronics.FP-ATR-SIGFOX1.3.2.0
2025-06-05 21:26:34,433 [WARN] PackLoader:240 - Cannot read IP mode file for STMicroelectronics.X-CUBE-EEPRMA1.5.1.0
2025-06-05 21:26:34,439 [WARN] PackLoader:240 - Cannot read IP mode file for ITTIA_DB.I-CUBE-ITTIADB.8.9.0
2025-06-05 21:26:34,468 [WARN] PackLoader:240 - Cannot read IP mode file for SEGGER.I-CUBE-embOS.1.3.1
2025-06-05 21:26:34,554 [WARN] PackLoader:240 - Cannot read IP mode file for STMicroelectronics.X-CUBE-ALGOBUILD.1.4.0
2025-06-05 21:26:34,562 [WARN] PackLoader:240 - Cannot read IP mode file for STMicroelectronics.X-CUBE-AI.9.1.0
2025-06-05 21:26:34,569 [WARN] PackLoader:240 - Cannot read IP mode file for STMicroelectronics.X-CUBE-GNSS1.6.0.0
2025-06-05 21:26:34,587 [WARN] PackLoader:240 - Cannot read IP mode file for STMicroelectronics.X-CUBE-AZRTOS-F4.1.1.0
2025-06-05 21:26:34,591 [ERROR] Engine:466 - C:\Users\racin\.stm32cubemx\thirdparties\pdsc\Avnet-IotConnect.X-CUBE-IoTC-DA16k-PMOD.1.0.0.pdsc: PDSC version is not supported
2025-06-05 21:26:34,595 [WARN] PackLoader:240 - Cannot read IP mode file for STMicroelectronics.X-CUBE-ISPU.2.1.0
2025-06-05 21:26:34,601 [WARN] PackLoader:240 - Cannot read IP mode file for STMicroelectronics.X-CUBE-FREERTOS.1.2.0
2025-06-05 21:26:34,618 [WARN] PackLoader:240 - Cannot read IP mode file for STMicroelectronics.X-CUBE-AZRTOS-L5.2.0.0
2025-06-05 21:26:34,627 [WARN] PackLoader:240 - Cannot read IP mode file for STMicroelectronics.X-CUBE-NFC6.3.1.0
2025-06-05 21:26:34,634 [WARN] PackLoader:240 - Cannot read IP mode file for STMicroelectronics.X-CUBE-DPower.1.2.0
2025-06-05 21:26:34,637 [WARN] PackLoader:240 - Cannot read IP mode file for STMicroelectronics.X-CUBE-AI.9.0.0
2025-06-05 21:26:34,641 [WARN] PackLoader:240 - Cannot read IP mode file for STMicroelectronics.X-CUBE-FREERTOS.1.3.1
2025-06-05 21:26:34,647 [WARN] PackLoader:240 - Cannot read IP mode file for STMicroelectronics.X-CUBE-FREERTOS.1.3.0
2025-06-05 21:26:34,651 [WARN] PackLoader:240 - Cannot read IP mode file for STMicroelectronics.X-CUBE-NFC7.1.0.1
2025-06-05 21:26:34,655 [WARN] PackLoader:240 - Cannot read IP mode file for wolfSSL.I-CUBE-wolfTPM.3.2.0
2025-06-05 21:26:34,659 [WARN] PackLoader:240 - Cannot read IP mode file for STMicroelectronics.X-CUBE-DPower.1.3.0
2025-06-05 21:26:34,662 [WARN] PackLoader:240 - Cannot read IP mode file for STMicroelectronics.X-CUBE-AI.8.1.0
2025-06-05 21:26:34,680 [WARN] ConditionMgr:438 - getConditionDescription Invalid condition id : LAN8742 Phy interface Condition cause : null
2025-06-05 21:26:34,681 [WARN] PackLoader:240 - Cannot read IP mode file for STMicroelectronics.X-CUBE-AZRTOS-L4.2.0.0
2025-06-05 21:26:34,682 [WARN] ConditionMgr:1039 - genDependencies : Invalid condition id : LAN8742 Phy interface Condition cause : null
2025-06-05 21:26:34,682 [WARN] ConditionMgr:1039 - genDependencies : Invalid condition id : LAN8742 Phy interface Condition cause : null
2025-06-05 21:26:34,682 [WARN] ConditionMgr:1039 - genDependencies : Invalid condition id : LAN8742 Phy interface Condition cause : null
2025-06-05 21:26:34,690 [WARN] PackLoader:240 - Cannot read IP mode file for STMicroelectronics.X-CUBE-SFXS2LP1.4.0.0
2025-06-05 21:26:34,710 [WARN] PackLoader:240 - Cannot read IP mode file for STMicroelectronics.X-CUBE-AZRTOS-H7.3.3.0
2025-06-05 21:26:34,724 [WARN] PackLoader:240 - Cannot read IP mode file for STMicroelectronics.X-CUBE-IPS.3.0.0
2025-06-05 21:26:34,739 [WARN] ConditionMgr:438 - getConditionDescription Invalid condition id : UX DEVICE CLASS RTOS Condition cause : null
2025-06-05 21:26:34,739 [WARN] ConditionMgr:438 - getConditionDescription Invalid condition id : UX DEVICE CLASS RTOS Condition cause : null
2025-06-05 21:26:34,742 [WARN] PackLoader:240 - Cannot read IP mode file for STMicroelectronics.X-CUBE-AZRTOS-WB.2.0.0
2025-06-05 21:26:34,742 [WARN] ConditionMgr:1039 - genDependencies : Invalid condition id : UX DEVICE CLASS RTOS Condition cause : null
2025-06-05 21:26:34,742 [WARN] ConditionMgr:1039 - genDependencies : Invalid condition id : UX DEVICE CLASS RTOS Condition cause : null
2025-06-05 21:26:34,743 [WARN] ConditionMgr:1039 - genDependencies : Invalid condition id : UX DEVICE CLASS RTOS Condition cause : null
2025-06-05 21:26:34,743 [WARN] ConditionMgr:1039 - genDependencies : Invalid condition id : UX DEVICE CLASS RTOS Condition cause : null
2025-06-05 21:26:34,743 [WARN] ConditionMgr:1039 - genDependencies : Invalid condition id : UX DEVICE CLASS RTOS Condition cause : null
2025-06-05 21:26:34,748 [WARN] PackLoader:240 - Cannot read IP mode file for STMicroelectronics.X-CUBE-GNSS1.7.0.0
2025-06-05 21:26:34,753 [WARN] PackLoader:240 - Cannot read IP mode file for STMicroelectronics.X-CUBE-GNSS1.7.0.1
2025-06-05 21:26:34,757 [WARN] PackLoader:240 - Cannot read IP mode file for STMicroelectronics.X-CUBE-TOUCHGFX.4.25.0
2025-06-05 21:26:34,763 [WARN] PackLoader:240 - Cannot read IP mode file for STMicroelectronics.FP-SNS-STBOX1.2.0.0
2025-06-05 21:26:34,778 [WARN] PackLoader:240 - Cannot read IP mode file for STMicroelectronics.X-CUBE-SUBG2.5.0.0
2025-06-05 21:26:34,807 [WARN] PackLoader:240 - Cannot read IP mode file for STMicroelectronics.X-CUBE-AZRTOS-H7RS.1.1.0
2025-06-05 21:26:34,818 [WARN] PackLoader:240 - Cannot read IP mode file for Cesanta.I-CUBE-Mongoose.7.13.0
2025-06-05 21:26:34,837 [WARN] PackLoader:240 - Cannot read IP mode file for STMicroelectronics.X-CUBE-AZRTOS-G4.2.0.0
2025-06-05 21:26:34,843 [WARN] PackLoader:240 - Cannot read IP mode file for STMicroelectronics.X-CUBE-NFC7.2.0.0
2025-06-05 21:26:34,850 [WARN] PackLoader:240 - Cannot read IP mode file for STMicroelectronics.FP-SNS-MOTENVWB1.1.3.1
2025-06-05 21:26:34,856 [WARN] PackLoader:240 - Cannot read IP mode file for STMicroelectronics.X-CUBE-ISPU.2.0.0
2025-06-05 21:26:34,865 [ERROR] Engine:466 - C:\Users\racin\.stm32cubemx\thirdparties\pdsc\STMicroelectronics.X-CUBE-IPS.3.1.0.pdsc: PDSC version is not supported
2025-06-05 21:26:34,870 [WARN] PackLoader:240 - Cannot read IP mode file for STMicroelectronics.X-CUBE-ALS.1.0.2
2025-06-05 21:26:34,913 [WARN] PackLoader:240 - Cannot read IP mode file for STMicroelectronics.X-CUBE-MEMS1.10.0.0
2025-06-05 21:26:35,027 [WARN] PackLoader:240 - Cannot read IP mode file for STMicroelectronics.X-CUBE-FREERTOS.1.1.0
2025-06-05 21:26:35,031 [WARN] PackLoader:240 - Cannot read IP mode file for STMicroelectronics.X-CUBE-TOUCHGFX.4.24.0
2025-06-05 21:26:35,035 [WARN] PackLoader:240 - Cannot read IP mode file for STMicroelectronics.X-CUBE-TOUCHGFX.4.24.1
2025-06-05 21:26:35,039 [WARN] PackLoader:240 - Cannot read IP mode file for portGmbH.I-Cube-SoM-uGOAL.1.1.0
2025-06-05 21:26:35,043 [WARN] PackLoader:240 - Cannot read IP mode file for STMicroelectronics.X-CUBE-ALS.1.0.1
2025-06-05 21:26:35,058 [WARN] PackLoader:240 - Cannot read IP mode file for STMicroelectronics.X-CUBE-AZRTOS-H7RS.1.0.0
2025-06-05 21:26:35,063 [WARN] PackLoader:240 - Cannot read IP mode file for STMicroelectronics.FP-ATR-ASTRA1.2.0.0
2025-06-05 21:26:35,071 [WARN] PackLoader:240 - Cannot read IP mode file for STMicroelectronics.X-CUBE-TOF1.3.4.2
2025-06-05 21:26:35,084 [ERROR] Engine:466 - C:\Users\racin\.stm32cubemx\thirdparties\pdsc\STMicroelectronics.X-CUBE-TOF1.3.4.3.pdsc: PDSC version is not supported
2025-06-05 21:26:35,091 [WARN] PackLoader:240 - Cannot read IP mode file for STMicroelectronics.X-CUBE-TOF1.3.4.1
2025-06-05 21:26:35,121 [WARN] PackLoader:240 - Cannot read IP mode file for STMicroelectronics.X-CUBE-AZRTOS-H7.3.2.0
2025-06-05 21:26:35,135 [WARN] PackLoader:240 - Cannot read IP mode file for Infineon.AIROC-Wi-Fi-Bluetooth-STM32.1.6.0
2025-06-05 21:26:35,141 [WARN] PackLoader:240 - Cannot read IP mode file for wolfSSL.I-CUBE-wolfSSH.1.4.17
2025-06-05 21:26:35,142 [INFO] ThirdParty:978 - Integrity check success = true
2025-06-05 21:26:35,142 [INFO] IntegrityCheckThread:100 - exiting critical section [integrity check]
2025-06-05 21:26:35,142 [INFO] IntegrityCheckThread:103 - End integrity checks thread
2025-11-05 10:47:46,428 [INFO] Activator:176 - 


2025-11-05 10:47:46,430 [INFO] Activator:177 - !SESSION log4j initialized
2025-11-05 10:47:57,155 [INFO] LogOutputStream:77 - [STDOUT_REDIRECT] 
2025-11-05 10:48:00,245 [INFO] ApplicationProperties:184 - Using Application install path: C:\ST\STM32CubeIDE_1.15.0\STM32CubeIDE\plugins\com.st.stm32cube.common.mx_6.11.0.202403141607
2025-11-05 10:48:00,267 [INFO] DbMcusXml:78 - Set database path to: C:\ST\STM32CubeIDE_1.15.0\STM32CubeIDE\plugins\com.st.stm32cube.common.mx_6.11.0.202403141607\\db\/mcu/
2025-11-05 10:48:00,267 [INFO] ApiDb:274 - Set plugin database path to: C:\ST\STM32CubeIDE_1.15.0\STM32CubeIDE\plugins\com.st.stm32cube.common.mx_6.11.0.202403141607\\db\/plugins/boardmanager/
2025-11-05 10:48:00,267 [WARN] ApiDb:259 - Overriding images path with different value:  => C:\ST\STM32CubeIDE_1.15.0\STM32CubeIDE\plugins\com.st.stm32cube.common.mx_6.11.0.202403141607\\db\/plugins/mcufinder/images/
2025-11-05 10:48:00,277 [INFO] ApiDb:250 - Set database path to: C:\Users\racin\.stmcufinder\plugins\mcufinder//mcu/
2025-11-05 10:48:00,278 [INFO] DbMcusAds:125 - Set database path to: C:\Users\racin\.stmcufinder\plugins\mcufinder//mcu/
2025-11-05 10:48:00,281 [INFO] CrossReferenceDbSqlite:203 - Set database path to: C:\Users\racin\.stmcufinder\plugins\mcufinder//mcu/cs/
2025-11-05 10:48:00,457 [INFO] RulesReader:64 - Compatibility file has been processed (297 Rules)
2025-11-05 10:48:00,607 [INFO] DbMcusXml:78 - Set database path to: C:\ST\STM32CubeIDE_1.15.0\STM32CubeIDE\plugins\com.st.stm32cube.common.mx_6.11.0.202403141607\\db\/mcu/
2025-11-05 10:48:00,607 [INFO] ApiDb:274 - Set plugin database path to: C:\ST\STM32CubeIDE_1.15.0\STM32CubeIDE\plugins\com.st.stm32cube.common.mx_6.11.0.202403141607\\db\/plugins/boardmanager/
2025-11-05 10:48:00,608 [INFO] ApiDb:261 - Set plugin images path to: C:\ST\STM32CubeIDE_1.15.0\STM32CubeIDE\plugins\com.st.stm32cube.common.mx_6.11.0.202403141607\\db\/plugins/mcufinder/images/
2025-11-05 10:48:00,608 [WARN] DbFile:41 - Overriding database path with different value: C:\Users\racin\.stmcufinder\plugins\mcufinder/ => C:\Users\racin\.stmcufinder\plugins\mcufinder
2025-11-05 10:48:00,608 [INFO] ApiDb:250 - Set database path to: C:\Users\racin\.stmcufinder\plugins\mcufinder//mcu/
2025-11-05 10:48:00,608 [WARN] DbFile:41 - Overriding database path with different value: C:\Users\racin\.stmcufinder\plugins\mcufinder/ => C:\Users\racin\.stmcufinder\plugins\mcufinder
2025-11-05 10:48:00,608 [INFO] DbMcusAds:125 - Set database path to: C:\Users\racin\.stmcufinder\plugins\mcufinder//mcu/
2025-11-05 10:48:00,609 [WARN] DbFile:41 - Overriding database path with different value: C:\Users\racin\.stmcufinder\plugins\mcufinder/ => C:\Users\racin\.stmcufinder\plugins\mcufinder
2025-11-05 10:48:00,609 [WARN] DbFile:41 - Overriding database path with different value: C:\Users\racin\.stmcufinder\plugins\mcufinder/ => C:\Users\racin\.stmcufinder\plugins\mcufinder
2025-11-05 10:48:00,609 [INFO] CrossReferenceDbSqlite:203 - Set database path to: C:\Users\racin\.stmcufinder\plugins\mcufinder//mcu/cs/
2025-11-05 10:48:00,716 [INFO] MainPanel:264 - HeapMemory: 268435456
2025-11-05 10:48:00,822 [INFO] DbMcusXml:78 - Set database path to: C:\ST\STM32CubeIDE_1.15.0\STM32CubeIDE\plugins\com.st.stm32cube.common.mx_6.11.0.202403141607\\db\/mcu/
2025-11-05 10:48:00,822 [INFO] ApiDb:274 - Set plugin database path to: C:\ST\STM32CubeIDE_1.15.0\STM32CubeIDE\plugins\com.st.stm32cube.common.mx_6.11.0.202403141607\\db\/plugins/boardmanager/
2025-11-05 10:48:00,822 [INFO] ApiDb:261 - Set plugin images path to: C:\ST\STM32CubeIDE_1.15.0\STM32CubeIDE\plugins\com.st.stm32cube.common.mx_6.11.0.202403141607\\db\/plugins/mcufinder/images/
2025-11-05 10:48:00,823 [WARN] DbFile:41 - Overriding database path with different value: C:\Users\racin\.stmcufinder\plugins\mcufinder/ => C:\Users\racin\.stmcufinder\plugins\mcufinder
2025-11-05 10:48:00,823 [INFO] ApiDb:250 - Set database path to: C:\Users\racin\.stmcufinder\plugins\mcufinder//mcu/
2025-11-05 10:48:00,823 [WARN] DbFile:41 - Overriding database path with different value: C:\Users\racin\.stmcufinder\plugins\mcufinder/ => C:\Users\racin\.stmcufinder\plugins\mcufinder
2025-11-05 10:48:00,823 [INFO] DbMcusAds:125 - Set database path to: C:\Users\racin\.stmcufinder\plugins\mcufinder//mcu/
2025-11-05 10:48:00,824 [WARN] DbFile:41 - Overriding database path with different value: C:\Users\racin\.stmcufinder\plugins\mcufinder/ => C:\Users\racin\.stmcufinder\plugins\mcufinder
2025-11-05 10:48:00,824 [WARN] DbFile:41 - Overriding database path with different value: C:\Users\racin\.stmcufinder\plugins\mcufinder/ => C:\Users\racin\.stmcufinder\plugins\mcufinder
2025-11-05 10:48:00,824 [INFO] CrossReferenceDbSqlite:203 - Set database path to: C:\Users\racin\.stmcufinder\plugins\mcufinder//mcu/cs/
2025-11-05 10:48:00,843 [INFO] ApplicationProperties:184 - Using Application install path: C:\ST\STM32CubeIDE_1.15.0\STM32CubeIDE\plugins\com.st.stm32cube.common.mx_6.11.0.202403141607
2025-11-05 10:48:00,845 [INFO] PluginManage:196 - Search for loadable plugins [exclusion list=, ]
2025-11-05 10:48:00,854 [INFO] PluginManage:310 - Check plugin analytics
2025-11-05 10:48:01,197 [INFO] AnalyticsPlugin:253 - Accepted Software Licenses: 
2025-11-05 10:48:01,197 [INFO] AnalyticsPlugin:255 - Accepted CMSIS Pack Licenses: 
2025-11-05 10:48:01,198 [INFO] AnalyticsPlugin:257 - Accepted Firmware Licenses: FW.L4.1.18.0,FW.F7.1.17.0,FW.H7.1.11.0,FW.F4.1.28.0
2025-11-05 10:48:01,200 [INFO] PluginManage:359 - Loaded plugin analytics (category:tool,tabindex:-1)
2025-11-05 10:48:01,204 [INFO] PluginManage:310 - Check plugin cadmodel
2025-11-05 10:48:01,245 [INFO] CADModel:105 - Init CAD model plugin
2025-11-05 10:48:01,245 [INFO] PluginManage:359 - Loaded plugin cadmodel (category:power,tabindex:5)
2025-11-05 10:48:01,246 [INFO] PluginManage:310 - Check plugin clock
2025-11-05 10:48:01,267 [INFO] PluginManage:359 - Loaded plugin clock (category:base,tabindex:2)
2025-11-05 10:48:01,267 [INFO] PluginManage:310 - Check plugin ddr
2025-11-05 10:48:01,269 [INFO] PluginManage:359 - Loaded plugin ddr (category:tool,tabindex:6)
2025-11-05 10:48:01,269 [INFO] PluginManage:310 - Check plugin filemanager
2025-11-05 10:48:01,729 [INFO] PluginManage:359 - Loaded plugin filemanager (category:base,tabindex:10)
2025-11-05 10:48:01,729 [INFO] PluginManage:310 - Check plugin ipmanager
2025-11-05 10:48:01,737 [INFO] PluginManage:359 - Loaded plugin ipmanager (category:base,tabindex:5)
2025-11-05 10:48:01,738 [INFO] PluginManage:310 - Check plugin lpbam
2025-11-05 10:48:01,757 [INFO] PluginManage:359 - Loaded plugin lpbam (category:base,tabindex:0)
2025-11-05 10:48:01,757 [INFO] PluginManage:310 - Check plugin memorymap
2025-11-05 10:48:01,795 [INFO] PluginManage:359 - Loaded plugin memorymap (category:base,tabindex:4)
2025-11-05 10:48:01,795 [INFO] PluginManage:310 - Check plugin pinoutandconfiguration
2025-11-05 10:48:01,804 [INFO] PluginManage:359 - Loaded plugin pinoutandconfiguration (category:base,tabindex:1)
2025-11-05 10:48:01,805 [INFO] PluginManage:310 - Check plugin pinoutconfig
2025-11-05 10:48:01,960 [WARN] SupportedApi:132 - Cannot load RTOS API schema: s4s-elt-must-match.1: The content of 'definitions' must match (annotation?, (simpleType | complexType)?, (unique | key | keyref)*)). A problem was found starting at: attribute.
2025-11-05 10:48:02,366 [INFO] PluginManage:359 - Loaded plugin pinoutconfig (category:base,tabindex:0)
2025-11-05 10:48:02,367 [INFO] PluginManage:310 - Check plugin power
2025-11-05 10:48:02,376 [INFO] PluginManage:359 - Loaded plugin power (category:power,tabindex:4)
2025-11-05 10:48:02,376 [INFO] PluginManage:310 - Check plugin projectmanager
2025-11-05 10:48:02,406 [INFO] PluginManage:359 - Loaded plugin projectmanager (category:projectmanager,tabindex:3)
2025-11-05 10:48:02,407 [INFO] PluginManage:310 - Check plugin thirdparty
2025-11-05 10:48:02,622 [WARN] IntegrityCheckThread:84 - waiting for thirdparty lock release [integrity check]
2025-11-05 10:48:02,623 [INFO] IntegrityCheckThread:86 - entering critical section [integrity check]
2025-11-05 10:48:02,623 [INFO] ThirdPartyUpdaterWithRetryManager:70 - Updater plugin not ready yet. [1/15]
2025-11-05 10:48:02,623 [INFO] PluginManage:359 - Loaded plugin thirdparty (category:base,tabindex:-1)
2025-11-05 10:48:02,623 [INFO] PluginManage:310 - Check plugin tools
2025-11-05 10:48:02,626 [INFO] PluginManage:359 - Loaded plugin tools (category:base,tabindex:7)
2025-11-05 10:48:02,627 [INFO] PluginManage:310 - Check plugin tutovideos
2025-11-05 10:48:02,887 [INFO] PluginManage:359 - Loaded plugin tutovideos (category:base,tabindex:-1)
2025-11-05 10:48:02,887 [INFO] PluginManage:310 - Check plugin updater
2025-11-05 10:48:02,899 [INFO] PluginManage:359 - Loaded plugin updater (category:base,tabindex:12)
2025-11-05 10:48:02,899 [INFO] PluginManage:310 - Check plugin userauth
2025-11-05 10:48:02,903 [INFO] UserAuth:114 - Init User Auth plugin
2025-11-05 10:48:02,904 [INFO] PluginManage:359 - Loaded plugin userauth (category:base,tabindex:14)
2025-11-05 10:48:02,904 [INFO] PluginManage:283 - PluginManage : Loaded plugins [17]
2025-11-05 10:48:03,140 [INFO] PinOutPanel:1561 - setPackage(No Configuration,No Configuration)
2025-11-05 10:48:03,214 [INFO] CADModel:165 - CPN selected for project level
2025-11-05 10:48:03,214 [INFO] CADModel:114 - Register for checkConnection events
2025-11-05 10:48:03,228 [INFO] IPUIPlugin:80 - create IPUIPlugin
2025-11-05 10:48:03,228 [INFO] PluginManager:220 - loadIPPluginJar : add adc
2025-11-05 10:48:03,230 [INFO] IPUIPlugin:80 - create IPUIPlugin
2025-11-05 10:48:03,231 [INFO] PluginManager:220 - loadIPPluginJar : add aes
2025-11-05 10:48:03,233 [INFO] IPUIPlugin:80 - create IPUIPlugin
2025-11-05 10:48:03,233 [INFO] PluginManager:220 - loadIPPluginJar : add can
2025-11-05 10:48:03,234 [INFO] IPUIPlugin:80 - create IPUIPlugin
2025-11-05 10:48:03,234 [INFO] PluginManager:220 - loadIPPluginJar : add comp
2025-11-05 10:48:03,237 [INFO] IPUIPlugin:80 - create IPUIPlugin
2025-11-05 10:48:03,237 [INFO] PluginManager:220 - loadIPPluginJar : add cryp
2025-11-05 10:48:03,240 [INFO] IPUIPlugin:80 - create IPUIPlugin
2025-11-05 10:48:03,240 [INFO] PluginManager:220 - loadIPPluginJar : add dfsdm
2025-11-05 10:48:03,245 [INFO] IPUIPlugin:80 - create IPUIPlugin
2025-11-05 10:48:03,245 [INFO] PluginManager:220 - loadIPPluginJar : add dma
2025-11-05 10:48:03,247 [INFO] IPUIPlugin:80 - create IPUIPlugin
2025-11-05 10:48:03,247 [INFO] PluginManager:220 - loadIPPluginJar : add dma3
2025-11-05 10:48:03,249 [INFO] IPUIPlugin:80 - create IPUIPlugin
2025-11-05 10:48:03,250 [INFO] PluginManager:220 - loadIPPluginJar : add extmemmanager
2025-11-05 10:48:03,251 [INFO] IPUIPlugin:80 - create IPUIPlugin
2025-11-05 10:48:03,251 [INFO] PluginManager:220 - loadIPPluginJar : add fatfs
2025-11-05 10:48:03,255 [INFO] IPUIPlugin:80 - create IPUIPlugin
2025-11-05 10:48:03,255 [INFO] PluginManager:220 - loadIPPluginJar : add fmc
2025-11-05 10:48:03,260 [INFO] IPUIPlugin:80 - create IPUIPlugin
2025-11-05 10:48:03,260 [INFO] PluginManager:220 - loadIPPluginJar : add freertos
2025-11-05 10:48:03,261 [INFO] IPUIPlugin:80 - create IPUIPlugin
2025-11-05 10:48:03,261 [INFO] PluginManager:220 - loadIPPluginJar : add genericplugin
2025-11-05 10:48:03,263 [INFO] IPUIPlugin:80 - create IPUIPlugin
2025-11-05 10:48:03,263 [INFO] PluginManager:220 - loadIPPluginJar : add gfxmmu
2025-11-05 10:48:03,267 [INFO] IPUIPlugin:80 - create IPUIPlugin
2025-11-05 10:48:03,267 [INFO] PluginManager:220 - loadIPPluginJar : add gic
2025-11-05 10:48:03,270 [INFO] IPUIPlugin:80 - create IPUIPlugin
2025-11-05 10:48:03,270 [INFO] PluginManager:220 - loadIPPluginJar : add gpio
2025-11-05 10:48:03,274 [INFO] IPUIPlugin:80 - create IPUIPlugin
2025-11-05 10:48:03,274 [INFO] PluginManager:220 - loadIPPluginJar : add gtzc
2025-11-05 10:48:03,276 [INFO] IPUIPlugin:80 - create IPUIPlugin
2025-11-05 10:48:03,276 [INFO] PluginManager:220 - loadIPPluginJar : add hash
2025-11-05 10:48:03,278 [INFO] IPUIPlugin:80 - create IPUIPlugin
2025-11-05 10:48:03,279 [INFO] PluginManager:220 - loadIPPluginJar : add i2c
2025-11-05 10:48:03,281 [INFO] IPUIPlugin:80 - create IPUIPlugin
2025-11-05 10:48:03,281 [INFO] PluginManager:220 - loadIPPluginJar : add i2s
2025-11-05 10:48:03,283 [INFO] IPUIPlugin:80 - create IPUIPlugin
2025-11-05 10:48:03,283 [INFO] PluginManager:220 - loadIPPluginJar : add i3c
2025-11-05 10:48:03,286 [INFO] IPUIPlugin:80 - create IPUIPlugin
2025-11-05 10:48:03,286 [INFO] PluginManager:220 - loadIPPluginJar : add ipddr
2025-11-05 10:48:03,293 [INFO] IPUIPlugin:80 - create IPUIPlugin
2025-11-05 10:48:03,293 [INFO] PluginManager:220 - loadIPPluginJar : add linkedlist
2025-11-05 10:48:03,312 [INFO] IPUIPlugin:80 - create IPUIPlugin
2025-11-05 10:48:03,313 [INFO] PluginManager:220 - loadIPPluginJar : add lorawan
2025-11-05 10:48:03,314 [INFO] IPUIPlugin:80 - create IPUIPlugin
2025-11-05 10:48:03,315 [INFO] PluginManager:220 - loadIPPluginJar : add ltdc
2025-11-05 10:48:03,321 [INFO] IPUIPlugin:80 - create IPUIPlugin
2025-11-05 10:48:03,322 [INFO] PluginManager:220 - loadIPPluginJar : add mdma
2025-11-05 10:48:03,338 [INFO] IPUIPlugin:80 - create IPUIPlugin
2025-11-05 10:48:03,339 [INFO] PluginManager:220 - loadIPPluginJar : add nvic
2025-11-05 10:48:03,343 [INFO] IPUIPlugin:80 - create IPUIPlugin
2025-11-05 10:48:03,343 [INFO] PluginManager:220 - loadIPPluginJar : add opamp
2025-11-05 10:48:03,347 [INFO] IPUIPlugin:80 - create IPUIPlugin
2025-11-05 10:48:03,347 [INFO] PluginManager:220 - loadIPPluginJar : add openamp
2025-11-05 10:48:03,350 [INFO] IPUIPlugin:80 - create IPUIPlugin
2025-11-05 10:48:03,351 [INFO] PluginManager:220 - loadIPPluginJar : add pdm2pcm
2025-11-05 10:48:03,358 [INFO] IPUIPlugin:80 - create IPUIPlugin
2025-11-05 10:48:03,361 [INFO] PluginManager:220 - loadIPPluginJar : add plateformsettings
2025-11-05 10:48:03,363 [INFO] IPUIPlugin:80 - create IPUIPlugin
2025-11-05 10:48:03,363 [INFO] PluginManager:220 - loadIPPluginJar : add quadspi
2025-11-05 10:48:03,366 [INFO] IPUIPlugin:80 - create IPUIPlugin
2025-11-05 10:48:03,366 [INFO] PluginManager:220 - loadIPPluginJar : add resmgrutility
2025-11-05 10:48:03,369 [INFO] IPUIPlugin:80 - create IPUIPlugin
2025-11-05 10:48:03,369 [INFO] PluginManager:220 - loadIPPluginJar : add sai
2025-11-05 10:48:03,373 [INFO] IPUIPlugin:80 - create IPUIPlugin
2025-11-05 10:48:03,373 [INFO] PluginManager:220 - loadIPPluginJar : add spi
2025-11-05 10:48:03,379 [INFO] IPUIPlugin:80 - create IPUIPlugin
2025-11-05 10:48:03,379 [INFO] PluginManager:220 - loadIPPluginJar : add stm32_wpan
2025-11-05 10:48:03,381 [INFO] IPUIPlugin:80 - create IPUIPlugin
2025-11-05 10:48:03,381 [INFO] PluginManager:220 - loadIPPluginJar : add tim
2025-11-05 10:48:03,385 [INFO] IPUIPlugin:80 - create IPUIPlugin
2025-11-05 10:48:03,385 [INFO] PluginManager:220 - loadIPPluginJar : add touchsensing
2025-11-05 10:48:03,387 [INFO] IPUIPlugin:80 - create IPUIPlugin
2025-11-05 10:48:03,388 [INFO] PluginManager:220 - loadIPPluginJar : add tracer_emb
2025-11-05 10:48:03,391 [INFO] IPUIPlugin:80 - create IPUIPlugin
2025-11-05 10:48:03,391 [INFO] PluginManager:220 - loadIPPluginJar : add ts
2025-11-05 10:48:03,393 [INFO] IPUIPlugin:80 - create IPUIPlugin
2025-11-05 10:48:03,393 [INFO] PluginManager:220 - loadIPPluginJar : add tsc
2025-11-05 10:48:03,395 [INFO] IPUIPlugin:80 - create IPUIPlugin
2025-11-05 10:48:03,395 [INFO] PluginManager:220 - loadIPPluginJar : add ucpd
2025-11-05 10:48:03,398 [INFO] IPUIPlugin:80 - create IPUIPlugin
2025-11-05 10:48:03,398 [INFO] PluginManager:220 - loadIPPluginJar : add usart
2025-11-05 10:48:03,401 [INFO] IPUIPlugin:80 - create IPUIPlugin
2025-11-05 10:48:03,401 [INFO] PluginManager:220 - loadIPPluginJar : add usbx
2025-11-05 10:48:03,864 [INFO] CADModel:165 - CPN selected for project level
2025-11-05 10:48:03,865 [INFO] CADModel:114 - Register for checkConnection events
2025-11-05 10:48:03,865 [FATAL] Updater:308 - Updater called before beeing initialized
2025-11-05 10:48:03,865 [ERROR] CADModel:125 - Updater not yet initialized, retry later 
2025-11-05 10:48:04,276 [INFO] CADModel:165 - CPN selected for project level
2025-11-05 10:48:04,277 [INFO] CADModel:114 - Register for checkConnection events
2025-11-05 10:48:04,277 [FATAL] Updater:308 - Updater called before beeing initialized
2025-11-05 10:48:04,277 [ERROR] CADModel:125 - Updater not yet initialized, retry later 
2025-11-05 10:48:04,279 [FATAL] Updater:308 - Updater called before beeing initialized
2025-11-05 10:48:04,415 [FATAL] Updater:308 - Updater called before beeing initialized
2025-11-05 10:48:04,419 [INFO] DbMcusAds:53 - JSON generation date=Thu Oct 02 11:36:05 CEST 2025 (1759397765645)
2025-11-05 10:48:04,419 [FATAL] Updater:308 - Updater called before beeing initialized
2025-11-05 10:48:04,453 [WARN] DetailPanel:346 - Failed to get advertising image, set to default
2025-11-05 10:48:04,552 [FATAL] Updater:308 - Updater called before beeing initialized
2025-11-05 10:48:04,554 [FATAL] Updater:308 - Updater called before beeing initialized
2025-11-05 10:48:04,554 [FATAL] Updater:308 - Updater called before beeing initialized
2025-11-05 10:48:04,554 [WARN] DetailPanel:346 - Failed to get advertising image, set to default
2025-11-05 10:48:04,556 [FATAL] Updater:308 - Updater called before beeing initialized
2025-11-05 10:48:04,631 [ERROR] Updater:1120 - MainUpdater not yet initialized. External WinMGr cannot be set.
2025-11-05 10:48:04,633 [INFO] Updater:1056 - Updater Version found : 6.11.0
2025-11-05 10:48:04,650 [INFO] ApplicationProperties:184 - Using Application install path: C:\ST\STM32CubeIDE_1.15.0\STM32CubeIDE\plugins\com.st.stm32cube.common.mx_6.11.0.202403141607
2025-11-05 10:48:05,625 [INFO] ThirdPartyUpdaterWithRetryManager:70 - Updater plugin not ready yet. [2/15]
2025-11-05 10:48:06,246 [ERROR] LogOutputStream:75 - [STDERR_REDIRECT] Nov 05, 2025 10:48:06 AM java.util.prefs.WindowsPreferences <init>
2025-11-05 10:48:06,252 [ERROR] LogOutputStream:75 - [STDERR_REDIRECT] WARNING: Could not open/create prefs root node Software\JavaSoft\Prefs at root 0xffffffff80000002. Windows RegCreateKeyEx(...) returned error code 5.
2025-11-05 10:48:06,253 [ERROR] LogOutputStream:75 - [STDERR_REDIRECT] 
2025-11-05 10:48:06,597 [INFO] MainUpdater:2873 - connection check result : 10
2025-11-05 10:48:06,598 [INFO] MainUpdater:290 - Updater Check For Update Now.
2025-11-05 10:48:06,598 [INFO] MicroXplorer:498 - Change Database Version : DB.6.0.110
2025-11-05 10:48:06,610 [INFO] McuFinderGlobals:63 - Set McuFinder mode to 2 (CubeIDE integrated)
2025-11-05 10:48:06,619 [INFO] UserAuth:415 - Internet connection configuration mode: 1
2025-11-05 10:48:06,640 [INFO] JxBrowserEngine:152 - Initiate JxBrowser Engine with user profile folder
2025-11-05 10:48:06,837 [INFO] CheckServerUpdateThread:120 - End of CheckServer Thread
2025-11-05 10:48:07,626 [INFO] WebApp:161 - Instantiating new browser for Auth
2025-11-05 10:48:08,217 [INFO] WebApp:779 - Register for checkConnection events
2025-11-05 10:48:08,217 [INFO] WebApp:414 - Apply proxy settings
2025-11-05 10:48:08,217 [INFO] WebApp:499 - Chromium requires no authentication
2025-11-05 10:48:08,224 [INFO] WebApp:442 - Direct internet connection detected
2025-11-05 10:48:08,383 [INFO] WebApp:192 - Starting web application
2025-11-05 10:48:08,384 [INFO] WebApp:544 - Web application path used C:\ST\STM32CubeIDE_1.15.0\STM32CubeIDE\plugins\com.st.stm32cube.common.mx_6.11.0.202403141607\db\plugins\mcufinder\reactClient1\index.html
2025-11-05 10:48:08,898 [WARN] PackLoader:240 - Cannot read IP mode file for STMicroelectronics.FP-SNS-MOTENVWB1.1.4.0
2025-11-05 10:48:08,913 [WARN] PackLoader:240 - Cannot read IP mode file for STMicroelectronics.FP-ATR-ASTRA1.2.0.2
2025-11-05 10:48:08,924 [WARN] PackLoader:240 - Cannot read IP mode file for STMicroelectronics.X-CUBE-SMBUS.2.1.0
2025-11-05 10:48:08,932 [WARN] PackLoader:240 - Cannot read IP mode file for STMicroelectronics.X-CUBE-WB05N.1.1.0
2025-11-05 10:48:08,936 [ERROR] Engine:466 - C:\Users\racin\.stm32cubemx\thirdparties\pdsc\STMicroelectronics.X-CUBE-ST60.1.0.0.pdsc: PDSC version is not supported
2025-11-05 10:48:08,943 [WARN] PackLoader:240 - Cannot read IP mode file for STMicroelectronics.X-CUBE-TOUCHGFX.4.23.2
2025-11-05 10:48:09,033 [WARN] PackLoader:240 - Cannot read IP mode file for STMicroelectronics.X-CUBE-AZRTOS-F7.1.1.0
2025-11-05 10:48:09,160 [WARN] PackLoader:240 - Cannot read IP mode file for STMicroelectronics.X-CUBE-MEMS1.11.0.0
2025-11-05 10:48:09,403 [ERROR] Engine:466 - C:\Users\racin\.stm32cubemx\thirdparties\pdsc\STMicroelectronics.FP-SNS-MOTENV1.5.1.0.pdsc: PDSC version is not supported
2025-11-05 10:48:09,408 [WARN] PackLoader:240 - Cannot read IP mode file for STMicroelectronics.FP-SNS-FLIGHT1.5.0.2
2025-11-05 10:48:09,433 [WARN] PackLoader:240 - Cannot read IP mode file for STMicroelectronics.X-CUBE-AZRTOS-H7.3.4.0
2025-11-05 10:48:09,445 [WARN] PackLoader:240 - Cannot read IP mode file for STMicroelectronics.X-CUBE-DISPLAY.3.0.0
2025-11-05 10:48:09,453 [WARN] PackLoader:240 - Cannot read IP mode file for STMicroelectronics.X-CUBE-BLE1.7.0.0
2025-11-05 10:48:09,461 [WARN] PackLoader:240 - Cannot read IP mode file for STMicroelectronics.X-CUBE-NFC10.1.0.0
2025-11-05 10:48:09,474 [WARN] PackLoader:240 - Cannot read IP mode file for STMicroelectronics.X-CUBE-BLEMGR.4.0.0
2025-11-05 10:48:09,480 [ERROR] Engine:466 - C:\Users\racin\.stm32cubemx\thirdparties\pdsc\STMicroelectronics.X-CUBE-ST60.1.1.0.pdsc: PDSC version is not supported
2025-11-05 10:48:09,484 [WARN] PackLoader:240 - Cannot read IP mode file for emotas.I-CUBE-CANOPEN.1.3.0
2025-11-05 10:48:09,489 [WARN] PackLoader:240 - Cannot read IP mode file for STMicroelectronics.X-CUBE-GNSS1.7.1.0
2025-11-05 10:48:09,494 [WARN] ConditionMgr:438 - getConditionDescription Invalid condition id : Cortex-A Device cause : null
2025-11-05 10:48:09,542 [WARN] ConditionMgr:1039 - genDependencies : Invalid condition id : Cortex-A Device cause : null
2025-11-05 10:48:09,543 [WARN] ConditionMgr:1039 - genDependencies : Invalid condition id : Cortex-A Device cause : null
2025-11-05 10:48:09,543 [WARN] ConditionMgr:1039 - genDependencies : Invalid condition id : Cortex-A Device cause : null
2025-11-05 10:48:09,552 [WARN] PackLoader:240 - Cannot read IP mode file for STMicroelectronics.X-CUBE-BLEMGR.3.1.0
2025-11-05 10:48:09,560 [WARN] PackLoader:240 - Cannot read IP mode file for STMicroelectronics.X-CUBE-AI.10.0.0
2025-11-05 10:48:09,564 [ERROR] Engine:466 - C:\Users\racin\.stm32cubemx\thirdparties\pdsc\STMicroelectronics.FP-SNS-STBOX1.2.1.0.pdsc: PDSC version is not supported
2025-11-05 10:48:09,568 [WARN] PackLoader:240 - Cannot read IP mode file for STMicroelectronics.FP-SNS-SMARTAG2.1.2.0
2025-11-05 10:48:09,571 [ERROR] Engine:466 - C:\Users\racin\.stm32cubemx\thirdparties\pdsc\STMicroelectronics.FP-SNS-FLIGHT1.5.1.0.pdsc: PDSC version is not supported
2025-11-05 10:48:09,632 [WARN] PackLoader:240 - Cannot read IP mode file for STMicroelectronics.X-CUBE-MEMS1.11.1.0
2025-11-05 10:48:09,843 [INFO] LogOutputStream:77 - [STDOUT_REDIRECT] 1 : Invalid condition id : UX_CORESTACK_Condition cause : null
2025-11-05 10:48:09,843 [INFO] LogOutputStream:77 - [STDOUT_REDIRECT] 1 : Invalid condition id : UX_CORESTACK_Condition cause : null
2025-11-05 10:48:09,845 [INFO] LogOutputStream:77 - [STDOUT_REDIRECT] 1 : Invalid condition id : UX_CORESTACK_Condition cause : null
2025-11-05 10:48:09,846 [INFO] LogOutputStream:77 - [STDOUT_REDIRECT] 1 : Invalid condition id : UX_CORESTACK_Condition cause : null
2025-11-05 10:48:09,847 [INFO] LogOutputStream:77 - [STDOUT_REDIRECT] 1 : Invalid condition id : UX_CORESTACK_Condition cause : null
2025-11-05 10:48:09,850 [WARN] PackLoader:240 - Cannot read IP mode file for STMicroelectronics.X-CUBE-AZRTOS-WL.2.0.0
2025-11-05 10:48:09,857 [WARN] PackLoader:240 - Cannot read IP mode file for STMicroelectronics.FP-SNS-MOTENV1.5.0.0
2025-11-05 10:48:09,863 [WARN] PackLoader:240 - Cannot read IP mode file for wolfSSL.I-CUBE-wolfMQTT.1.19.0
2025-11-05 10:48:09,869 [WARN] PackLoader:240 - Cannot read IP mode file for WES.I-CUBE-Cesium.1.3.0
2025-11-05 10:48:09,875 [WARN] PackLoader:240 - Cannot read IP mode file for STMicroelectronics.X-CUBE-BLE2.3.3.0
2025-11-05 10:48:09,882 [WARN] PackLoader:240 - Cannot read IP mode file for STMicroelectronics.X-CUBE-NFC9.1.0.0
2025-11-05 10:48:09,888 [WARN] PackLoader:240 - Cannot read IP mode file for STMicroelectronics.X-CUBE-BLE1.7.1.0
2025-11-05 10:48:09,895 [WARN] PackLoader:240 - Cannot read IP mode file for STMicroelectronics.X-CUBE-TCPP.4.1.0
2025-11-05 10:48:09,902 [WARN] PackLoader:240 - Cannot read IP mode file for STMicroelectronics.X-CUBE-EEPRMA1.5.2.0
2025-11-05 10:48:09,911 [ERROR] Engine:466 - C:\Users\racin\.stm32cubemx\thirdparties\pdsc\STMicroelectronics.X-CUBE-ST67W61.1.1.0.pdsc: PDSC version is not supported
2025-11-05 10:48:09,913 [WARN] PackLoader:240 - Cannot read IP mode file for STMicroelectronics.X-CUBE-AI.10.1.0
2025-11-05 10:48:09,919 [WARN] PackLoader:240 - Cannot read IP mode file for STMicroelectronics.X-CUBE-ALGOBUILD.1.3.0
2025-11-05 10:48:09,974 [WARN] PackLoader:240 - Cannot read IP mode file for STMicroelectronics.X-CUBE-MEMS1.11.2.0
2025-11-05 10:48:10,142 [WARN] PackLoader:240 - Cannot read IP mode file for STMicroelectronics.X-CUBE-AZRTOS-G0.1.1.0
2025-11-05 10:48:10,150 [WARN] PackLoader:240 - Cannot read IP mode file for STMicroelectronics.X-CUBE-SAFEA1.1.2.2
2025-11-05 10:48:10,159 [WARN] PackLoader:240 - Cannot read IP mode file for STMicroelectronics.X-CUBE-NFC4.3.0.0
2025-11-05 10:48:10,169 [WARN] PackLoader:240 - Cannot read IP mode file for EmbeddedOffice.I-CUBE-FS-RTOS.1.0.1
2025-11-05 10:48:10,169 [ERROR] ConditionMgr:805 - Attr not supported : Dmpu
2025-11-05 10:48:10,169 [ERROR] ConditionMgr:805 - Attr not supported : Dmpu
2025-11-05 10:48:10,169 [ERROR] ConditionMgr:805 - Attr not supported : Dmpu
2025-11-05 10:48:10,169 [ERROR] ConditionMgr:805 - Attr not supported : Dmpu
2025-11-05 10:48:10,169 [ERROR] ConditionMgr:805 - Attr not supported : Dmpu
2025-11-05 10:48:10,170 [ERROR] ConditionMgr:805 - Attr not supported : Dmpu
2025-11-05 10:48:10,170 [ERROR] ConditionMgr:805 - Attr not supported : Dmpu
2025-11-05 10:48:10,170 [ERROR] ConditionMgr:805 - Attr not supported : Dmpu
2025-11-05 10:48:10,170 [ERROR] ConditionMgr:805 - Attr not supported : Dmpu
2025-11-05 10:48:10,170 [ERROR] ConditionMgr:805 - Attr not supported : Dmpu
2025-11-05 10:48:10,170 [ERROR] ConditionMgr:805 - Attr not supported : Dmpu
2025-11-05 10:48:10,170 [ERROR] ConditionMgr:805 - Attr not supported : Dmpu
2025-11-05 10:48:10,170 [ERROR] ConditionMgr:805 - Attr not supported : Dmpu
2025-11-05 10:48:10,170 [ERROR] ConditionMgr:805 - Attr not supported : Dmpu
2025-11-05 10:48:10,170 [ERROR] ConditionMgr:805 - Attr not supported : Dmpu
2025-11-05 10:48:10,170 [ERROR] ConditionMgr:805 - Attr not supported : Dmpu
2025-11-05 10:48:10,170 [ERROR] ConditionMgr:805 - Attr not supported : Dmpu
2025-11-05 10:48:10,170 [ERROR] ConditionMgr:805 - Attr not supported : Dmpu
2025-11-05 10:48:10,170 [ERROR] ConditionMgr:805 - Attr not supported : Dmpu
2025-11-05 10:48:10,170 [ERROR] ConditionMgr:805 - Attr not supported : Dmpu
2025-11-05 10:48:10,171 [ERROR] ConditionMgr:805 - Attr not supported : Dmpu
2025-11-05 10:48:10,171 [ERROR] ConditionMgr:805 - Attr not supported : Dmpu
2025-11-05 10:48:10,171 [ERROR] ConditionMgr:805 - Attr not supported : Dmpu
2025-11-05 10:48:10,172 [ERROR] ConditionMgr:805 - Attr not supported : Dmpu
2025-11-05 10:48:10,174 [ERROR] ConditionMgr:805 - Attr not supported : Dmpu
2025-11-05 10:48:10,174 [ERROR] ConditionMgr:805 - Attr not supported : Dmpu
2025-11-05 10:48:10,174 [ERROR] ConditionMgr:805 - Attr not supported : Dmpu
2025-11-05 10:48:10,175 [ERROR] ConditionMgr:805 - Attr not supported : Dmpu
2025-11-05 10:48:10,175 [ERROR] ConditionMgr:805 - Attr not supported : Dmpu
2025-11-05 10:48:10,175 [ERROR] ConditionMgr:805 - Attr not supported : Dmpu
2025-11-05 10:48:10,175 [ERROR] ConditionMgr:805 - Attr not supported : Dmpu
2025-11-05 10:48:10,175 [ERROR] ConditionMgr:805 - Attr not supported : Dmpu
2025-11-05 10:48:10,175 [ERROR] ConditionMgr:805 - Attr not supported : Dmpu
2025-11-05 10:48:10,176 [ERROR] ConditionMgr:805 - Attr not supported : Dmpu
2025-11-05 10:48:10,176 [ERROR] ConditionMgr:805 - Attr not supported : Dmpu
2025-11-05 10:48:10,176 [ERROR] ConditionMgr:805 - Attr not supported : Dmpu
2025-11-05 10:48:10,176 [ERROR] ConditionMgr:805 - Attr not supported : Dmpu
2025-11-05 10:48:10,176 [ERROR] ConditionMgr:805 - Attr not supported : Dmpu
2025-11-05 10:48:10,176 [ERROR] ConditionMgr:805 - Attr not supported : Dmpu
2025-11-05 10:48:10,176 [ERROR] ConditionMgr:805 - Attr not supported : Dmpu
2025-11-05 10:48:10,176 [ERROR] ConditionMgr:805 - Attr not supported : Dmpu
2025-11-05 10:48:10,176 [ERROR] ConditionMgr:805 - Attr not supported : Dmpu
2025-11-05 10:48:10,176 [ERROR] ConditionMgr:805 - Attr not supported : Dmpu
2025-11-05 10:48:10,176 [ERROR] ConditionMgr:805 - Attr not supported : Dmpu
2025-11-05 10:48:10,177 [ERROR] ConditionMgr:805 - Attr not supported : Dmpu
2025-11-05 10:48:10,177 [ERROR] ConditionMgr:805 - Attr not supported : Dmpu
2025-11-05 10:48:10,177 [ERROR] ConditionMgr:805 - Attr not supported : Dmpu
2025-11-05 10:48:10,177 [ERROR] ConditionMgr:805 - Attr not supported : Dmpu
2025-11-05 10:48:10,177 [ERROR] ConditionMgr:805 - Attr not supported : Dmpu
2025-11-05 10:48:10,177 [ERROR] ConditionMgr:805 - Attr not supported : Dmpu
2025-11-05 10:48:10,177 [ERROR] ConditionMgr:805 - Attr not supported : Dmpu
2025-11-05 10:48:10,177 [ERROR] ConditionMgr:805 - Attr not supported : Dmpu
2025-11-05 10:48:10,177 [ERROR] ConditionMgr:805 - Attr not supported : Dmpu
2025-11-05 10:48:10,177 [ERROR] ConditionMgr:805 - Attr not supported : Dmpu
2025-11-05 10:48:10,177 [ERROR] ConditionMgr:805 - Attr not supported : Dmpu
2025-11-05 10:48:10,178 [ERROR] ConditionMgr:805 - Attr not supported : Dmpu
2025-11-05 10:48:10,178 [ERROR] ConditionMgr:805 - Attr not supported : Dmpu
2025-11-05 10:48:10,178 [ERROR] ConditionMgr:805 - Attr not supported : Dmpu
2025-11-05 10:48:10,178 [ERROR] ConditionMgr:805 - Attr not supported : Dmpu
2025-11-05 10:48:10,178 [ERROR] ConditionMgr:805 - Attr not supported : Dmpu
2025-11-05 10:48:10,178 [ERROR] ConditionMgr:805 - Attr not supported : Dmpu
2025-11-05 10:48:10,178 [ERROR] ConditionMgr:805 - Attr not supported : Dmpu
2025-11-05 10:48:10,178 [ERROR] ConditionMgr:805 - Attr not supported : Dmpu
2025-11-05 10:48:10,178 [ERROR] ConditionMgr:805 - Attr not supported : Dmpu
2025-11-05 10:48:10,183 [WARN] PackLoader:240 - Cannot read IP mode file for STMicroelectronics.X-CUBE-WB05N.2.0.0
2025-11-05 10:48:10,186 [ERROR] Engine:466 - C:\Users\racin\.stm32cubemx\thirdparties\pdsc\STMicroelectronics.X-CUBE-TCPP.4.2.0.pdsc: PDSC version is not supported
2025-11-05 10:48:10,191 [WARN] PackLoader:240 - Cannot read IP mode file for RealThread.X-CUBE-RT-Thread_Nano.4.1.1
2025-11-05 10:48:10,195 [WARN] PackLoader:240 - Cannot read IP mode file for wolfSSL.I-CUBE-wolfSSL.5.7.0
2025-11-05 10:48:10,199 [WARN] PackLoader:240 - Cannot read IP mode file for STMicroelectronics.FP-ATR-SIGFOX1.3.2.0
2025-11-05 10:48:10,204 [WARN] PackLoader:240 - Cannot read IP mode file for STMicroelectronics.X-CUBE-EEPRMA1.5.1.0
2025-11-05 10:48:10,213 [WARN] PackLoader:240 - Cannot read IP mode file for ITTIA_DB.I-CUBE-ITTIADB.8.9.0
2025-11-05 10:48:10,215 [ERROR] Engine:466 - C:\Users\racin\.stm32cubemx\thirdparties\pdsc\STMicroelectronics.X-CUBE-ST67W61.1.0.0.pdsc: PDSC version is not supported
2025-11-05 10:48:10,218 [WARN] PackLoader:240 - Cannot read IP mode file for STMicroelectronics.X-CUBE-AI.10.2.0
2025-11-05 10:48:10,252 [WARN] PackLoader:240 - Cannot read IP mode file for SEGGER.I-CUBE-embOS.1.3.1
2025-11-05 10:48:10,303 [WARN] PackLoader:240 - Cannot read IP mode file for STMicroelectronics.X-CUBE-ALGOBUILD.1.4.0
2025-11-05 10:48:10,364 [WARN] PackLoader:240 - Cannot read IP mode file for STMicroelectronics.X-CUBE-MEMS1.11.3.0
2025-11-05 10:48:10,535 [WARN] PackLoader:240 - Cannot read IP mode file for STMicroelectronics.X-CUBE-AI.9.1.0
2025-11-05 10:48:10,539 [WARN] PackLoader:240 - Cannot read IP mode file for STMicroelectronics.X-CUBE-PM33A1.1.0.0
2025-11-05 10:48:10,544 [WARN] PackLoader:240 - Cannot read IP mode file for STMicroelectronics.X-CUBE-GNSS1.6.0.0
2025-11-05 10:48:10,559 [WARN] PackLoader:240 - Cannot read IP mode file for STMicroelectronics.X-CUBE-AZRTOS-F4.1.1.0
2025-11-05 10:48:10,563 [ERROR] Engine:466 - C:\Users\racin\.stm32cubemx\thirdparties\pdsc\Avnet-IotConnect.X-CUBE-IoTC-DA16k-PMOD.1.0.0.pdsc: PDSC version is not supported
2025-11-05 10:48:10,566 [WARN] PackLoader:240 - Cannot read IP mode file for STMicroelectronics.X-CUBE-ISPU.2.1.0
2025-11-05 10:48:10,570 [ERROR] Engine:466 - C:\Users\racin\.stm32cubemx\thirdparties\pdsc\STMicroelectronics.X-CUBE-IPS.3.2.0.pdsc: PDSC version is not supported
2025-11-05 10:48:10,577 [WARN] PackLoader:240 - Cannot read IP mode file for STMicroelectronics.X-CUBE-FREERTOS.1.2.0
2025-11-05 10:48:10,582 [WARN] PackLoader:240 - Cannot read IP mode file for STMicroelectronics.X-CUBE-NFC12.1.0.0
2025-11-05 10:48:10,599 [WARN] PackLoader:240 - Cannot read IP mode file for STMicroelectronics.X-CUBE-AZRTOS-L5.2.0.0
2025-11-05 10:48:10,611 [WARN] PackLoader:240 - Cannot read IP mode file for STMicroelectronics.X-CUBE-NFC6.3.1.0
2025-11-05 10:48:10,617 [WARN] PackLoader:240 - Cannot read IP mode file for STMicroelectronics.X-CUBE-DPower.1.2.0
2025-11-05 10:48:10,619 [WARN] PackLoader:240 - Cannot read IP mode file for STMicroelectronics.X-CUBE-AI.9.0.0
2025-11-05 10:48:10,625 [WARN] PackLoader:240 - Cannot read IP mode file for STMicroelectronics.X-CUBE-FREERTOS.1.3.1
2025-11-05 10:48:10,629 [WARN] PackLoader:240 - Cannot read IP mode file for STMicroelectronics.X-CUBE-FREERTOS.1.3.0
2025-11-05 10:48:10,634 [WARN] PackLoader:240 - Cannot read IP mode file for STMicroelectronics.X-CUBE-NFC7.1.0.1
2025-11-05 10:48:10,638 [WARN] PackLoader:240 - Cannot read IP mode file for wolfSSL.I-CUBE-wolfTPM.3.2.0
2025-11-05 10:48:10,642 [WARN] PackLoader:240 - Cannot read IP mode file for STMicroelectronics.X-CUBE-TOUCHGFX.4.26.0
2025-11-05 10:48:10,644 [ERROR] Engine:466 - C:\Users\racin\.stm32cubemx\thirdparties\pdsc\STMicroelectronics.FP-SNS-STAIOTCFT.1.0.0.pdsc: PDSC version is not supported
2025-11-05 10:48:10,648 [WARN] PackLoader:240 - Cannot read IP mode file for STMicroelectronics.X-CUBE-DPower.1.3.0
2025-11-05 10:48:10,651 [WARN] PackLoader:240 - Cannot read IP mode file for STMicroelectronics.X-CUBE-AI.8.1.0
2025-11-05 10:48:10,667 [WARN] ConditionMgr:438 - getConditionDescription Invalid condition id : LAN8742 Phy interface Condition cause : null
2025-11-05 10:48:10,667 [WARN] PackLoader:240 - Cannot read IP mode file for STMicroelectronics.X-CUBE-AZRTOS-L4.2.0.0
2025-11-05 10:48:10,668 [WARN] ConditionMgr:1039 - genDependencies : Invalid condition id : LAN8742 Phy interface Condition cause : null
2025-11-05 10:48:10,668 [WARN] ConditionMgr:1039 - genDependencies : Invalid condition id : LAN8742 Phy interface Condition cause : null
2025-11-05 10:48:10,669 [WARN] ConditionMgr:1039 - genDependencies : Invalid condition id : LAN8742 Phy interface Condition cause : null
2025-11-05 10:48:10,678 [WARN] PackLoader:240 - Cannot read IP mode file for STMicroelectronics.X-CUBE-SFXS2LP1.4.0.0
2025-11-05 10:48:10,695 [WARN] PackLoader:240 - Cannot read IP mode file for STMicroelectronics.X-CUBE-AZRTOS-H7.3.3.0
2025-11-05 10:48:10,713 [ERROR] Engine:466 - C:\Users\racin\.stm32cubemx\thirdparties\pdsc\STMicroelectronics.X-CUBE-BLEMGR.4.1.0.pdsc: PDSC version is not supported
2025-11-05 10:48:10,725 [WARN] PackLoader:240 - Cannot read IP mode file for STMicroelectronics.X-CUBE-IPS.3.0.0
2025-11-05 10:48:10,741 [WARN] ConditionMgr:438 - getConditionDescription Invalid condition id : UX DEVICE CLASS RTOS Condition cause : null
2025-11-05 10:48:10,741 [WARN] ConditionMgr:438 - getConditionDescription Invalid condition id : UX DEVICE CLASS RTOS Condition cause : null
2025-11-05 10:48:10,743 [WARN] PackLoader:240 - Cannot read IP mode file for STMicroelectronics.X-CUBE-AZRTOS-WB.2.0.0
2025-11-05 10:48:10,744 [WARN] ConditionMgr:1039 - genDependencies : Invalid condition id : UX DEVICE CLASS RTOS Condition cause : null
2025-11-05 10:48:10,744 [WARN] ConditionMgr:1039 - genDependencies : Invalid condition id : UX DEVICE CLASS RTOS Condition cause : null
2025-11-05 10:48:10,744 [WARN] ConditionMgr:1039 - genDependencies : Invalid condition id : UX DEVICE CLASS RTOS Condition cause : null
2025-11-05 10:48:10,744 [WARN] ConditionMgr:1039 - genDependencies : Invalid condition id : UX DEVICE CLASS RTOS Condition cause : null
2025-11-05 10:48:10,745 [WARN] ConditionMgr:1039 - genDependencies : Invalid condition id : UX DEVICE CLASS RTOS Condition cause : null
2025-11-05 10:48:10,750 [WARN] PackLoader:240 - Cannot read IP mode file for STMicroelectronics.X-CUBE-GNSS1.7.0.0
2025-11-05 10:48:10,755 [WARN] PackLoader:240 - Cannot read IP mode file for STMicroelectronics.X-CUBE-GNSS1.7.0.1
2025-11-05 10:48:10,759 [WARN] PackLoader:240 - Cannot read IP mode file for STMicroelectronics.X-CUBE-TOUCHGFX.4.25.0
2025-11-05 10:48:10,764 [WARN] PackLoader:240 - Cannot read IP mode file for STMicroelectronics.FP-SNS-STBOX1.2.0.0
2025-11-05 10:48:10,775 [WARN] PackLoader:240 - Cannot read IP mode file for STMicroelectronics.X-CUBE-SUBG2.5.0.0
2025-11-05 10:48:10,796 [WARN] PackLoader:240 - Cannot read IP mode file for STMicroelectronics.X-CUBE-AZRTOS-H7RS.1.1.0
2025-11-05 10:48:10,801 [WARN] PackLoader:240 - Cannot read IP mode file for Cesanta.I-CUBE-Mongoose.7.13.0
2025-11-05 10:48:10,813 [WARN] PackLoader:240 - Cannot read IP mode file for STMicroelectronics.X-CUBE-AZRTOS-G4.2.0.0
2025-11-05 10:48:10,818 [WARN] PackLoader:240 - Cannot read IP mode file for STMicroelectronics.X-CUBE-NFC7.2.0.0
2025-11-05 10:48:10,821 [WARN] PackLoader:240 - Cannot read IP mode file for STMicroelectronics.FP-SNS-MOTENVWB1.1.3.1
2025-11-05 10:48:10,828 [WARN] PackLoader:240 - Cannot read IP mode file for STMicroelectronics.X-CUBE-ISPU.2.0.0
2025-11-05 10:48:10,832 [ERROR] Engine:466 - C:\Users\racin\.stm32cubemx\thirdparties\pdsc\STMicroelectronics.X-CUBE-IPS.3.1.0.pdsc: PDSC version is not supported
2025-11-05 10:48:10,835 [WARN] PackLoader:240 - Cannot read IP mode file for STMicroelectronics.X-CUBE-ALS.1.0.2
2025-11-05 10:48:10,866 [WARN] PackLoader:240 - Cannot read IP mode file for STMicroelectronics.X-CUBE-MEMS1.10.0.0
2025-11-05 10:48:10,968 [WARN] PackLoader:240 - Cannot read IP mode file for STMicroelectronics.X-CUBE-FREERTOS.1.1.0
2025-11-05 10:48:10,971 [WARN] PackLoader:240 - Cannot read IP mode file for STMicroelectronics.X-CUBE-TOUCHGFX.4.24.0
2025-11-05 10:48:10,976 [WARN] PackLoader:240 - Cannot read IP mode file for STMicroelectronics.X-CUBE-TOUCHGFX.4.24.1
2025-11-05 10:48:10,981 [WARN] PackLoader:240 - Cannot read IP mode file for STMicroelectronics.X-CUBE-STSE01.1.0.0
2025-11-05 10:48:10,986 [WARN] PackLoader:240 - Cannot read IP mode file for portGmbH.I-Cube-SoM-uGOAL.1.1.0
2025-11-05 10:48:10,990 [WARN] PackLoader:240 - Cannot read IP mode file for STMicroelectronics.X-CUBE-ALS.1.0.1
2025-11-05 10:48:11,004 [WARN] PackLoader:240 - Cannot read IP mode file for STMicroelectronics.X-CUBE-AZRTOS-H7RS.1.0.0
2025-11-05 10:48:11,011 [WARN] PackLoader:240 - Cannot read IP mode file for STMicroelectronics.FP-ATR-ASTRA1.2.0.0
2025-11-05 10:48:11,019 [WARN] PackLoader:240 - Cannot read IP mode file for STMicroelectronics.X-CUBE-TOF1.3.4.2
2025-11-05 10:48:11,033 [ERROR] Engine:466 - C:\Users\racin\.stm32cubemx\thirdparties\pdsc\STMicroelectronics.X-CUBE-TOF1.3.4.3.pdsc: PDSC version is not supported
2025-11-05 10:48:11,043 [WARN] PackLoader:240 - Cannot read IP mode file for STMicroelectronics.X-CUBE-TOF1.3.4.1
2025-11-05 10:48:11,070 [WARN] PackLoader:240 - Cannot read IP mode file for STMicroelectronics.X-CUBE-AZRTOS-H7.3.2.0
2025-11-05 10:48:11,087 [WARN] PackLoader:240 - Cannot read IP mode file for Infineon.AIROC-Wi-Fi-Bluetooth-STM32.1.6.0
2025-11-05 10:48:11,094 [WARN] PackLoader:240 - Cannot read IP mode file for wolfSSL.I-CUBE-wolfSSH.1.4.17
2025-11-05 10:48:11,094 [INFO] ThirdParty:978 - Integrity check success = true
2025-11-05 10:48:11,094 [INFO] IntegrityCheckThread:100 - exiting critical section [integrity check]
2025-11-05 10:48:11,094 [INFO] IntegrityCheckThread:103 - End integrity checks thread
2025-11-05 10:50:28,196 [INFO] McuFinderGlobals:63 - Set McuFinder mode to 2 (CubeIDE integrated)
2025-11-05 10:50:28,201 [INFO] MainUpdater:2873 - connection check result : 10
2025-11-05 10:50:28,201 [INFO] MainUpdater:2873 - connection check result : 10
2025-11-05 10:50:28,338 [INFO] MicroXplorer:468 - Change Database Path : 
2025-11-05 10:50:28,339 [INFO] MicroXplorer:498 - Change Database Version : DB.6.0.110
2025-11-05 10:50:28,344 [WARN] ThirdParty:871 - waiting for thirdparty lock release [close project]
2025-11-05 10:50:28,344 [INFO] ThirdParty:873 - entering critical section [close project]
2025-11-05 10:50:28,344 [INFO] ThirdParty:883 - exiting critical section [close project]
2025-11-05 10:50:28,346 [INFO] PinOutPanel:1561 - setPackage(No Configuration,No Configuration)
2025-11-05 10:50:28,349 [INFO] UtilMem:75 - Begin LoadConfig() Used Memory: 648841040 Bytes (1073741824)
2025-11-05 10:50:28,350 [INFO] MicroXplorer:468 - Change Database Path : 
2025-11-05 10:50:28,350 [INFO] MicroXplorer:498 - Change Database Version : DB.6.0.110
2025-11-05 10:50:28,350 [INFO] OpenFileManager:312 - Change cursor
2025-11-05 10:50:28,379 [INFO] Mcu:2021 - Initializing MCU STM32F767VITx STM32F767VITx STM32F767VIT7
2025-11-05 10:50:31,955 [INFO] Context:663 - Trying to add GPIOservice into a context  which must be forbidden
2025-11-05 10:50:33,400 [INFO] RtosManager:555 - Registered RTOS mode: class=CMSIS, group=RTOS, mode=CMSIS_V1, owner=FREERTOS
2025-11-05 10:50:33,401 [INFO] RtosManager:555 - Registered RTOS mode: class=CMSIS, group=RTOS2, mode=CMSIS_V2, owner=FREERTOS
2025-11-05 10:50:33,401 [INFO] RtosManager:555 - Registered RTOS mode: class=RTOS, group=Core, mode=CMSIS_V1, owner=FREERTOS
2025-11-05 10:50:33,401 [INFO] RtosManager:555 - Registered RTOS mode: class=RTOS, group=Core, mode=CMSIS_V2, owner=FREERTOS
2025-11-05 10:50:33,401 [WARN] ModelIntegratedComponent:184 - Missing modes for component STMicroelectronics:FreeRTOS:0.0.1:STMicroelectronics:RTOS:FreeRTOS:Core:::10.2.0:
2025-11-05 10:50:33,432 [WARN] ModelIntegratedComponent:63 - No mode defined for component null
2025-11-05 10:50:33,433 [WARN] ModelIntegratedComponent:63 - No mode defined for component null
2025-11-05 10:50:33,433 [WARN] ModelIntegratedComponent:63 - No mode defined for component null
2025-11-05 10:50:33,437 [WARN] ModelIntegratedComponent:63 - No mode defined for component null
2025-11-05 10:50:33,438 [WARN] ModelIntegratedComponent:63 - No mode defined for component null
2025-11-05 10:50:33,438 [WARN] ModelIntegratedComponent:63 - No mode defined for component null
2025-11-05 10:50:33,438 [WARN] ModelIntegratedComponent:63 - No mode defined for component null
2025-11-05 10:50:33,438 [WARN] ModelIntegratedComponent:63 - No mode defined for component null
2025-11-05 10:50:33,438 [WARN] ModelIntegratedComponent:63 - No mode defined for component null
2025-11-05 10:50:33,438 [WARN] ModelIntegratedComponent:63 - No mode defined for component null
2025-11-05 10:50:33,438 [WARN] ModelIntegratedComponent:63 - No mode defined for component null
2025-11-05 10:50:33,438 [WARN] ModelIntegratedComponent:63 - No mode defined for component null
2025-11-05 10:50:33,439 [WARN] ModelIntegratedComponent:63 - No mode defined for component null
2025-11-05 10:50:33,439 [WARN] ModelIntegratedComponent:63 - No mode defined for component null
2025-11-05 10:50:33,439 [WARN] ModelIntegratedComponent:63 - No mode defined for component null
2025-11-05 10:50:33,439 [WARN] ModelIntegratedComponent:63 - No mode defined for component null
2025-11-05 10:50:33,439 [WARN] ModelIntegratedComponent:63 - No mode defined for component null
2025-11-05 10:50:33,439 [WARN] ModelIntegratedComponent:63 - No mode defined for component null
2025-11-05 10:50:33,439 [WARN] ModelIntegratedComponent:63 - No mode defined for component null
2025-11-05 10:50:33,439 [WARN] ModelIntegratedComponent:63 - No mode defined for component null
2025-11-05 10:50:33,439 [WARN] ModelIntegratedComponent:63 - No mode defined for component null
2025-11-05 10:50:33,439 [WARN] ModelIntegratedComponent:63 - No mode defined for component null
2025-11-05 10:50:33,439 [WARN] ModelIntegratedComponent:63 - No mode defined for component null
2025-11-05 10:50:33,439 [WARN] ModelIntegratedComponent:63 - No mode defined for component null
2025-11-05 10:50:33,439 [WARN] ModelIntegratedComponent:63 - No mode defined for component null
2025-11-05 10:50:33,439 [WARN] ModelIntegratedComponent:63 - No mode defined for component null
2025-11-05 10:50:33,439 [WARN] ModelIntegratedComponent:63 - No mode defined for component null
2025-11-05 10:50:33,439 [WARN] ModelIntegratedComponent:63 - No mode defined for component null
2025-11-05 10:50:33,439 [WARN] ModelIntegratedComponent:63 - No mode defined for component null
2025-11-05 10:50:33,440 [WARN] ModelIntegratedComponent:63 - No mode defined for component null
2025-11-05 10:50:33,440 [WARN] ModelIntegratedComponent:63 - No mode defined for component null
2025-11-05 10:50:33,440 [WARN] ModelIntegratedComponent:63 - No mode defined for component null
2025-11-05 10:50:33,440 [WARN] ModelIntegratedComponent:63 - No mode defined for component null
2025-11-05 10:50:33,440 [WARN] ModelIntegratedComponent:63 - No mode defined for component null
2025-11-05 10:50:34,241 [INFO] ThirdPartyModel:298 - Start build external matchings
2025-11-05 10:50:39,287 [INFO] ThirdPartyModel:316 - End build external matchings
2025-11-05 10:50:39,527 [INFO] ImportTextPane:194 - (OptionalMessage_ERROR) IP (DMA) : Parameter (Instance) has Id (ADC1) currently not set
2025-11-05 10:50:39,527 [INFO] ImportTextPane:194 - (OptionalMessage_ERROR) IP (DMA) : Parameter (Channel) has Id (ADC1) currently not set
2025-11-05 10:50:39,527 [INFO] ImportTextPane:194 - (OptionalMessage_ERROR) IP (DMA) : Parameter (Direction) has Id (ADC1) currently not set
2025-11-05 10:50:39,527 [INFO] ImportTextPane:194 - (OptionalMessage_ERROR) IP (DMA) : Parameter (PeriphInc) has Id (ADC1) currently not set
2025-11-05 10:50:39,528 [INFO] ImportTextPane:194 - (OptionalMessage_ERROR) IP (DMA) : Parameter (MemInc) has Id (ADC1) currently not set
2025-11-05 10:50:39,528 [INFO] ImportTextPane:194 - (OptionalMessage_ERROR) IP (DMA) : Parameter (PeriphDataAlignment) has Id (ADC1) currently not set
2025-11-05 10:50:39,529 [INFO] ImportTextPane:194 - (OptionalMessage_ERROR) IP (DMA) : Parameter (MemDataAlignment) has Id (ADC1) currently not set
2025-11-05 10:50:39,529 [INFO] ImportTextPane:194 - (OptionalMessage_ERROR) IP (DMA) : Parameter (Mode) has Id (ADC1) currently not set
2025-11-05 10:50:39,529 [INFO] ImportTextPane:194 - (OptionalMessage_ERROR) IP (DMA) : Parameter (Priority) has Id (ADC1) currently not set
2025-11-05 10:50:39,529 [INFO] ImportTextPane:194 - (OptionalMessage_ERROR) IP (DMA) : Parameter (FIFOMode) has Id (ADC1) currently not set
2025-11-05 10:50:39,529 [INFO] ImportTextPane:194 - (OptionalMessage_ERROR) IP (DMA) : Parameter (Instance) has Id (ADC2) currently not set
2025-11-05 10:50:39,529 [INFO] ImportTextPane:194 - (OptionalMessage_ERROR) IP (DMA) : Parameter (Channel) has Id (ADC2) currently not set
2025-11-05 10:50:39,529 [INFO] ImportTextPane:194 - (OptionalMessage_ERROR) IP (DMA) : Parameter (Direction) has Id (ADC2) currently not set
2025-11-05 10:50:39,529 [INFO] ImportTextPane:194 - (OptionalMessage_ERROR) IP (DMA) : Parameter (PeriphInc) has Id (ADC2) currently not set
2025-11-05 10:50:39,529 [INFO] ImportTextPane:194 - (OptionalMessage_ERROR) IP (DMA) : Parameter (MemInc) has Id (ADC2) currently not set
2025-11-05 10:50:39,529 [INFO] ImportTextPane:194 - (OptionalMessage_ERROR) IP (DMA) : Parameter (PeriphDataAlignment) has Id (ADC2) currently not set
2025-11-05 10:50:39,530 [INFO] ImportTextPane:194 - (OptionalMessage_ERROR) IP (DMA) : Parameter (MemDataAlignment) has Id (ADC2) currently not set
2025-11-05 10:50:39,530 [INFO] ImportTextPane:194 - (OptionalMessage_ERROR) IP (DMA) : Parameter (Mode) has Id (ADC2) currently not set
2025-11-05 10:50:39,530 [INFO] ImportTextPane:194 - (OptionalMessage_ERROR) IP (DMA) : Parameter (Priority) has Id (ADC2) currently not set
2025-11-05 10:50:39,530 [INFO] ImportTextPane:194 - (OptionalMessage_ERROR) IP (DMA) : Parameter (FIFOMode) has Id (ADC2) currently not set
2025-11-05 10:50:39,533 [INFO] ImportTextPane:194 - (OptionalMessage_ERROR) IP (RCC) : Invalid parameter (FamilyName)
2025-11-05 10:50:39,535 [INFO] ImportTextPane:194 - (OptionalMessage_ERROR) IP (RCC) : Parameter (RNGFreq_Value) has invalid value (200000000)
2025-11-05 10:50:39,535 [INFO] ImportTextPane:194 - (OptionalMessage_ERROR) IP (RCC) : Parameter (SDMMC2Freq_Value) has invalid value (200000000)
2025-11-05 10:50:39,535 [INFO] ImportTextPane:194 - (OptionalMessage_ERROR) IP (RCC) : Parameter (SDMMCFreq_Value) has invalid value (200000000)
2025-11-05 10:50:39,535 [INFO] ImportTextPane:194 - (OptionalMessage_ERROR) IP (RCC) : Parameter (USBFreq_Value) has invalid value (200000000)
2025-11-05 10:50:41,598 [INFO] ApiDb:581 - Connected to CubeFinder SQLite database (C:\Users\racin\.stmcufinder\plugins\mcufinder\mcu\cube-finder-db.db)
2025-11-05 10:50:41,979 [INFO] ApiDb:668 - CubeFinder database Data Model version=2.1
2025-11-05 10:50:41,979 [INFO] ApiDb:669 - CubeFinder database Configuration version=3.0.39
2025-11-05 10:50:41,980 [INFO] ApiDb:670 - CubeFinder database generation date=2025-08-25 (1756130511)
2025-11-05 10:50:41,981 [INFO] ApiDb:671 - CubeFinder database FW Pack versions=[FP-ATR-ASTRA1_V2.0.0, FP-SNS-FLIGHT1_V5.1.0, FP-SNS-MOTENV1_V5.0.0, FP-SNS-MOTENVWB1_V1.4.0, FP-SNS-SMARTAG2_V1.2.0, FP-SNS-STBOX1_V2.1.0, STM32Cube_FW_C0_V1.4.0, STM32Cube_FW_F4_V1.28.3, STM32Cube_FW_F7_V1.17.4, STM32Cube_FW_G0_V1.6.2, STM32Cube_FW_G4_V1.6.1, STM32Cube_FW_H5_V1.5.0, STM32Cube_FW_H7RS_V1.2.0, STM32Cube_FW_H7_V1.12.1, STM32Cube_FW_L0_V1.12.2, STM32Cube_FW_L4_V1.18.1, STM32Cube_FW_L5_V1.5.1, STM32Cube_FW_N6_V1.2.0, STM32Cube_FW_U0_V1.3.0, STM32Cube_FW_U3_V1.2.0, STM32Cube_FW_U5_V1.8.0, STM32Cube_FW_WB0_V1.3.0, STM32Cube_FW_WBA_V1.7.0, STM32Cube_FW_WB_V1.23.0, STM32Cube_FW_WL3_V1.2.0, STM32Cube_FW_WL_V1.3.1, X-CUBE-ALGOBUILD_V1.4.0, X-CUBE-ALS_V1.0.2, X-CUBE-AZRTOS-F4_V1.1.0, X-CUBE-AZRTOS-F7_V1.1.0, X-CUBE-AZRTOS-G0_V1.1.0, X-CUBE-AZRTOS-G4_V2.0.0, X-CUBE-AZRTOS-H7RS_V1.1.0, X-CUBE-AZRTOS-H7_V3.4.0, X-CUBE-AZRTOS-L4_V2.0.0, X-CUBE-AZRTOS-L5_V2.0.0, X-CUBE-AZRTOS-WB_V2.0.0, X-CUBE-AZRTOS-WL_V2.0.0, X-CUBE-BLE1_V7.1.0, X-CUBE-BLE2_V3.3.0, X-CUBE-BLEMGR_V4.1.0, X-CUBE-EEPRMA1_V5.2.0, X-CUBE-FREERTOS_V1.3.1, X-CUBE-GNSS1_V6.0.0, X-CUBE-MEMS1_V11.3.0, X-CUBE-NFC4_V3.0.0, X-CUBE-NFC7_V2.0.0, X-CUBE-SFXS2LP1_V4.0.0, X-CUBE-ST67W61_V1.0.0, X-CUBE-SUBG2_V5.0.0, X-CUBE-TOF1_V3.4.3]
2025-11-05 10:50:42,167 [INFO] DbBoardsSqlite:226 - include board P-NUCLEO-WB55-NUCLEO as a kit item of type 'Nucleo-64'
2025-11-05 10:50:42,168 [INFO] DbBoardsSqlite:226 - include board P-NUCLEO-WB55-USBDONGLE as a kit item of type 'Nucleo USB Dongle'
2025-11-05 10:50:42,169 [INFO] DbBoardsSqlite:226 - include board STEVAL-IDP005V1 as a kit item of type 'Evaluation Board'
2025-11-05 10:50:42,170 [INFO] DbBoardsSqlite:226 - include board STEVAL-IDP005V2 as a kit item of type 'Evaluation Board'
2025-11-05 10:50:42,342 [INFO] ApiDb:240 - Found 483 in-development CPN: [B-G473E-ZEST1S, B-WB1M-WPAN1, B-WL5M-SUBG1, NUCLEO-C031C6, NUCLEO-H503RB, NUCLEO-H533RE, NUCLEO-H563ZI, NUCLEO-H7S3L8, NUCLEO-U031R8, NUCLEO-U083RC, NUCLEO-U545RE-Q, NUCLEO-U5A5ZJ-Q, NUCLEO-WBA52CG, NUCLEO-WBA55CG, STEVAL-PROTEUS1, STEVAL-SMARTAG2, STEVAL-STWINBX1, STM320518-EVAL, STM32C0116-DK, STM32C011D6Y3TR, STM32C011D6Y6TR, STM32C011F4P3, STM32C011F4P6, STM32C011F4U3, STM32C011F4U6TR, STM32C011F6P3, STM32C011F6P6, STM32C011F6U3, STM32C011F6U6TR, STM32C011J4M3, STM32C011J4M6, STM32C011J6M3, STM32C011J6M6, STM32C0316-DK, STM32C031C4T3, STM32C031C4T6, STM32C031C4U3, STM32C031C4U6, STM32C031C6T3, STM32C031C6T6, STM32C031C6U3, STM32C031C6U6, STM32C031F4P3, STM32C031F4P6, STM32C031F6P3, STM32C031F6P6, STM32C031G4U3, STM32C031G4U6, STM32C031G6U3, STM32C031G6U6, STM32C031K4T3, STM32C031K4T6, STM32C031K4U3, STM32C031K4U6, STM32C031K6T3, STM32C031K6T6, STM32C031K6U3, STM32C031K6U6, STM32G071K8TXN, STM32G071K8UXN, STM32G081GBU6N, STM32G081KBT6N, STM32G081KBUXN, STM32G0B1CCT6N, STM32G0B1KCT6, STM32G0B1NEY6TR, STM32G0B1RCT6N, STM32G0C1CCT6, STM32G0C1CCT6N, STM32G0C1CCU6N, STM32G0C1CET6N, STM32G0C1CEU6N, STM32G0C1KCT6, STM32G0C1NEY6TR, STM32G0C1RCI6N, STM32G0C1RCT6N, STM32G0C1REI6N, STM32G0C1RET6N, STM32G0C1VCI6, STM32G0C1VEI6, STM32G471CCT6, STM32G471CCU6, STM32G471CET3, STM32G471CET6, STM32G471CEU3, STM32G471CEU6, STM32G471MCT6, STM32G471MET3, STM32G471MET6, STM32G471MEY6TR, STM32G471QCT6, STM32G471QET3, STM32G471RCT6, STM32G471RET3, STM32G471RET6, STM32G471VCH6, STM32G471VCI6, STM32G471VCT6, STM32G471VEH3, STM32G471VEH6, STM32G471VEI3, STM32G471VEI6, STM32G471VET3, STM32G471VET6, STM32G474CCT6, STM32H503CBT6, STM32H503CBU6, STM32H503EBY6TR, STM32H503KBU6, STM32H503RBT6, STM32H523CCT6, STM32H523CCU6, STM32H523CET6, STM32H523CEU6, STM32H523HEY6TR, STM32H523RCT6, STM32H523RET6, STM32H523VCI6, STM32H523VCT6, STM32H523VEI6, STM32H523VET6, STM32H523ZCJ6, STM32H523ZCT6, STM32H523ZEJ6, STM32H523ZET6, STM32H533CET6, STM32H533CEU6, STM32H533HEY6TR, STM32H533RET6, STM32H533VEI6, STM32H533VET6, STM32H533ZEJ6, STM32H533ZET6, STM32H562AGI6, STM32H562AII6, STM32H562IGK6, STM32H562IGT6, STM32H562IIK6, STM32H562IIT6, STM32H562RGT6, STM32H562RGV6, STM32H562RIT6, STM32H562RIV6, STM32H562VGT6, STM32H562VIT6, STM32H562ZGT6, STM32H562ZIT6, STM32H563AGI6, STM32H563AII3Q, STM32H563AII6, STM32H563IGK6, STM32H563IGT6, STM32H563IIK3Q, STM32H563IIK6, STM32H563IIT3Q, STM32H563IIT6, STM32H563MIY3QTR, STM32H563RGT6, STM32H563RGV6, STM32H563RIT6, STM32H563RIV6, STM32H563VGT6, STM32H563VIT3Q, STM32H563VIT6, STM32H563ZGT6, STM32H563ZIT3Q, STM32H563ZIT6, STM32H573AII3Q, STM32H573AII6, STM32H573I-DK, STM32H573IIK3Q, STM32H573IIK6, STM32H573IIT3Q, STM32H573IIT6, STM32H573MIY3QTR, STM32H573RIT6, STM32H573RIV6, STM32H573VIT3Q, STM32H573VIT6, STM32H573ZIT3Q, STM32H573ZIT6, STM32H7R3A8I6, STM32H7R3I8K6, STM32H7R3I8T6, STM32H7R3L8H6, STM32H7R3L8H6H, STM32H7R3R8V6, STM32H7R3V8H6, STM32H7R3V8T6, STM32H7R3V8Y6, STM32H7R3Z8J6, STM32H7R3Z8T6, STM32H7R7A8I6, STM32H7R7I8K6, STM32H7R7I8T6, STM32H7R7L8H6, STM32H7R7L8H6H, STM32H7R7Z8J6, STM32H7S3A8I6, STM32H7S3I8K6, STM32H7S3I8T6, STM32H7S3L8H6, STM32H7S3L8H6H, STM32H7S3R8V6, STM32H7S3V8H6, STM32H7S3V8T6, STM32H7S3V8Y6, STM32H7S3Z8J6, STM32H7S3Z8T6, STM32H7S78-DK, STM32H7S7A8I6, STM32H7S7I8K6, STM32H7S7I8T6, STM32H7S7L8H6, STM32H7S7L8H6H, STM32H7S7Z8J6, STM32L4R5QGI6STR, STM32MP131AAE3, STM32MP131AAF3, STM32MP131AAG3, STM32MP131CAE3, STM32MP131CAF3, STM32MP131CAG3, STM32MP131DAE7, STM32MP131DAF7, STM32MP131DAG7, STM32MP131FAE7, STM32MP131FAF7, STM32MP131FAG7, STM32MP133AAE3, STM32MP133AAF3, STM32MP133AAG3, STM32MP133CAE3, STM32MP133CAF3, STM32MP133CAG3, STM32MP133DAE7, STM32MP133DAF7, STM32MP133DAG7, STM32MP133FAE7, STM32MP133FAF7, STM32MP133FAG7, STM32MP135AAE3, STM32MP135AAF3, STM32MP135AAG3, STM32MP135CAE3, STM32MP135CAF3, STM32MP135CAG3, STM32MP135DAE7, STM32MP135DAF7, STM32MP135DAG7, STM32MP135F-DK, STM32MP135FAE7, STM32MP135FAF7, STM32MP135FAF7T, STM32MP135FAF7U, STM32MP135FAG7, STM32U031C6T6, STM32U031C6U6, STM32U031C8T6, STM32U031C8U6, STM32U031F4P6, STM32U031F6P6, STM32U031F8P6, STM32U031G6Y6TR, STM32U031G8Y6TR, STM32U031K4U6, STM32U031K6U6, STM32U031K8U6, STM32U031R6I6, STM32U031R6T6, STM32U031R8I6, STM32U031R8T6, STM32U073C8T6, STM32U073C8U6, STM32U073CBT6, STM32U073CBU6, STM32U073CCT6, STM32U073CCU6, STM32U073H8Y6TR, STM32U073HBY6TR, STM32U073HCY6TR, STM32U073K8U6, STM32U073KBU6, STM32U073KCU6, STM32U073M8I6, STM32U073M8T6, STM32U073MBI6, STM32U073MBT6, STM32U073MCI6, STM32U073MCT6, STM32U073R8I6, STM32U073R8T6, STM32U073RBI6, STM32U073RBT6, STM32U073RCI6, STM32U073RCT6, STM32U083C-DK, STM32U083CCT6, STM32U083CCU6, STM32U083HCY6TR, STM32U083KCU6, STM32U083MCI6, STM32U083MCT6, STM32U083RCI6, STM32U083RCT6, STM32U535CBT6, STM32U535CBT6Q, STM32U535CBU6, STM32U535CBU6Q, STM32U535CCT6, STM32U535CCT6Q, STM32U535CCU6, STM32U535CCU6Q, STM32U535CET6, STM32U535CET6Q, STM32U535CEU6, STM32U535CEU6Q, STM32U535JEY6QTR, STM32U535NCY6QTR, STM32U535NEY6QTR, STM32U535RBI6, STM32U535RBI6Q, STM32U535RBT6, STM32U535RBT6Q, STM32U535RCI6, STM32U535RCI6Q, STM32U535RCT6, STM32U535RCT6Q, STM32U535REI6, STM32U535REI6Q, STM32U535RET6, STM32U535RET6Q, STM32U535VCI6, STM32U535VCI6Q, STM32U535VCT6, STM32U535VCT6Q, STM32U535VEI6, STM32U535VEI6Q, STM32U535VET6, STM32U535VET6Q, STM32U545CET6, STM32U545CET6Q, STM32U545CEU6, STM32U545CEU6Q, STM32U545JEY6QTR, STM32U545NEY6QTR, STM32U545REI6, STM32U545REI6Q, STM32U545RET6, STM32U545RET6Q, STM32U545VEI6, STM32U545VEI6Q, STM32U545VET6, STM32U545VET6Q, STM32U595AIH6, STM32U595AIH6Q, STM32U595AJH6, STM32U595AJH6Q, STM32U595QII6, STM32U595QII6Q, STM32U595QJI6, STM32U595QJI6Q, STM32U595RIT6, STM32U595RIT6Q, STM32U595RJT6, STM32U595RJT6Q, STM32U595VIT6, STM32U595VIT6Q, STM32U595VJT6, STM32U595VJT6Q, STM32U595ZIT6, STM32U595ZIT6Q, STM32U595ZIY6QTR, STM32U595ZJT6, STM32U595ZJT6Q, STM32U595ZJY6QTR, STM32U599BJY6QTR, STM32U599NIH6Q, STM32U599NJH6Q, STM32U599VIT6Q, STM32U599VJT6, STM32U599VJT6Q, STM32U599ZIT6Q, STM32U599ZIY6QTR, STM32U599ZJT6Q, STM32U599ZJY6QTR, STM32U5A5AJH6, STM32U5A5AJH6Q, STM32U5A5QII3Q , STM32U5A5QJI6, STM32U5A5QJI6Q, STM32U5A5RJT6, STM32U5A5RJT6Q, STM32U5A5VJT6, STM32U5A5VJT6Q, STM32U5A5ZJT6, STM32U5A5ZJT6Q, STM32U5A5ZJY6QTR, STM32U5A9BJY6QTR, STM32U5A9J-DK, STM32U5A9NJH6Q, STM32U5A9VJT6Q, STM32U5A9ZJT6Q, STM32U5A9ZJY6QTR, STM32U5F7VIT6, STM32U5F7VIT6Q, STM32U5F7VJT6, STM32U5F7VJT6Q, STM32U5F9BJY6QTR, STM32U5F9NJH6Q, STM32U5F9VIT6Q, STM32U5F9VJT6Q, STM32U5F9ZIJ6QTR, STM32U5F9ZIT6Q, STM32U5F9ZJJ6QTR, STM32U5F9ZJT6Q, STM32U5G7VJT6, STM32U5G7VJT6Q, STM32U5G9BJY6QTR, STM32U5G9J-DK1, STM32U5G9J-DK2, STM32U5G9NJH6Q, STM32U5G9VJT6Q, STM32U5G9ZJJ6QTR, STM32U5G9ZJT6Q, STM32WB1MMCH6, STM32WBA50KEU6, STM32WBA50KEU6TR, STM32WBA50KGU6, STM32WBA50KGU6TR, STM32WBA52CEU6, STM32WBA52CEU6TR, STM32WBA52CEU7, STM32WBA52CEU7TR, STM32WBA52CGU6, STM32WBA52CGU6TR, STM32WBA52CGU6U, STM32WBA52CGU7, STM32WBA52CGU7TR, STM32WBA52KEU6, STM32WBA52KEU6TR, STM32WBA52KGU6, STM32WBA52KGU6TR, STM32WBA54CEU6, STM32WBA54CEU6TR, STM32WBA54CEU7, STM32WBA54CEU7TR, STM32WBA54CGU6, STM32WBA54CGU6TR, STM32WBA54CGU7, STM32WBA54CGU7TR, STM32WBA54KEU6, STM32WBA54KEU6TR, STM32WBA54KEU7, STM32WBA54KEU7TR, STM32WBA54KGU6, STM32WBA54KGU6TR, STM32WBA54KGU7, STM32WBA54KGU7TR, STM32WBA55CEU6, STM32WBA55CEU6TR, STM32WBA55CEU7, STM32WBA55CEU7TR, STM32WBA55CGU6, STM32WBA55CGU6TR, STM32WBA55CGU6U, STM32WBA55CGU7, STM32WBA55CGU7TR, STM32WBA55G-DK1, STM32WBA55HEF6, STM32WBA55HEF7, STM32WBA55HGF6, STM32WBA55HGF7, STM32WBA55UEI6, STM32WBA55UEI6TR, STM32WBA55UEI7, STM32WBA55UEI7TR, STM32WBA55UGI6, STM32WBA55UGI6TR, STM32WBA55UGI7, STM32WBA55UGI7TR, STM32WL5MOCH6, STM32WL5MOCH6TR]
2025-11-05 10:50:42,346 [INFO] ApiDb:668 - CubeFinder database Data Model version=2.1
2025-11-05 10:50:42,347 [INFO] ApiDb:669 - CubeFinder database Configuration version=3.0.39
2025-11-05 10:50:42,347 [INFO] ApiDb:670 - CubeFinder database generation date=2025-08-25 (1756130511)
2025-11-05 10:50:42,347 [INFO] ApiDb:671 - CubeFinder database FW Pack versions=[FP-ATR-ASTRA1_V2.0.0, FP-SNS-FLIGHT1_V5.1.0, FP-SNS-MOTENV1_V5.0.0, FP-SNS-MOTENVWB1_V1.4.0, FP-SNS-SMARTAG2_V1.2.0, FP-SNS-STBOX1_V2.1.0, STM32Cube_FW_C0_V1.4.0, STM32Cube_FW_F4_V1.28.3, STM32Cube_FW_F7_V1.17.4, STM32Cube_FW_G0_V1.6.2, STM32Cube_FW_G4_V1.6.1, STM32Cube_FW_H5_V1.5.0, STM32Cube_FW_H7RS_V1.2.0, STM32Cube_FW_H7_V1.12.1, STM32Cube_FW_L0_V1.12.2, STM32Cube_FW_L4_V1.18.1, STM32Cube_FW_L5_V1.5.1, STM32Cube_FW_N6_V1.2.0, STM32Cube_FW_U0_V1.3.0, STM32Cube_FW_U3_V1.2.0, STM32Cube_FW_U5_V1.8.0, STM32Cube_FW_WB0_V1.3.0, STM32Cube_FW_WBA_V1.7.0, STM32Cube_FW_WB_V1.23.0, STM32Cube_FW_WL3_V1.2.0, STM32Cube_FW_WL_V1.3.1, X-CUBE-ALGOBUILD_V1.4.0, X-CUBE-ALS_V1.0.2, X-CUBE-AZRTOS-F4_V1.1.0, X-CUBE-AZRTOS-F7_V1.1.0, X-CUBE-AZRTOS-G0_V1.1.0, X-CUBE-AZRTOS-G4_V2.0.0, X-CUBE-AZRTOS-H7RS_V1.1.0, X-CUBE-AZRTOS-H7_V3.4.0, X-CUBE-AZRTOS-L4_V2.0.0, X-CUBE-AZRTOS-L5_V2.0.0, X-CUBE-AZRTOS-WB_V2.0.0, X-CUBE-AZRTOS-WL_V2.0.0, X-CUBE-BLE1_V7.1.0, X-CUBE-BLE2_V3.3.0, X-CUBE-BLEMGR_V4.1.0, X-CUBE-EEPRMA1_V5.2.0, X-CUBE-FREERTOS_V1.3.1, X-CUBE-GNSS1_V6.0.0, X-CUBE-MEMS1_V11.3.0, X-CUBE-NFC4_V3.0.0, X-CUBE-NFC7_V2.0.0, X-CUBE-SFXS2LP1_V4.0.0, X-CUBE-ST67W61_V1.0.0, X-CUBE-SUBG2_V5.0.0, X-CUBE-TOF1_V3.4.3]
2025-11-05 10:50:45,813 [INFO] ApiDb:240 - Found 483 in-development CPN: [B-G473E-ZEST1S, B-WB1M-WPAN1, B-WL5M-SUBG1, NUCLEO-C031C6, NUCLEO-H503RB, NUCLEO-H533RE, NUCLEO-H563ZI, NUCLEO-H7S3L8, NUCLEO-U031R8, NUCLEO-U083RC, NUCLEO-U545RE-Q, NUCLEO-U5A5ZJ-Q, NUCLEO-WBA52CG, NUCLEO-WBA55CG, STEVAL-PROTEUS1, STEVAL-SMARTAG2, STEVAL-STWINBX1, STM320518-EVAL, STM32C0116-DK, STM32C011D6Y3TR, STM32C011D6Y6TR, STM32C011F4P3, STM32C011F4P6, STM32C011F4U3, STM32C011F4U6TR, STM32C011F6P3, STM32C011F6P6, STM32C011F6U3, STM32C011F6U6TR, STM32C011J4M3, STM32C011J4M6, STM32C011J6M3, STM32C011J6M6, STM32C0316-DK, STM32C031C4T3, STM32C031C4T6, STM32C031C4U3, STM32C031C4U6, STM32C031C6T3, STM32C031C6T6, STM32C031C6U3, STM32C031C6U6, STM32C031F4P3, STM32C031F4P6, STM32C031F6P3, STM32C031F6P6, STM32C031G4U3, STM32C031G4U6, STM32C031G6U3, STM32C031G6U6, STM32C031K4T3, STM32C031K4T6, STM32C031K4U3, STM32C031K4U6, STM32C031K6T3, STM32C031K6T6, STM32C031K6U3, STM32C031K6U6, STM32G071K8TXN, STM32G071K8UXN, STM32G081GBU6N, STM32G081KBT6N, STM32G081KBUXN, STM32G0B1CCT6N, STM32G0B1KCT6, STM32G0B1NEY6TR, STM32G0B1RCT6N, STM32G0C1CCT6, STM32G0C1CCT6N, STM32G0C1CCU6N, STM32G0C1CET6N, STM32G0C1CEU6N, STM32G0C1KCT6, STM32G0C1NEY6TR, STM32G0C1RCI6N, STM32G0C1RCT6N, STM32G0C1REI6N, STM32G0C1RET6N, STM32G0C1VCI6, STM32G0C1VEI6, STM32G471CCT6, STM32G471CCU6, STM32G471CET3, STM32G471CET6, STM32G471CEU3, STM32G471CEU6, STM32G471MCT6, STM32G471MET3, STM32G471MET6, STM32G471MEY6TR, STM32G471QCT6, STM32G471QET3, STM32G471RCT6, STM32G471RET3, STM32G471RET6, STM32G471VCH6, STM32G471VCI6, STM32G471VCT6, STM32G471VEH3, STM32G471VEH6, STM32G471VEI3, STM32G471VEI6, STM32G471VET3, STM32G471VET6, STM32G474CCT6, STM32H503CBT6, STM32H503CBU6, STM32H503EBY6TR, STM32H503KBU6, STM32H503RBT6, STM32H523CCT6, STM32H523CCU6, STM32H523CET6, STM32H523CEU6, STM32H523HEY6TR, STM32H523RCT6, STM32H523RET6, STM32H523VCI6, STM32H523VCT6, STM32H523VEI6, STM32H523VET6, STM32H523ZCJ6, STM32H523ZCT6, STM32H523ZEJ6, STM32H523ZET6, STM32H533CET6, STM32H533CEU6, STM32H533HEY6TR, STM32H533RET6, STM32H533VEI6, STM32H533VET6, STM32H533ZEJ6, STM32H533ZET6, STM32H562AGI6, STM32H562AII6, STM32H562IGK6, STM32H562IGT6, STM32H562IIK6, STM32H562IIT6, STM32H562RGT6, STM32H562RGV6, STM32H562RIT6, STM32H562RIV6, STM32H562VGT6, STM32H562VIT6, STM32H562ZGT6, STM32H562ZIT6, STM32H563AGI6, STM32H563AII3Q, STM32H563AII6, STM32H563IGK6, STM32H563IGT6, STM32H563IIK3Q, STM32H563IIK6, STM32H563IIT3Q, STM32H563IIT6, STM32H563MIY3QTR, STM32H563RGT6, STM32H563RGV6, STM32H563RIT6, STM32H563RIV6, STM32H563VGT6, STM32H563VIT3Q, STM32H563VIT6, STM32H563ZGT6, STM32H563ZIT3Q, STM32H563ZIT6, STM32H573AII3Q, STM32H573AII6, STM32H573I-DK, STM32H573IIK3Q, STM32H573IIK6, STM32H573IIT3Q, STM32H573IIT6, STM32H573MIY3QTR, STM32H573RIT6, STM32H573RIV6, STM32H573VIT3Q, STM32H573VIT6, STM32H573ZIT3Q, STM32H573ZIT6, STM32H7R3A8I6, STM32H7R3I8K6, STM32H7R3I8T6, STM32H7R3L8H6, STM32H7R3L8H6H, STM32H7R3R8V6, STM32H7R3V8H6, STM32H7R3V8T6, STM32H7R3V8Y6, STM32H7R3Z8J6, STM32H7R3Z8T6, STM32H7R7A8I6, STM32H7R7I8K6, STM32H7R7I8T6, STM32H7R7L8H6, STM32H7R7L8H6H, STM32H7R7Z8J6, STM32H7S3A8I6, STM32H7S3I8K6, STM32H7S3I8T6, STM32H7S3L8H6, STM32H7S3L8H6H, STM32H7S3R8V6, STM32H7S3V8H6, STM32H7S3V8T6, STM32H7S3V8Y6, STM32H7S3Z8J6, STM32H7S3Z8T6, STM32H7S78-DK, STM32H7S7A8I6, STM32H7S7I8K6, STM32H7S7I8T6, STM32H7S7L8H6, STM32H7S7L8H6H, STM32H7S7Z8J6, STM32L4R5QGI6STR, STM32MP131AAE3, STM32MP131AAF3, STM32MP131AAG3, STM32MP131CAE3, STM32MP131CAF3, STM32MP131CAG3, STM32MP131DAE7, STM32MP131DAF7, STM32MP131DAG7, STM32MP131FAE7, STM32MP131FAF7, STM32MP131FAG7, STM32MP133AAE3, STM32MP133AAF3, STM32MP133AAG3, STM32MP133CAE3, STM32MP133CAF3, STM32MP133CAG3, STM32MP133DAE7, STM32MP133DAF7, STM32MP133DAG7, STM32MP133FAE7, STM32MP133FAF7, STM32MP133FAG7, STM32MP135AAE3, STM32MP135AAF3, STM32MP135AAG3, STM32MP135CAE3, STM32MP135CAF3, STM32MP135CAG3, STM32MP135DAE7, STM32MP135DAF7, STM32MP135DAG7, STM32MP135F-DK, STM32MP135FAE7, STM32MP135FAF7, STM32MP135FAF7T, STM32MP135FAF7U, STM32MP135FAG7, STM32U031C6T6, STM32U031C6U6, STM32U031C8T6, STM32U031C8U6, STM32U031F4P6, STM32U031F6P6, STM32U031F8P6, STM32U031G6Y6TR, STM32U031G8Y6TR, STM32U031K4U6, STM32U031K6U6, STM32U031K8U6, STM32U031R6I6, STM32U031R6T6, STM32U031R8I6, STM32U031R8T6, STM32U073C8T6, STM32U073C8U6, STM32U073CBT6, STM32U073CBU6, STM32U073CCT6, STM32U073CCU6, STM32U073H8Y6TR, STM32U073HBY6TR, STM32U073HCY6TR, STM32U073K8U6, STM32U073KBU6, STM32U073KCU6, STM32U073M8I6, STM32U073M8T6, STM32U073MBI6, STM32U073MBT6, STM32U073MCI6, STM32U073MCT6, STM32U073R8I6, STM32U073R8T6, STM32U073RBI6, STM32U073RBT6, STM32U073RCI6, STM32U073RCT6, STM32U083C-DK, STM32U083CCT6, STM32U083CCU6, STM32U083HCY6TR, STM32U083KCU6, STM32U083MCI6, STM32U083MCT6, STM32U083RCI6, STM32U083RCT6, STM32U535CBT6, STM32U535CBT6Q, STM32U535CBU6, STM32U535CBU6Q, STM32U535CCT6, STM32U535CCT6Q, STM32U535CCU6, STM32U535CCU6Q, STM32U535CET6, STM32U535CET6Q, STM32U535CEU6, STM32U535CEU6Q, STM32U535JEY6QTR, STM32U535NCY6QTR, STM32U535NEY6QTR, STM32U535RBI6, STM32U535RBI6Q, STM32U535RBT6, STM32U535RBT6Q, STM32U535RCI6, STM32U535RCI6Q, STM32U535RCT6, STM32U535RCT6Q, STM32U535REI6, STM32U535REI6Q, STM32U535RET6, STM32U535RET6Q, STM32U535VCI6, STM32U535VCI6Q, STM32U535VCT6, STM32U535VCT6Q, STM32U535VEI6, STM32U535VEI6Q, STM32U535VET6, STM32U535VET6Q, STM32U545CET6, STM32U545CET6Q, STM32U545CEU6, STM32U545CEU6Q, STM32U545JEY6QTR, STM32U545NEY6QTR, STM32U545REI6, STM32U545REI6Q, STM32U545RET6, STM32U545RET6Q, STM32U545VEI6, STM32U545VEI6Q, STM32U545VET6, STM32U545VET6Q, STM32U595AIH6, STM32U595AIH6Q, STM32U595AJH6, STM32U595AJH6Q, STM32U595QII6, STM32U595QII6Q, STM32U595QJI6, STM32U595QJI6Q, STM32U595RIT6, STM32U595RIT6Q, STM32U595RJT6, STM32U595RJT6Q, STM32U595VIT6, STM32U595VIT6Q, STM32U595VJT6, STM32U595VJT6Q, STM32U595ZIT6, STM32U595ZIT6Q, STM32U595ZIY6QTR, STM32U595ZJT6, STM32U595ZJT6Q, STM32U595ZJY6QTR, STM32U599BJY6QTR, STM32U599NIH6Q, STM32U599NJH6Q, STM32U599VIT6Q, STM32U599VJT6, STM32U599VJT6Q, STM32U599ZIT6Q, STM32U599ZIY6QTR, STM32U599ZJT6Q, STM32U599ZJY6QTR, STM32U5A5AJH6, STM32U5A5AJH6Q, STM32U5A5QII3Q , STM32U5A5QJI6, STM32U5A5QJI6Q, STM32U5A5RJT6, STM32U5A5RJT6Q, STM32U5A5VJT6, STM32U5A5VJT6Q, STM32U5A5ZJT6, STM32U5A5ZJT6Q, STM32U5A5ZJY6QTR, STM32U5A9BJY6QTR, STM32U5A9J-DK, STM32U5A9NJH6Q, STM32U5A9VJT6Q, STM32U5A9ZJT6Q, STM32U5A9ZJY6QTR, STM32U5F7VIT6, STM32U5F7VIT6Q, STM32U5F7VJT6, STM32U5F7VJT6Q, STM32U5F9BJY6QTR, STM32U5F9NJH6Q, STM32U5F9VIT6Q, STM32U5F9VJT6Q, STM32U5F9ZIJ6QTR, STM32U5F9ZIT6Q, STM32U5F9ZJJ6QTR, STM32U5F9ZJT6Q, STM32U5G7VJT6, STM32U5G7VJT6Q, STM32U5G9BJY6QTR, STM32U5G9J-DK1, STM32U5G9J-DK2, STM32U5G9NJH6Q, STM32U5G9VJT6Q, STM32U5G9ZJJ6QTR, STM32U5G9ZJT6Q, STM32WB1MMCH6, STM32WBA50KEU6, STM32WBA50KEU6TR, STM32WBA50KGU6, STM32WBA50KGU6TR, STM32WBA52CEU6, STM32WBA52CEU6TR, STM32WBA52CEU7, STM32WBA52CEU7TR, STM32WBA52CGU6, STM32WBA52CGU6TR, STM32WBA52CGU6U, STM32WBA52CGU7, STM32WBA52CGU7TR, STM32WBA52KEU6, STM32WBA52KEU6TR, STM32WBA52KGU6, STM32WBA52KGU6TR, STM32WBA54CEU6, STM32WBA54CEU6TR, STM32WBA54CEU7, STM32WBA54CEU7TR, STM32WBA54CGU6, STM32WBA54CGU6TR, STM32WBA54CGU7, STM32WBA54CGU7TR, STM32WBA54KEU6, STM32WBA54KEU6TR, STM32WBA54KEU7, STM32WBA54KEU7TR, STM32WBA54KGU6, STM32WBA54KGU6TR, STM32WBA54KGU7, STM32WBA54KGU7TR, STM32WBA55CEU6, STM32WBA55CEU6TR, STM32WBA55CEU7, STM32WBA55CEU7TR, STM32WBA55CGU6, STM32WBA55CGU6TR, STM32WBA55CGU6U, STM32WBA55CGU7, STM32WBA55CGU7TR, STM32WBA55G-DK1, STM32WBA55HEF6, STM32WBA55HEF7, STM32WBA55HGF6, STM32WBA55HGF7, STM32WBA55UEI6, STM32WBA55UEI6TR, STM32WBA55UEI7, STM32WBA55UEI7TR, STM32WBA55UGI6, STM32WBA55UGI6TR, STM32WBA55UGI7, STM32WBA55UGI7TR, STM32WL5MOCH6, STM32WL5MOCH6TR]
2025-11-05 10:50:45,818 [INFO] DbMcus:218 - Found 4733 MCUs, 4733 are supported
2025-11-05 10:50:45,818 [INFO] ApiDb:423 - Load user favorites file C:\Users\racin/.stm32cubeide/favorites.mcus.txt: 0 item(s)
2025-11-05 10:50:45,819 [INFO] ApiDb:427 - User favorites MCUs=[]
2025-11-05 10:50:45,819 [INFO] DbMcus:224 - Set 0 / 0 favorites MCUs
2025-11-05 10:50:46,301 [INFO] BoardInfo:889 - No configuration file found for board B-WBA5M-WPAN
2025-11-05 10:50:46,302 [INFO] DbBoards:161 - Board is not supported: B-WBA5M-WPAN
2025-11-05 10:50:46,310 [INFO] BoardInfo:889 - No configuration file found for board NUCLEO-C051C8
2025-11-05 10:50:46,311 [INFO] DbBoards:161 - Board is not supported: NUCLEO-C051C8
2025-11-05 10:50:46,313 [INFO] BoardInfo:889 - No configuration file found for board NUCLEO-C071RB
2025-11-05 10:50:46,313 [INFO] DbBoards:161 - Board is not supported: NUCLEO-C071RB
2025-11-05 10:50:46,315 [INFO] BoardInfo:889 - No configuration file found for board NUCLEO-C092RC
2025-11-05 10:50:46,315 [INFO] DbBoards:161 - Board is not supported: NUCLEO-C092RC
2025-11-05 10:50:46,486 [INFO] BoardInfo:889 - No configuration file found for board NUCLEO-N657X0-Q
2025-11-05 10:50:46,487 [INFO] DbBoards:161 - Board is not supported: NUCLEO-N657X0-Q
2025-11-05 10:50:46,497 [INFO] BoardInfo:889 - No configuration file found for board NUCLEO-U385RG-Q
2025-11-05 10:50:46,498 [INFO] DbBoards:161 - Board is not supported: NUCLEO-U385RG-Q
2025-11-05 10:50:46,511 [INFO] BoardInfo:889 - No configuration file found for board NUCLEO-WB05KZ
2025-11-05 10:50:46,511 [INFO] DbBoards:161 - Board is not supported: NUCLEO-WB05KZ
2025-11-05 10:50:46,513 [INFO] BoardInfo:889 - No configuration file found for board NUCLEO-WB07CC
2025-11-05 10:50:46,513 [INFO] DbBoards:161 - Board is not supported: NUCLEO-WB07CC
2025-11-05 10:50:46,515 [INFO] BoardInfo:889 - No configuration file found for board NUCLEO-WB09KE
2025-11-05 10:50:46,515 [INFO] DbBoards:161 - Board is not supported: NUCLEO-WB09KE
2025-11-05 10:50:46,530 [INFO] BoardInfo:889 - No configuration file found for board NUCLEO-WBA65RI
2025-11-05 10:50:46,530 [INFO] DbBoards:161 - Board is not supported: NUCLEO-WBA65RI
2025-11-05 10:50:46,533 [INFO] BoardInfo:889 - No configuration file found for board NUCLEO-WL33CC1
2025-11-05 10:50:46,533 [INFO] DbBoards:161 - Board is not supported: NUCLEO-WL33CC1
2025-11-05 10:50:46,535 [INFO] BoardInfo:889 - No configuration file found for board NUCLEO-WL33CC2
2025-11-05 10:50:46,536 [INFO] DbBoards:161 - Board is not supported: NUCLEO-WL33CC2
2025-11-05 10:50:46,552 [INFO] BoardInfo:889 - No configuration file found for board P-NUCLEO-WB55
2025-11-05 10:50:46,552 [INFO] DbBoards:161 - Kit is not supported: P-NUCLEO-WB55
2025-11-05 10:50:46,566 [INFO] BoardInfo:889 - No configuration file found for board STEVAL-BFA001V1B
2025-11-05 10:50:46,566 [INFO] DbBoards:161 - Kit is not supported: STEVAL-BFA001V1B
2025-11-05 10:50:46,568 [INFO] BoardInfo:889 - No configuration file found for board STEVAL-BFA001V2B
2025-11-05 10:50:46,568 [INFO] DbBoards:161 - Kit is not supported: STEVAL-BFA001V2B
2025-11-05 10:50:46,790 [INFO] BoardInfo:889 - No configuration file found for board STM32MP257F-DK
2025-11-05 10:50:46,791 [INFO] DbBoards:161 - Board is not supported: STM32MP257F-DK
2025-11-05 10:50:46,792 [INFO] BoardInfo:889 - No configuration file found for board STM32MP257F-EV1
2025-11-05 10:50:46,793 [INFO] DbBoards:161 - Board is not supported: STM32MP257F-EV1
2025-11-05 10:50:46,794 [INFO] BoardInfo:889 - No configuration file found for board STM32N6570-DK
2025-11-05 10:50:46,794 [INFO] DbBoards:161 - Board is not supported: STM32N6570-DK
2025-11-05 10:50:46,812 [INFO] BoardInfo:889 - No configuration file found for board STM32WBA65I-DK1
2025-11-05 10:50:46,812 [INFO] DbBoards:161 - Board is not supported: STM32WBA65I-DK1
2025-11-05 10:50:46,812 [INFO] DbBoards:168 - Found 211 boards, 192 are supported
2025-11-05 10:50:46,812 [INFO] DbBoards:169 - Found 211 boards, 8 of them is supported for  Bsp
2025-11-05 10:50:46,817 [INFO] ApiDb:423 - Load user favorites file C:\Users\racin/.stm32cubeide/favorites.boards.txt: 0 item(s)
2025-11-05 10:50:46,817 [INFO] ApiDb:427 - User favorites Boards=[]
2025-11-05 10:50:46,818 [INFO] DbBoards:198 - Set 0 / 0 favorites Boards
2025-11-05 10:50:46,884 [INFO] UtilMem:75 - End LoadConfig() Used Memory: 808970760 Bytes (1073741824)
2025-11-05 10:50:47,183 [WARN] ThirdParty:833 - waiting for thirdparty lock release [change project]
2025-11-05 10:50:47,184 [INFO] ThirdParty:835 - entering critical section [change project]
2025-11-05 10:50:47,184 [INFO] ThirdParty:1030 - CMSIS Pack Vendor :STMicroelectronics X-CUBE-PM33A1 1.0.0
2025-11-05 10:50:47,184 [INFO] ThirdParty:1030 - CMSIS Pack Vendor :STMicroelectronics USBPD 4.1
2025-11-05 10:50:47,184 [INFO] ThirdParty:1030 - CMSIS Pack Vendor :STMicroelectronics X-CUBE-GNSS1 6.0.0
2025-11-05 10:50:47,184 [INFO] ThirdParty:1030 - CMSIS Pack Vendor :STMicroelectronics USB_HOST 2.0.0
2025-11-05 10:50:47,184 [INFO] ThirdParty:1030 - CMSIS Pack Vendor :STMicroelectronics FP-SNS-MOTENVWB1 1.4.0
2025-11-05 10:50:47,184 [INFO] ThirdParty:1030 - CMSIS Pack Vendor :STMicroelectronics X-CUBE-AZRTOS-F4 1.1.0
2025-11-05 10:50:47,184 [INFO] ThirdParty:1030 - CMSIS Pack Vendor :STMicroelectronics LIBJPEG 8.0.0
2025-11-05 10:50:47,184 [INFO] ThirdParty:1030 - CMSIS Pack Vendor :STMicroelectronics FP-ATR-ASTRA1 2.0.2
2025-11-05 10:50:47,184 [INFO] ThirdParty:1030 - CMSIS Pack Vendor :STMicroelectronics X-CUBE-SMBUS 2.1.0
2025-11-05 10:50:47,184 [INFO] ThirdParty:1030 - CMSIS Pack Vendor :STMicroelectronics X-CUBE-WB05N 1.1.0
2025-11-05 10:50:47,185 [INFO] ThirdParty:1030 - CMSIS Pack Vendor :STMicroelectronics X-CUBE-ISPU 2.1.0
2025-11-05 10:50:47,185 [INFO] ThirdParty:1030 - CMSIS Pack Vendor :STMicroelectronics X-CUBE-FREERTOS 1.2.0
2025-11-05 10:50:47,185 [INFO] ThirdParty:1030 - CMSIS Pack Vendor :STMicroelectronics X-CUBE-NFC12 1.0.0
2025-11-05 10:50:47,185 [INFO] ThirdParty:1030 - CMSIS Pack Vendor :STMicroelectronics X-CUBE-TOUCHGFX 4.23.2
2025-11-05 10:50:47,185 [INFO] ThirdParty:1030 - CMSIS Pack Vendor :STMicroelectronics X-CUBE-AZRTOS-F7 1.1.0
2025-11-05 10:50:47,185 [INFO] ThirdParty:1030 - CMSIS Pack Vendor :STMicroelectronics X-CUBE-AZRTOS-L5 2.0.0
2025-11-05 10:50:47,185 [INFO] ThirdParty:1030 - CMSIS Pack Vendor :STMicroelectronics USB_DEVICE 2.0.0
2025-11-05 10:50:47,185 [INFO] ThirdParty:1030 - CMSIS Pack Vendor :STMicroelectronics X-CUBE-NFC6 3.1.0
2025-11-05 10:50:47,185 [INFO] ThirdParty:1030 - CMSIS Pack Vendor :STMicroelectronics X-CUBE-MEMS1 11.0.0
2025-11-05 10:50:47,185 [INFO] ThirdParty:1030 - CMSIS Pack Vendor :STMicroelectronics FreeRTOS 0.0.1
2025-11-05 10:50:47,185 [INFO] ThirdParty:1030 - CMSIS Pack Vendor :STMicroelectronics X-CUBE-DPower 1.2.0
2025-11-05 10:50:47,185 [INFO] ThirdParty:1030 - CMSIS Pack Vendor :STMicroelectronics FP-SNS-FLIGHT1 5.0.2
2025-11-05 10:50:47,185 [INFO] ThirdParty:1030 - CMSIS Pack Vendor :STMicroelectronics X-CUBE-AI 9.0.0
2025-11-05 10:50:47,185 [INFO] ThirdParty:1030 - CMSIS Pack Vendor :STMicroelectronics PDM2PCM 3.3.0
2025-11-05 10:50:47,185 [INFO] ThirdParty:1030 - CMSIS Pack Vendor :STMicroelectronics X-CUBE-AZRTOS-H7 3.4.0
2025-11-05 10:50:47,185 [INFO] ThirdParty:1030 - CMSIS Pack Vendor :STMicroelectronics X-CUBE-DISPLAY 3.0.0
2025-11-05 10:50:47,185 [INFO] ThirdParty:1030 - CMSIS Pack Vendor :STMicroelectronics X-CUBE-BLE1 7.0.0
2025-11-05 10:50:47,185 [INFO] ThirdParty:1030 - CMSIS Pack Vendor :STMicroelectronics X-CUBE-NFC10 1.0.0
2025-11-05 10:50:47,185 [INFO] ThirdParty:1030 - CMSIS Pack Vendor :STMicroelectronics X-CUBE-BLEMGR 4.0.0
2025-11-05 10:50:47,185 [INFO] ThirdParty:1030 - CMSIS Pack Vendor :STMicroelectronics X-CUBE-FREERTOS 1.3.1
2025-11-05 10:50:47,185 [INFO] ThirdParty:1030 - CMSIS Pack Vendor :STMicroelectronics HAL Drivers 0.0.0
2025-11-05 10:50:47,186 [INFO] ThirdParty:1030 - CMSIS Pack Vendor :emotas I-CUBE-CANOPEN 1.3.0
2025-11-05 10:50:47,186 [INFO] ThirdParty:1030 - CMSIS Pack Vendor :STMicroelectronics X-CUBE-FREERTOS 1.3.0
2025-11-05 10:50:47,186 [INFO] ThirdParty:1030 - CMSIS Pack Vendor :STMicroelectronics X-CUBE-NFC7 1.0.1
2025-11-05 10:50:47,186 [INFO] ThirdParty:1030 - CMSIS Pack Vendor :STMicroelectronics MBEDTLS 2.14.1
2025-11-05 10:50:47,186 [INFO] ThirdParty:1030 - CMSIS Pack Vendor :STMicroelectronics X-CUBE-GNSS1 7.1.0
2025-11-05 10:50:47,186 [INFO] ThirdParty:1030 - CMSIS Pack Vendor :wolfSSL I-CUBE-wolfTPM 3.2.0
2025-11-05 10:50:47,186 [INFO] ThirdParty:1030 - CMSIS Pack Vendor :STMicroelectronics X-CUBE-TOUCHGFX 4.26.0
2025-11-05 10:50:47,186 [INFO] ThirdParty:1030 - CMSIS Pack Vendor :quantropi X-CUBE-qispace-sdk-base 2.0.0
2025-11-05 10:50:47,186 [INFO] ThirdParty:1030 - CMSIS Pack Vendor :STMicroelectronics X-CUBE-BLEMGR 3.1.0
2025-11-05 10:50:47,186 [INFO] ThirdParty:1030 - CMSIS Pack Vendor :STMicroelectronics X-CUBE-AI 10.0.0
2025-11-05 10:50:47,186 [INFO] ThirdParty:1030 - CMSIS Pack Vendor :STMicroelectronics FP-SNS-SMARTAG2 1.2.0
2025-11-05 10:50:47,186 [INFO] ThirdParty:1030 - CMSIS Pack Vendor :STMicroelectronics X-CUBE-MEMS1 11.1.0
2025-11-05 10:50:47,186 [INFO] ThirdParty:1030 - CMSIS Pack Vendor :STMicroelectronics X-CUBE-AZRTOS-WL 2.0.0
2025-11-05 10:50:47,186 [INFO] ThirdParty:1030 - CMSIS Pack Vendor :STMicroelectronics X-CUBE-DPower 1.3.0
2025-11-05 10:50:47,186 [INFO] ThirdParty:1030 - CMSIS Pack Vendor :STMicroelectronics FP-SNS-MOTENV1 5.0.0
2025-11-05 10:50:47,186 [INFO] ThirdParty:1030 - CMSIS Pack Vendor :STMicroelectronics USB_DEVICE 1.0.0
2025-11-05 10:50:47,186 [INFO] ThirdParty:1030 - CMSIS Pack Vendor :STMicroelectronics X-CUBE-AI 8.1.0
2025-11-05 10:50:47,186 [INFO] ThirdParty:1030 - CMSIS Pack Vendor :wolfSSL I-CUBE-wolfMQTT 1.19.0
2025-11-05 10:50:47,186 [INFO] ThirdParty:1030 - CMSIS Pack Vendor :STMicroelectronics X-CUBE-AZRTOS-L4 2.0.0
2025-11-05 10:50:47,187 [INFO] ThirdParty:1030 - CMSIS Pack Vendor :STMicroelectronics ThreadX 0.0.2
2025-11-05 10:50:47,187 [INFO] ThirdParty:1030 - CMSIS Pack Vendor :WES I-CUBE-Cesium 1.3.0
2025-11-05 10:50:47,187 [INFO] ThirdParty:1030 - CMSIS Pack Vendor :STMicroelectronics lwIP 2.1.2
2025-11-05 10:50:47,187 [INFO] ThirdParty:1030 - CMSIS Pack Vendor :STMicroelectronics X-CUBE-SFXS2LP1 4.0.0
2025-11-05 10:50:47,187 [INFO] ThirdParty:1030 - CMSIS Pack Vendor :STMicroelectronics X-CUBE-BLE2 3.3.0
2025-11-05 10:50:47,187 [INFO] ThirdParty:1030 - CMSIS Pack Vendor :STMicroelectronics PDM2PCM 3.2.0
2025-11-05 10:50:47,187 [INFO] ThirdParty:1030 - CMSIS Pack Vendor :STMicroelectronics X-CUBE-AZRTOS-H7 3.3.0
2025-11-05 10:50:47,187 [INFO] ThirdParty:1030 - CMSIS Pack Vendor :STMicroelectronics X-CUBE-NFC9 1.0.0
2025-11-05 10:50:47,187 [INFO] ThirdParty:1030 - CMSIS Pack Vendor :STMicroelectronics X-CUBE-BLE1 7.1.0
2025-11-05 10:50:47,187 [INFO] ThirdParty:1030 - CMSIS Pack Vendor :STMicroelectronics USB_DEVICE 3.0.0
2025-11-05 10:50:47,187 [INFO] ThirdParty:1030 - CMSIS Pack Vendor :STMicroelectronics X-CUBE-TCPP 4.1.0
2025-11-05 10:50:47,187 [INFO] ThirdParty:1030 - CMSIS Pack Vendor :STMicroelectronics X-CUBE-EEPRMA1 5.2.0
2025-11-05 10:50:47,187 [INFO] ThirdParty:1030 - CMSIS Pack Vendor :STMicroelectronics X-CUBE-IPS 3.0.0
2025-11-05 10:50:47,187 [INFO] ThirdParty:1030 - CMSIS Pack Vendor :STMicroelectronics X-CUBE-AZRTOS-WB 2.0.0
2025-11-05 10:50:47,187 [INFO] ThirdParty:1030 - CMSIS Pack Vendor :STMicroelectronics X-CUBE-GNSS1 7.0.0
2025-11-05 10:50:47,187 [INFO] ThirdParty:1030 - CMSIS Pack Vendor :STMicroelectronics X-CUBE-GNSS1 7.0.1
2025-11-05 10:50:47,187 [INFO] ThirdParty:1030 - CMSIS Pack Vendor :STMicroelectronics X-CUBE-TOUCHGFX 4.25.0
2025-11-05 10:50:47,187 [INFO] ThirdParty:1030 - CMSIS Pack Vendor :STMicroelectronics X-CUBE-AI 10.1.0
2025-11-05 10:50:47,187 [INFO] ThirdParty:1030 - CMSIS Pack Vendor :STMicroelectronics FP-SNS-STBOX1 2.0.0
2025-11-05 10:50:47,187 [INFO] ThirdParty:1030 - CMSIS Pack Vendor :STMicroelectronics X-CUBE-ALGOBUILD 1.3.0
2025-11-05 10:50:47,187 [INFO] ThirdParty:1030 - CMSIS Pack Vendor :STMicroelectronics X-CUBE-MEMS1 11.2.0
2025-11-05 10:50:47,187 [INFO] ThirdParty:1030 - CMSIS Pack Vendor :STMicroelectronics X-CUBE-AZRTOS-G0 1.1.0
2025-11-05 10:50:47,187 [INFO] ThirdParty:1030 - CMSIS Pack Vendor :STMicroelectronics X-CUBE-SAFEA1 1.2.2
2025-11-05 10:50:47,187 [INFO] ThirdParty:1030 - CMSIS Pack Vendor :STMicroelectronics X-CUBE-NFC4 3.0.0
2025-11-05 10:50:47,187 [INFO] ThirdParty:1030 - CMSIS Pack Vendor :STMicroelectronics X-CUBE-SUBG2 5.0.0
2025-11-05 10:50:47,187 [INFO] ThirdParty:1030 - CMSIS Pack Vendor :STMicroelectronics X-CUBE-AZRTOS-H7RS 1.1.0
2025-11-05 10:50:47,187 [INFO] ThirdParty:1030 - CMSIS Pack Vendor :STMicroelectronics STM32_WPAN 1.0.0
2025-11-05 10:50:47,187 [INFO] ThirdParty:1030 - CMSIS Pack Vendor :EmbeddedOffice I-CUBE-FS-RTOS 1.0.1
2025-11-05 10:50:47,188 [INFO] ThirdParty:1030 - CMSIS Pack Vendor :STMicroelectronics lwIP 2.0.3
2025-11-05 10:50:47,188 [INFO] ThirdParty:1030 - CMSIS Pack Vendor :Cesanta I-CUBE-Mongoose 7.13.0
2025-11-05 10:50:47,188 [INFO] ThirdParty:1030 - CMSIS Pack Vendor :STMicroelectronics USB_HOST 1.0.0
2025-11-05 10:50:47,188 [INFO] ThirdParty:1030 - CMSIS Pack Vendor :STMicroelectronics X-CUBE-AZRTOS-G4 2.0.0
2025-11-05 10:50:47,192 [INFO] ThirdParty:1030 - CMSIS Pack Vendor :STMicroelectronics X-CUBE-WB05N 2.0.0
2025-11-05 10:50:47,193 [INFO] ThirdParty:1030 - CMSIS Pack Vendor :STMicroelectronics PDM2PCM 3.1.0
2025-11-05 10:50:47,193 [INFO] ThirdParty:1030 - CMSIS Pack Vendor :STMicroelectronics X-CUBE-NFC7 2.0.0
2025-11-05 10:50:47,193 [INFO] ThirdParty:1030 - CMSIS Pack Vendor :RealThread X-CUBE-RT-Thread_Nano 4.1.1
2025-11-05 10:50:47,193 [INFO] ThirdParty:1030 - CMSIS Pack Vendor :wolfSSL I-CUBE-wolfSSL 5.7.0
2025-11-05 10:50:47,193 [INFO] ThirdParty:1030 - CMSIS Pack Vendor :STMicroelectronics FP-SNS-MOTENVWB1 1.3.1
2025-11-05 10:50:47,193 [INFO] ThirdParty:1030 - CMSIS Pack Vendor :STMicroelectronics FP-ATR-SIGFOX1 3.2.0
2025-11-05 10:50:47,193 [INFO] ThirdParty:1030 - CMSIS Pack Vendor :STMicroelectronics X-CUBE-ISPU 2.0.0
2025-11-05 10:50:47,193 [INFO] ThirdParty:1030 - CMSIS Pack Vendor :STMicroelectronics X-CUBE-EEPRMA1 5.1.0
2025-11-05 10:50:47,193 [INFO] ThirdParty:1030 - CMSIS Pack Vendor :STMicroelectronics MBEDTLS 2.16.2
2025-11-05 10:50:47,193 [INFO] ThirdParty:1030 - CMSIS Pack Vendor :STMicroelectronics X-CUBE-ALS 1.0.2
2025-11-05 10:50:47,193 [INFO] ThirdParty:1030 - CMSIS Pack Vendor :STMicroelectronics X-CUBE-MEMS1 10.0.0
2025-11-05 10:50:47,193 [INFO] ThirdParty:1030 - CMSIS Pack Vendor :STMicroelectronics X-CUBE-FREERTOS 1.1.0
2025-11-05 10:50:47,193 [INFO] ThirdParty:1030 - CMSIS Pack Vendor :STMicroelectronics X-CUBE-TOUCHGFX 4.24.0
2025-11-05 10:50:47,193 [INFO] ThirdParty:1030 - CMSIS Pack Vendor :ITTIA_DB I-CUBE-ITTIADB 8.9.0
2025-11-05 10:50:47,193 [INFO] ThirdParty:1030 - CMSIS Pack Vendor :STMicroelectronics X-CUBE-TOUCHGFX 4.24.1
2025-11-05 10:50:47,193 [INFO] ThirdParty:1030 - CMSIS Pack Vendor :STMicroelectronics X-CUBE-STSE01 1.0.0
2025-11-05 10:50:47,193 [INFO] ThirdParty:1030 - CMSIS Pack Vendor :portGmbH I-Cube-SoM-uGOAL 1.1.0
2025-11-05 10:50:47,193 [INFO] ThirdParty:1030 - CMSIS Pack Vendor :STMicroelectronics X-CUBE-ALS 1.0.1
2025-11-05 10:50:47,194 [INFO] ThirdParty:1030 - CMSIS Pack Vendor :STMicroelectronics X-CUBE-AI 10.2.0
2025-11-05 10:50:47,195 [INFO] ThirdParty:1030 - CMSIS Pack Vendor :STMicroelectronics ThreadX 1.0.0
2025-11-05 10:50:47,195 [INFO] ThirdParty:1030 - CMSIS Pack Vendor :SEGGER I-CUBE-embOS 1.3.1
2025-11-05 10:50:47,195 [INFO] ThirdParty:1030 - CMSIS Pack Vendor :STMicroelectronics X-CUBE-ALGOBUILD 1.4.0
2025-11-05 10:50:47,195 [INFO] ThirdParty:1030 - CMSIS Pack Vendor :STMicroelectronics X-CUBE-MEMS1 11.3.0
2025-11-05 10:50:47,195 [INFO] ThirdParty:1030 - CMSIS Pack Vendor :STMicroelectronics X-CUBE-AZRTOS-H7RS 1.0.0
2025-11-05 10:50:47,195 [INFO] ThirdParty:1030 - CMSIS Pack Vendor :STMicroelectronics FP-ATR-ASTRA1 2.0.0
2025-11-05 10:50:47,195 [INFO] ThirdParty:1030 - CMSIS Pack Vendor :STMicroelectronics X-CUBE-TOF1 3.4.2
2025-11-05 10:50:47,195 [INFO] ThirdParty:1030 - CMSIS Pack Vendor :STMicroelectronics X-CUBE-AI 9.1.0
2025-11-05 10:50:47,195 [INFO] ThirdParty:1030 - CMSIS Pack Vendor :STMicroelectronics X-CUBE-TOF1 3.4.1
2025-11-05 10:50:47,195 [INFO] ThirdParty:1030 - CMSIS Pack Vendor :STMicroelectronics X-CUBE-AZRTOS-H7 3.2.0
2025-11-05 10:50:47,195 [INFO] ThirdParty:1030 - CMSIS Pack Vendor :Infineon AIROC-Wi-Fi-Bluetooth-STM32 1.6.0
2025-11-05 10:50:47,195 [INFO] ThirdParty:1030 - CMSIS Pack Vendor :wolfSSL I-CUBE-wolfSSH 1.4.17
2025-11-05 10:50:47,196 [INFO] ThirdParty:841 - exiting critical section [change project]
2025-11-05 10:50:48,218 [INFO] PinOutPanel:1561 - setPackage(No Configuration,No Configuration)
2025-11-05 10:50:48,220 [INFO] PinOutPanel:1561 - setPackage(STM32F767VITx,LQFP100)
2025-11-05 10:50:50,011 [INFO] UtilMem:75 - Before build in PCC Used Memory: 845806056 Bytes (1073741824)
2025-11-05 10:50:51,495 [INFO] UtilMem:75 - After build in PCC Used Memory: 928865872 Bytes (1073741824)
2025-11-05 10:50:51,570 [INFO] IPUIPlugin:80 - create IPUIPlugin
2025-11-05 10:50:51,574 [INFO] IPUIPlugin:80 - create IPUIPlugin
2025-11-05 10:50:51,575 [INFO] IPUIPlugin:80 - create IPUIPlugin
2025-11-05 10:50:51,575 [INFO] IPUIPlugin:80 - create IPUIPlugin
2025-11-05 10:50:51,575 [INFO] IPUIPlugin:80 - create IPUIPlugin
2025-11-05 10:50:51,575 [INFO] IPUIPlugin:80 - create IPUIPlugin
2025-11-05 10:50:51,575 [INFO] IPUIPlugin:80 - create IPUIPlugin
2025-11-05 10:50:51,576 [INFO] IPUIPlugin:80 - create IPUIPlugin
2025-11-05 10:50:51,576 [INFO] IPUIPlugin:80 - create IPUIPlugin
2025-11-05 10:50:51,576 [INFO] IPUIPlugin:80 - create IPUIPlugin
2025-11-05 10:50:51,576 [INFO] IPUIPlugin:80 - create IPUIPlugin
2025-11-05 10:50:51,576 [INFO] IPUIPlugin:80 - create IPUIPlugin
2025-11-05 10:50:51,576 [INFO] IPUIPlugin:80 - create IPUIPlugin
2025-11-05 10:50:51,576 [INFO] IPUIPlugin:80 - create IPUIPlugin
2025-11-05 10:50:51,577 [INFO] IPUIPlugin:80 - create IPUIPlugin
2025-11-05 10:50:51,577 [INFO] IPUIPlugin:80 - create IPUIPlugin
2025-11-05 10:50:51,577 [INFO] IPUIPlugin:80 - create IPUIPlugin
2025-11-05 10:50:51,577 [INFO] IPUIPlugin:80 - create IPUIPlugin
2025-11-05 10:50:51,577 [INFO] IPUIPlugin:80 - create IPUIPlugin
2025-11-05 10:50:51,577 [INFO] IPUIPlugin:80 - create IPUIPlugin
2025-11-05 10:50:51,577 [INFO] IPUIPlugin:80 - create IPUIPlugin
2025-11-05 10:50:51,577 [INFO] IPUIPlugin:80 - create IPUIPlugin
2025-11-05 10:50:51,578 [INFO] IPUIPlugin:80 - create IPUIPlugin
2025-11-05 10:50:51,578 [INFO] IPUIPlugin:80 - create IPUIPlugin
2025-11-05 10:50:51,578 [INFO] IPUIPlugin:80 - create IPUIPlugin
2025-11-05 10:50:51,578 [INFO] IPUIPlugin:80 - create IPUIPlugin
2025-11-05 10:50:51,578 [INFO] IPUIPlugin:80 - create IPUIPlugin
2025-11-05 10:50:51,578 [INFO] IPUIPlugin:80 - create IPUIPlugin
2025-11-05 10:50:51,578 [INFO] IPUIPlugin:80 - create IPUIPlugin
2025-11-05 10:50:51,579 [INFO] IPUIPlugin:80 - create IPUIPlugin
2025-11-05 10:50:51,579 [INFO] IPUIPlugin:80 - create IPUIPlugin
2025-11-05 10:50:51,579 [INFO] IPUIPlugin:80 - create IPUIPlugin
2025-11-05 10:50:51,579 [INFO] IPUIPlugin:80 - create IPUIPlugin
2025-11-05 10:50:51,580 [INFO] IPUIPlugin:80 - create IPUIPlugin
2025-11-05 10:50:51,580 [INFO] IPUIPlugin:80 - create IPUIPlugin
2025-11-05 10:50:51,580 [INFO] IPUIPlugin:80 - create IPUIPlugin
2025-11-05 10:50:51,580 [INFO] IPUIPlugin:80 - create IPUIPlugin
2025-11-05 10:50:51,581 [INFO] IPUIPlugin:80 - create IPUIPlugin
2025-11-05 10:50:51,581 [INFO] IPUIPlugin:80 - create IPUIPlugin
2025-11-05 10:50:51,581 [INFO] IPUIPlugin:80 - create IPUIPlugin
2025-11-05 10:50:51,581 [INFO] IPUIPlugin:80 - create IPUIPlugin
2025-11-05 10:50:51,582 [INFO] IPUIPlugin:80 - create IPUIPlugin
2025-11-05 10:50:51,582 [INFO] IPUIPlugin:80 - create IPUIPlugin
2025-11-05 10:50:51,582 [INFO] IPUIPlugin:80 - create IPUIPlugin
2025-11-05 10:50:51,582 [INFO] IPUIPlugin:80 - create IPUIPlugin
2025-11-05 10:50:51,583 [INFO] IPUIPlugin:80 - create IPUIPlugin
2025-11-05 10:50:51,583 [INFO] IPUIPlugin:80 - create IPUIPlugin
2025-11-05 10:50:51,583 [INFO] IPUIPlugin:80 - create IPUIPlugin
2025-11-05 10:50:51,583 [INFO] IPUIPlugin:80 - create IPUIPlugin
2025-11-05 10:50:51,584 [INFO] IPUIPlugin:80 - create IPUIPlugin
2025-11-05 10:50:51,584 [INFO] IPUIPlugin:80 - create IPUIPlugin
2025-11-05 10:50:51,584 [INFO] IPUIPlugin:80 - create IPUIPlugin
2025-11-05 10:50:51,584 [INFO] IPUIPlugin:80 - create IPUIPlugin
2025-11-05 10:50:51,585 [INFO] IPUIPlugin:80 - create IPUIPlugin
2025-11-05 10:50:51,586 [INFO] IPUIPlugin:80 - create IPUIPlugin
2025-11-05 10:50:51,586 [INFO] IPUIPlugin:80 - create IPUIPlugin
2025-11-05 10:50:51,586 [INFO] IPUIPlugin:80 - create IPUIPlugin
2025-11-05 10:50:51,587 [INFO] IPUIPlugin:80 - create IPUIPlugin
2025-11-05 10:50:51,587 [INFO] IPUIPlugin:80 - create IPUIPlugin
2025-11-05 10:50:51,590 [INFO] IPUIPlugin:80 - create IPUIPlugin
2025-11-05 10:50:51,591 [INFO] IPUIPlugin:80 - create IPUIPlugin
2025-11-05 10:50:51,591 [INFO] IPUIPlugin:80 - create IPUIPlugin
2025-11-05 10:50:51,591 [INFO] IPUIPlugin:80 - create IPUIPlugin
2025-11-05 10:50:51,592 [INFO] IPUIPlugin:80 - create IPUIPlugin
2025-11-05 10:50:51,592 [INFO] IPUIPlugin:80 - create IPUIPlugin
2025-11-05 10:50:51,592 [INFO] IPUIPlugin:80 - create IPUIPlugin
2025-11-05 10:50:51,593 [INFO] IPUIPlugin:80 - create IPUIPlugin
2025-11-05 10:50:51,593 [INFO] IPUIPlugin:80 - create IPUIPlugin
2025-11-05 10:50:51,593 [INFO] IPUIPlugin:80 - create IPUIPlugin
2025-11-05 10:50:51,594 [INFO] IPUIPlugin:80 - create IPUIPlugin
2025-11-05 10:50:51,594 [INFO] IPUIPlugin:80 - create IPUIPlugin
2025-11-05 10:50:51,595 [INFO] IPUIPlugin:80 - create IPUIPlugin
2025-11-05 10:50:51,595 [INFO] IPUIPlugin:80 - create IPUIPlugin
2025-11-05 10:50:51,596 [INFO] IPUIPlugin:80 - create IPUIPlugin
2025-11-05 10:50:51,597 [INFO] IPUIPlugin:80 - create IPUIPlugin
2025-11-05 10:50:51,597 [INFO] IPUIPlugin:80 - create IPUIPlugin
2025-11-05 10:50:51,598 [INFO] IPUIPlugin:80 - create IPUIPlugin
2025-11-05 10:50:51,598 [INFO] IPUIPlugin:80 - create IPUIPlugin
2025-11-05 10:50:51,682 [INFO] ApiDbMcu:508 - Load IP Config File for PDM2PCM
2025-11-05 10:50:51,698 [INFO] Can:71 - Can Add PropertyChangeListener com.st.microxplorer.plugins.ip.can.Can@4c2797bd
2025-11-05 10:50:51,699 [INFO] Can:71 - Can Add PropertyChangeListener com.st.microxplorer.plugins.ip.can.Can@7431c13
2025-11-05 10:50:51,996 [INFO] CADModel:165 - CPN selected for project levelSTM32F767VIT7
2025-11-05 10:50:51,996 [INFO] CADModel:114 - Register for checkConnection events
2025-11-05 10:50:52,058 [INFO] OpenFileManager:343 - Restore cursor
2025-11-05 10:57:02,604 [INFO] NvicIntPanel:101 - NVIC parent = com.st.microxplorer.plugins.ip.nvic.MultiNvicIntPanel[,0,0,450x234,layout=javax.swing.BoxLayout,alignmentX=0.0,alignmentY=0.0,border=,flags=9,maximumSize=,minimumSize=,preferredSize=]
2025-11-05 10:57:03,738 [INFO] NvicIntPanel:101 - NVIC parent = com.st.microxplorer.plugins.ip.nvic.MultiNvicIntPanel[,0,0,0x0,invalid,layout=javax.swing.BoxLayout,alignmentX=0.0,alignmentY=0.0,border=,flags=9,maximumSize=,minimumSize=,preferredSize=]
2025-11-05 10:57:12,611 [INFO] ADCParametersView:116 -                Rank 1 : false
2025-11-05 10:57:12,749 [INFO] ADCParametersView:116 -                Rank 1 : false
2025-11-05 10:57:12,750 [INFO] ADCParametersView:116 -                Rank 1 : false
2025-11-05 10:57:12,750 [INFO] ADCParametersView:116 -                Rank 1 : false
2025-11-05 10:57:12,750 [INFO] ADCParametersView:116 -                Rank 1 : false
2025-11-05 10:57:12,751 [INFO] ADCParametersView:116 -                Rank 1 : false
2025-11-05 10:57:12,751 [INFO] ADCParametersView:116 -                Rank 1 : false
2025-11-05 10:57:12,751 [INFO] ADCParametersView:116 -                Rank 1 : false
2025-11-05 10:57:12,751 [INFO] ADCParametersView:116 -                Rank 1 : false
2025-11-05 10:57:12,751 [INFO] ADCParametersView:116 -                Rank 1 : false
2025-11-05 10:57:12,752 [INFO] ADCParametersView:116 -                Rank 1 : false
2025-11-05 10:57:12,752 [INFO] ADCParametersView:116 -                Rank 1 : false
2025-11-05 10:57:12,752 [INFO] ADCParametersView:116 -                Rank 1 : false
2025-11-05 10:57:12,752 [INFO] ADCParametersView:116 -                Rank 1 : false
2025-11-05 10:57:12,752 [INFO] ADCParametersView:116 -                Rank 1 : false
2025-11-05 10:57:12,806 [INFO] ADCParametersView:116 -                Rank 1 : false
2025-11-05 10:57:16,674 [INFO] ADCParametersView:116 -                Rank 1 : false
2025-11-05 10:57:16,829 [INFO] ADCParametersView:116 -                Rank 1 : false
2025-11-05 10:57:16,829 [INFO] ADCParametersView:116 -                Rank 1 : false
2025-11-05 10:57:16,829 [INFO] ADCParametersView:116 -                Rank 1 : false
2025-11-05 10:57:16,829 [INFO] ADCParametersView:116 -                Rank 1 : false
2025-11-05 10:57:16,830 [INFO] ADCParametersView:116 -                Rank 1 : false
2025-11-05 10:57:16,830 [INFO] ADCParametersView:116 -                Rank 1 : false
2025-11-05 10:57:16,830 [INFO] ADCParametersView:116 -                Rank 1 : false
2025-11-05 10:57:16,830 [INFO] ADCParametersView:116 -                Rank 1 : false
2025-11-05 10:57:16,832 [INFO] ADCParametersView:116 -                Rank 1 : false
2025-11-05 10:57:16,832 [INFO] ADCParametersView:116 -                Rank 1 : false
2025-11-05 10:57:16,832 [INFO] ADCParametersView:116 -                Rank 1 : false
2025-11-05 10:57:16,832 [INFO] ADCParametersView:116 -                Rank 1 : false
2025-11-05 10:57:16,832 [INFO] ADCParametersView:116 -                Rank 1 : false
2025-11-05 10:57:16,832 [INFO] ADCParametersView:116 -                Rank 1 : false
2025-11-05 10:57:16,885 [INFO] ADCParametersView:116 -                Rank 1 : false
2025-11-05 10:57:26,418 [INFO] UtilMem:75 - End SaveConfig() Used Memory: 906682152 Bytes (1073741824)
2025-11-05 10:57:27,518 [INFO] UtilMem:75 - End SaveConfig() Used Memory: 715421176 Bytes (1073741824)
2025-11-05 10:57:28,840 [INFO] BlockDiagram:2759 - set Specific Code input for plugin: TIM1_8F77
2025-11-05 10:57:28,840 [INFO] BlockDiagram:2759 - set Specific Code input for plugin: TIM1_8F77
2025-11-05 10:57:28,840 [INFO] BlockDiagram:2759 - set Specific Code input for plugin: SYS
2025-11-05 10:57:28,840 [INFO] BlockDiagram:2759 - set Specific Code input for plugin: RCC
2025-11-05 10:57:28,840 [INFO] BlockDiagram:2759 - set Specific Code input for plugin: NVIC
2025-11-05 10:57:28,840 [INFO] BlockDiagram:2759 - set Specific Code input for plugin: USART
2025-11-05 10:57:28,840 [INFO] BlockDiagram:2759 - set Specific Code input for plugin: CORTEX_M7
2025-11-05 10:57:28,840 [INFO] BlockDiagram:2759 - set Specific Code input for plugin: GPIO
2025-11-05 10:57:28,842 [INFO] CodeGenerator:807 - code generatio: config db path: C:\ST\STM32CubeIDE_1.15.0\STM32CubeIDE\plugins\com.st.stm32cube.common.mx_6.11.0.202403141607\\db\
2025-11-05 10:57:29,084 [INFO] CodeEngine:255 - oldGeneratedFile, C:\Users\racin\Documents\GitHub\VCU_Firmware\VCU_Firmware\MXTmpFiles\license.tmp_save
2025-11-05 10:57:29,702 [INFO] CodeEngine:279 - Generated code: C:\Users\racin\Documents\GitHub\VCU_Firmware\VCU_Firmware\MXTmpFiles\license.tmp
2025-11-05 10:57:29,910 [INFO] CodeEngine:255 - oldGeneratedFile, C:\Users\racin\Documents\GitHub\VCU_Firmware\VCU_Firmware\Core\Src\gpio.c_save
2025-11-05 10:57:30,203 [INFO] CodeEngine:279 - Generated code: C:\Users\racin\Documents\GitHub\VCU_Firmware\VCU_Firmware\Core\Src\gpio.c
2025-11-05 10:57:30,232 [INFO] CodeEngine:255 - oldGeneratedFile, C:\Users\racin\Documents\GitHub\VCU_Firmware\VCU_Firmware\Core\Inc\gpio.h_save
2025-11-05 10:57:30,343 [INFO] CodeEngine:279 - Generated code: C:\Users\racin\Documents\GitHub\VCU_Firmware\VCU_Firmware\Core\Inc\gpio.h
2025-11-05 10:57:30,794 [INFO] CodeEngine:255 - oldGeneratedFile, C:\Users\racin\Documents\GitHub\VCU_Firmware\VCU_Firmware\MXTmpFiles\cortex.tmp_save
2025-11-05 10:57:30,982 [INFO] CodeEngine:279 - Generated code: C:\Users\racin\Documents\GitHub\VCU_Firmware\VCU_Firmware\MXTmpFiles\cortex.tmp
2025-11-05 10:57:31,013 [INFO] CodeEngine:255 - oldGeneratedFile, C:\Users\racin\Documents\GitHub\VCU_Firmware\VCU_Firmware\Core\Src\tim.c_save
2025-11-05 10:57:31,275 [INFO] CodeEngine:279 - Generated code: C:\Users\racin\Documents\GitHub\VCU_Firmware\VCU_Firmware\Core\Src\tim.c
2025-11-05 10:57:31,283 [INFO] CodeEngine:255 - oldGeneratedFile, C:\Users\racin\Documents\GitHub\VCU_Firmware\VCU_Firmware\Core\Inc\tim.h_save
2025-11-05 10:57:31,411 [INFO] CodeEngine:279 - Generated code: C:\Users\racin\Documents\GitHub\VCU_Firmware\VCU_Firmware\Core\Inc\tim.h
2025-11-05 10:57:31,423 [INFO] CodeEngine:255 - oldGeneratedFile, C:\Users\racin\Documents\GitHub\VCU_Firmware\VCU_Firmware\Core\Src\usart.c_save
2025-11-05 10:57:31,714 [INFO] CodeEngine:279 - Generated code: C:\Users\racin\Documents\GitHub\VCU_Firmware\VCU_Firmware\Core\Src\usart.c
2025-11-05 10:57:31,719 [INFO] CodeEngine:255 - oldGeneratedFile, C:\Users\racin\Documents\GitHub\VCU_Firmware\VCU_Firmware\Core\Inc\usart.h_save
2025-11-05 10:57:31,822 [INFO] CodeEngine:279 - Generated code: C:\Users\racin\Documents\GitHub\VCU_Firmware\VCU_Firmware\Core\Inc\usart.h
2025-11-05 10:57:31,859 [INFO] CodeEngine:255 - oldGeneratedFile, C:\Users\racin\Documents\GitHub\VCU_Firmware\VCU_Firmware\Core\Src\stm32f7xx_it.c_save
2025-11-05 10:57:32,085 [INFO] CodeEngine:279 - Generated code: C:\Users\racin\Documents\GitHub\VCU_Firmware\VCU_Firmware\Core\Src\stm32f7xx_it.c
2025-11-05 10:57:32,094 [INFO] CodeEngine:255 - oldGeneratedFile, C:\Users\racin\Documents\GitHub\VCU_Firmware\VCU_Firmware\Core\Inc\stm32f7xx_it.h_save
2025-11-05 10:57:32,191 [INFO] CodeEngine:279 - Generated code: C:\Users\racin\Documents\GitHub\VCU_Firmware\VCU_Firmware\Core\Inc\stm32f7xx_it.h
2025-11-05 10:57:32,230 [INFO] CodeEngine:255 - oldGeneratedFile, C:\Users\racin\Documents\GitHub\VCU_Firmware\VCU_Firmware\Core\Src\stm32f7xx_hal_msp.c_save
2025-11-05 10:57:32,350 [INFO] CodeEngine:279 - Generated code: C:\Users\racin\Documents\GitHub\VCU_Firmware\VCU_Firmware\Core\Src\stm32f7xx_hal_msp.c
2025-11-05 10:57:32,356 [INFO] CodeEngine:255 - oldGeneratedFile, C:\Users\racin\Documents\GitHub\VCU_Firmware\VCU_Firmware\MXTmpFiles\system.tmp_save
2025-11-05 10:57:32,414 [INFO] CodeEngine:279 - Generated code: C:\Users\racin\Documents\GitHub\VCU_Firmware\VCU_Firmware\MXTmpFiles\system.tmp
2025-11-05 10:57:32,441 [INFO] CodeEngine:311 - oldGeneratedFile, C:\Users\racin\Documents\GitHub\VCU_Firmware\VCU_Firmware\Core\Inc\stm32f7xx_hal_conf.h_save
2025-11-05 10:57:32,572 [INFO] CodeEngine:335 - Generated code: C:\Users\racin\Documents\GitHub\VCU_Firmware\VCU_Firmware\Core\Inc\stm32f7xx_hal_conf.h
2025-11-05 10:57:32,692 [INFO] CodeEngine:255 - oldGeneratedFile, C:\Users\racin\Documents\GitHub\VCU_Firmware\VCU_Firmware\Core\Inc\main.h_save
2025-11-05 10:57:32,857 [INFO] CodeEngine:279 - Generated code: C:\Users\racin\Documents\GitHub\VCU_Firmware\VCU_Firmware\Core\Inc\main.h
2025-11-05 10:57:32,899 [INFO] CodeEngine:255 - oldGeneratedFile, C:\Users\racin\Documents\GitHub\VCU_Firmware\VCU_Firmware\Core\Src\main.c_save
2025-11-05 10:57:33,112 [INFO] CodeEngine:279 - Generated code: C:\Users\racin\Documents\GitHub\VCU_Firmware\VCU_Firmware\Core\Src\main.c
2025-11-05 10:57:33,645 [INFO] ProjectBuilder:3163 - Time for Copy HAL[1] : 259mS.
2025-11-05 10:57:33,662 [INFO] ProjectBuilder:4736 - Project Generator version: 4.3.0-B58
2025-11-05 10:57:33,787 [INFO] ConfigFileManager:1503 - The Die is : DIE451
2025-11-05 10:57:33,798 [INFO] ApiDbMcu:508 - Load IP Config File for FATFS
2025-11-05 10:57:33,803 [INFO] ApiDbMcu:508 - Load IP Config File for FREERTOS
2025-11-05 10:57:33,806 [INFO] ApiDbMcu:508 - Load IP Config File for LIBJPEG
2025-11-05 10:57:33,812 [INFO] ApiDbMcu:508 - Load IP Config File for LWIP
2025-11-05 10:57:33,819 [INFO] ApiDbMcu:508 - Load IP Config File for MBEDTLS
2025-11-05 10:57:33,828 [INFO] ApiDbMcu:508 - Load IP Config File for USB_DEVICE
2025-11-05 10:57:33,832 [INFO] ApiDbMcu:508 - Load IP Config File for USB_HOST
2025-11-05 10:57:34,429 [INFO] LogOutputStream:77 - [STDOUT_REDIRECT] 
2025-11-05 10:57:40,120 [INFO] ProjectBuilder:5002 - Time for Generating toolchain IDE Files: 6458mS.
2025-11-05 10:57:40,121 [INFO] ProjectBuilder:3034 - Time for Copy CMSIS : 1mS.
2025-11-05 10:57:40,131 [INFO] ProjectBuilder:3034 - Time for Copy CMSIS : 0mS.
2025-11-05 16:35:50,545 [INFO] NvicIntPanel:101 - NVIC parent = com.st.microxplorer.plugins.ip.nvic.MultiNvicIntPanel[,0,0,0x0,invalid,layout=javax.swing.BoxLayout,alignmentX=0.0,alignmentY=0.0,border=,flags=9,maximumSize=,minimumSize=,preferredSize=]
2025-11-05 16:36:07,971 [INFO] NvicIntPanel:101 - NVIC parent = com.st.microxplorer.plugins.ip.nvic.MultiNvicIntPanel[,0,0,0x0,invalid,layout=javax.swing.BoxLayout,alignmentX=0.0,alignmentY=0.0,border=,flags=9,maximumSize=,minimumSize=,preferredSize=]
2025-11-05 16:36:12,191 [INFO] NvicIntPanel:101 - NVIC parent = com.st.microxplorer.plugins.ip.nvic.MultiNvicIntPanel[,0,0,0x0,invalid,layout=javax.swing.BoxLayout,alignmentX=0.0,alignmentY=0.0,border=,flags=9,maximumSize=,minimumSize=,preferredSize=]
2025-11-05 16:36:39,834 [INFO] UtilMem:75 - End SaveConfig() Used Memory: 798338312 Bytes (1073741824)
2025-11-05 16:36:40,865 [INFO] UtilMem:75 - End SaveConfig() Used Memory: 892712200 Bytes (1073741824)
2025-11-05 16:36:41,499 [INFO] BlockDiagram:2759 - set Specific Code input for plugin: TIM1_8F77
2025-11-05 16:36:41,500 [INFO] BlockDiagram:2759 - set Specific Code input for plugin: TIM1_8F77
2025-11-05 16:36:41,500 [INFO] BlockDiagram:2759 - set Specific Code input for plugin: SYS
2025-11-05 16:36:41,500 [INFO] BlockDiagram:2759 - set Specific Code input for plugin: RCC
2025-11-05 16:36:41,500 [INFO] BlockDiagram:2759 - set Specific Code input for plugin: NVIC
2025-11-05 16:36:41,500 [INFO] BlockDiagram:2759 - set Specific Code input for plugin: USART
2025-11-05 16:36:41,500 [INFO] BlockDiagram:2759 - set Specific Code input for plugin: CORTEX_M7
2025-11-05 16:36:41,500 [INFO] BlockDiagram:2759 - set Specific Code input for plugin: GPIO
2025-11-05 16:36:41,501 [INFO] CodeGenerator:807 - code generatio: config db path: C:\ST\STM32CubeIDE_1.15.0\STM32CubeIDE\plugins\com.st.stm32cube.common.mx_6.11.0.202403141607\\db\
2025-11-05 16:36:41,703 [INFO] CodeEngine:255 - oldGeneratedFile, C:\Users\racin\Documents\GitHub\VCU_Firmware\VCU_Firmware\MXTmpFiles\license.tmp_save
2025-11-05 16:36:41,912 [INFO] CodeEngine:279 - Generated code: C:\Users\racin\Documents\GitHub\VCU_Firmware\VCU_Firmware\MXTmpFiles\license.tmp
2025-11-05 16:36:42,052 [INFO] CodeEngine:255 - oldGeneratedFile, C:\Users\racin\Documents\GitHub\VCU_Firmware\VCU_Firmware\Core\Src\gpio.c_save
2025-11-05 16:36:42,202 [INFO] CodeEngine:279 - Generated code: C:\Users\racin\Documents\GitHub\VCU_Firmware\VCU_Firmware\Core\Src\gpio.c
2025-11-05 16:36:42,234 [INFO] CodeEngine:255 - oldGeneratedFile, C:\Users\racin\Documents\GitHub\VCU_Firmware\VCU_Firmware\Core\Inc\gpio.h_save
2025-11-05 16:36:42,377 [INFO] CodeEngine:279 - Generated code: C:\Users\racin\Documents\GitHub\VCU_Firmware\VCU_Firmware\Core\Inc\gpio.h
2025-11-05 16:36:42,712 [INFO] CodeEngine:255 - oldGeneratedFile, C:\Users\racin\Documents\GitHub\VCU_Firmware\VCU_Firmware\MXTmpFiles\cortex.tmp_save
2025-11-05 16:36:42,835 [INFO] CodeEngine:279 - Generated code: C:\Users\racin\Documents\GitHub\VCU_Firmware\VCU_Firmware\MXTmpFiles\cortex.tmp
2025-11-05 16:36:42,912 [INFO] CodeEngine:255 - oldGeneratedFile, C:\Users\racin\Documents\GitHub\VCU_Firmware\VCU_Firmware\Core\Src\tim.c_save
2025-11-05 16:36:43,089 [INFO] CodeEngine:279 - Generated code: C:\Users\racin\Documents\GitHub\VCU_Firmware\VCU_Firmware\Core\Src\tim.c
2025-11-05 16:36:43,185 [INFO] CodeEngine:255 - oldGeneratedFile, C:\Users\racin\Documents\GitHub\VCU_Firmware\VCU_Firmware\Core\Inc\tim.h_save
2025-11-05 16:36:43,289 [INFO] CodeEngine:279 - Generated code: C:\Users\racin\Documents\GitHub\VCU_Firmware\VCU_Firmware\Core\Inc\tim.h
2025-11-05 16:36:43,313 [INFO] CodeEngine:255 - oldGeneratedFile, C:\Users\racin\Documents\GitHub\VCU_Firmware\VCU_Firmware\Core\Src\usart.c_save
2025-11-05 16:36:43,420 [INFO] CodeEngine:279 - Generated code: C:\Users\racin\Documents\GitHub\VCU_Firmware\VCU_Firmware\Core\Src\usart.c
2025-11-05 16:36:43,426 [INFO] CodeEngine:255 - oldGeneratedFile, C:\Users\racin\Documents\GitHub\VCU_Firmware\VCU_Firmware\Core\Inc\usart.h_save
2025-11-05 16:36:43,517 [INFO] CodeEngine:279 - Generated code: C:\Users\racin\Documents\GitHub\VCU_Firmware\VCU_Firmware\Core\Inc\usart.h
2025-11-05 16:36:43,671 [INFO] CodeEngine:255 - oldGeneratedFile, C:\Users\racin\Documents\GitHub\VCU_Firmware\VCU_Firmware\Core\Src\stm32f7xx_it.c_save
2025-11-05 16:36:43,884 [INFO] CodeEngine:279 - Generated code: C:\Users\racin\Documents\GitHub\VCU_Firmware\VCU_Firmware\Core\Src\stm32f7xx_it.c
2025-11-05 16:36:43,960 [INFO] CodeEngine:255 - oldGeneratedFile, C:\Users\racin\Documents\GitHub\VCU_Firmware\VCU_Firmware\Core\Inc\stm32f7xx_it.h_save
2025-11-05 16:36:44,044 [INFO] CodeEngine:279 - Generated code: C:\Users\racin\Documents\GitHub\VCU_Firmware\VCU_Firmware\Core\Inc\stm32f7xx_it.h
2025-11-05 16:36:44,117 [INFO] CodeEngine:255 - oldGeneratedFile, C:\Users\racin\Documents\GitHub\VCU_Firmware\VCU_Firmware\Core\Src\stm32f7xx_hal_msp.c_save
2025-11-05 16:36:44,217 [INFO] CodeEngine:279 - Generated code: C:\Users\racin\Documents\GitHub\VCU_Firmware\VCU_Firmware\Core\Src\stm32f7xx_hal_msp.c
2025-11-05 16:36:44,268 [INFO] CodeEngine:255 - oldGeneratedFile, C:\Users\racin\Documents\GitHub\VCU_Firmware\VCU_Firmware\MXTmpFiles\system.tmp_save
2025-11-05 16:36:44,340 [INFO] CodeEngine:279 - Generated code: C:\Users\racin\Documents\GitHub\VCU_Firmware\VCU_Firmware\MXTmpFiles\system.tmp
2025-11-05 16:36:44,382 [INFO] CodeEngine:311 - oldGeneratedFile, C:\Users\racin\Documents\GitHub\VCU_Firmware\VCU_Firmware\Core\Inc\stm32f7xx_hal_conf.h_save
2025-11-05 16:36:44,483 [INFO] CodeEngine:335 - Generated code: C:\Users\racin\Documents\GitHub\VCU_Firmware\VCU_Firmware\Core\Inc\stm32f7xx_hal_conf.h
2025-11-05 16:36:44,565 [INFO] CodeEngine:255 - oldGeneratedFile, C:\Users\racin\Documents\GitHub\VCU_Firmware\VCU_Firmware\Core\Inc\main.h_save
2025-11-05 16:36:44,665 [INFO] CodeEngine:279 - Generated code: C:\Users\racin\Documents\GitHub\VCU_Firmware\VCU_Firmware\Core\Inc\main.h
2025-11-05 16:36:44,725 [INFO] CodeEngine:255 - oldGeneratedFile, C:\Users\racin\Documents\GitHub\VCU_Firmware\VCU_Firmware\Core\Src\main.c_save
2025-11-05 16:36:44,845 [INFO] CodeEngine:279 - Generated code: C:\Users\racin\Documents\GitHub\VCU_Firmware\VCU_Firmware\Core\Src\main.c
2025-11-05 16:36:45,290 [INFO] ProjectBuilder:3163 - Time for Copy HAL[1] : 236mS.
2025-11-05 16:36:45,293 [INFO] ProjectBuilder:4736 - Project Generator version: 4.3.0-B58
2025-11-05 16:36:45,395 [INFO] ConfigFileManager:1503 - The Die is : DIE451
2025-11-05 16:36:46,672 [INFO] ProjectBuilder:5002 - Time for Generating toolchain IDE Files: 1379mS.
2025-11-05 16:36:46,673 [INFO] ProjectBuilder:3034 - Time for Copy CMSIS : 1mS.
2025-11-05 16:36:46,676 [INFO] ProjectBuilder:3034 - Time for Copy CMSIS : 1mS.
2025-11-05 16:37:25,724 [INFO] UtilMem:75 - End SaveConfig() Used Memory: 870501456 Bytes (1073741824)
2025-11-05 16:37:26,220 [INFO] BlockDiagram:2759 - set Specific Code input for plugin: TIM1_8F77
2025-11-05 16:37:26,220 [INFO] BlockDiagram:2759 - set Specific Code input for plugin: TIM1_8F77
2025-11-05 16:37:26,220 [INFO] BlockDiagram:2759 - set Specific Code input for plugin: SYS
2025-11-05 16:37:26,220 [INFO] BlockDiagram:2759 - set Specific Code input for plugin: RCC
2025-11-05 16:37:26,220 [INFO] BlockDiagram:2759 - set Specific Code input for plugin: NVIC
2025-11-05 16:37:26,220 [INFO] BlockDiagram:2759 - set Specific Code input for plugin: USART
2025-11-05 16:37:26,220 [INFO] BlockDiagram:2759 - set Specific Code input for plugin: CORTEX_M7
2025-11-05 16:37:26,221 [INFO] BlockDiagram:2759 - set Specific Code input for plugin: GPIO
2025-11-05 16:37:26,222 [INFO] CodeGenerator:807 - code generatio: config db path: C:\ST\STM32CubeIDE_1.15.0\STM32CubeIDE\plugins\com.st.stm32cube.common.mx_6.11.0.202403141607\\db\
2025-11-05 16:37:26,337 [INFO] CodeEngine:255 - oldGeneratedFile, C:\Users\racin\Documents\GitHub\VCU_Firmware\VCU_Firmware\MXTmpFiles\license.tmp_save
2025-11-05 16:37:26,440 [INFO] CodeEngine:279 - Generated code: C:\Users\racin\Documents\GitHub\VCU_Firmware\VCU_Firmware\MXTmpFiles\license.tmp
2025-11-05 16:37:26,496 [INFO] CodeEngine:255 - oldGeneratedFile, C:\Users\racin\Documents\GitHub\VCU_Firmware\VCU_Firmware\Core\Src\gpio.c_save
2025-11-05 16:37:26,593 [INFO] CodeEngine:279 - Generated code: C:\Users\racin\Documents\GitHub\VCU_Firmware\VCU_Firmware\Core\Src\gpio.c
2025-11-05 16:37:26,600 [INFO] CodeEngine:255 - oldGeneratedFile, C:\Users\racin\Documents\GitHub\VCU_Firmware\VCU_Firmware\Core\Inc\gpio.h_save
2025-11-05 16:37:26,675 [INFO] CodeEngine:279 - Generated code: C:\Users\racin\Documents\GitHub\VCU_Firmware\VCU_Firmware\Core\Inc\gpio.h
2025-11-05 16:37:26,872 [INFO] CodeEngine:255 - oldGeneratedFile, C:\Users\racin\Documents\GitHub\VCU_Firmware\VCU_Firmware\MXTmpFiles\cortex.tmp_save
2025-11-05 16:37:26,988 [INFO] CodeEngine:279 - Generated code: C:\Users\racin\Documents\GitHub\VCU_Firmware\VCU_Firmware\MXTmpFiles\cortex.tmp
2025-11-05 16:37:27,015 [INFO] CodeEngine:255 - oldGeneratedFile, C:\Users\racin\Documents\GitHub\VCU_Firmware\VCU_Firmware\Core\Src\tim.c_save
2025-11-05 16:37:27,105 [INFO] CodeEngine:279 - Generated code: C:\Users\racin\Documents\GitHub\VCU_Firmware\VCU_Firmware\Core\Src\tim.c
2025-11-05 16:37:27,111 [INFO] CodeEngine:255 - oldGeneratedFile, C:\Users\racin\Documents\GitHub\VCU_Firmware\VCU_Firmware\Core\Inc\tim.h_save
2025-11-05 16:37:27,174 [INFO] CodeEngine:279 - Generated code: C:\Users\racin\Documents\GitHub\VCU_Firmware\VCU_Firmware\Core\Inc\tim.h
2025-11-05 16:37:27,200 [INFO] CodeEngine:255 - oldGeneratedFile, C:\Users\racin\Documents\GitHub\VCU_Firmware\VCU_Firmware\Core\Src\usart.c_save
2025-11-05 16:37:27,298 [INFO] CodeEngine:279 - Generated code: C:\Users\racin\Documents\GitHub\VCU_Firmware\VCU_Firmware\Core\Src\usart.c
2025-11-05 16:37:27,306 [INFO] CodeEngine:255 - oldGeneratedFile, C:\Users\racin\Documents\GitHub\VCU_Firmware\VCU_Firmware\Core\Inc\usart.h_save
2025-11-05 16:37:27,377 [INFO] CodeEngine:279 - Generated code: C:\Users\racin\Documents\GitHub\VCU_Firmware\VCU_Firmware\Core\Inc\usart.h
2025-11-05 16:37:27,406 [INFO] CodeEngine:255 - oldGeneratedFile, C:\Users\racin\Documents\GitHub\VCU_Firmware\VCU_Firmware\Core\Src\stm32f7xx_it.c_save
2025-11-05 16:37:27,493 [INFO] CodeEngine:279 - Generated code: C:\Users\racin\Documents\GitHub\VCU_Firmware\VCU_Firmware\Core\Src\stm32f7xx_it.c
2025-11-05 16:37:27,501 [INFO] CodeEngine:255 - oldGeneratedFile, C:\Users\racin\Documents\GitHub\VCU_Firmware\VCU_Firmware\Core\Inc\stm32f7xx_it.h_save
2025-11-05 16:37:27,561 [INFO] CodeEngine:279 - Generated code: C:\Users\racin\Documents\GitHub\VCU_Firmware\VCU_Firmware\Core\Inc\stm32f7xx_it.h
2025-11-05 16:37:27,593 [INFO] CodeEngine:255 - oldGeneratedFile, C:\Users\racin\Documents\GitHub\VCU_Firmware\VCU_Firmware\Core\Src\stm32f7xx_hal_msp.c_save
2025-11-05 16:37:27,713 [INFO] CodeEngine:279 - Generated code: C:\Users\racin\Documents\GitHub\VCU_Firmware\VCU_Firmware\Core\Src\stm32f7xx_hal_msp.c
2025-11-05 16:37:27,718 [INFO] CodeEngine:255 - oldGeneratedFile, C:\Users\racin\Documents\GitHub\VCU_Firmware\VCU_Firmware\MXTmpFiles\system.tmp_save
2025-11-05 16:37:27,788 [INFO] CodeEngine:279 - Generated code: C:\Users\racin\Documents\GitHub\VCU_Firmware\VCU_Firmware\MXTmpFiles\system.tmp
2025-11-05 16:37:27,819 [INFO] CodeEngine:311 - oldGeneratedFile, C:\Users\racin\Documents\GitHub\VCU_Firmware\VCU_Firmware\Core\Inc\stm32f7xx_hal_conf.h_save
2025-11-05 16:37:27,948 [INFO] CodeEngine:335 - Generated code: C:\Users\racin\Documents\GitHub\VCU_Firmware\VCU_Firmware\Core\Inc\stm32f7xx_hal_conf.h
2025-11-05 16:37:28,000 [INFO] CodeEngine:255 - oldGeneratedFile, C:\Users\racin\Documents\GitHub\VCU_Firmware\VCU_Firmware\Core\Inc\main.h_save
2025-11-05 16:37:28,080 [INFO] CodeEngine:279 - Generated code: C:\Users\racin\Documents\GitHub\VCU_Firmware\VCU_Firmware\Core\Inc\main.h
2025-11-05 16:37:28,100 [INFO] CodeEngine:255 - oldGeneratedFile, C:\Users\racin\Documents\GitHub\VCU_Firmware\VCU_Firmware\Core\Src\main.c_save
2025-11-05 16:37:28,200 [INFO] CodeEngine:279 - Generated code: C:\Users\racin\Documents\GitHub\VCU_Firmware\VCU_Firmware\Core\Src\main.c
2025-11-05 16:37:28,548 [INFO] ProjectBuilder:3163 - Time for Copy HAL[1] : 156mS.
2025-11-05 16:37:28,552 [INFO] ProjectBuilder:4736 - Project Generator version: 4.3.0-B58
2025-11-05 16:37:28,637 [INFO] ConfigFileManager:1503 - The Die is : DIE451
2025-11-05 16:37:29,531 [INFO] ProjectBuilder:5002 - Time for Generating toolchain IDE Files: 979mS.
2025-11-05 16:37:29,532 [INFO] ProjectBuilder:3034 - Time for Copy CMSIS : 1mS.
2025-11-05 16:37:29,535 [INFO] ProjectBuilder:3034 - Time for Copy CMSIS : 0mS.
2025-11-05 16:38:22,611 [INFO] MainUpdater:2873 - connection check result : 10
2025-11-05 16:38:22,611 [INFO] MainUpdater:2873 - connection check result : 10
2025-11-05 16:38:23,002 [INFO] MicroXplorer:468 - Change Database Path : 
2025-11-05 16:38:23,002 [INFO] MicroXplorer:498 - Change Database Version : DB.6.0.110
2025-11-05 16:38:23,009 [ERROR] ProjectManagerView:394 - 
java.lang.NullPointerException: Cannot invoke "javax.swing.JTextField.getText()" because the return value of "java.util.List.get(int)" is null
	at com.st.microxplorer.plugins.projectmanager.gui.ProjectChoiceTab$10.caretUpdate(ProjectChoiceTab.java:2504) ~[filemanager.jar:?]
	at javax.swing.text.JTextComponent.fireCaretUpdate(JTextComponent.java:412) ~[?:?]
	at javax.swing.text.JTextComponent$MutableCaretEvent.fire(JTextComponent.java:4491) ~[?:?]
	at javax.swing.text.JTextComponent$MutableCaretEvent.stateChanged(JTextComponent.java:4513) ~[?:?]
	at javax.swing.text.DefaultCaret.fireStateChanged(DefaultCaret.java:842) ~[?:?]
	at javax.swing.text.DefaultCaret.changeCaretPosition(DefaultCaret.java:1313) ~[?:?]
	at javax.swing.text.DefaultCaret.handleSetDot(DefaultCaret.java:1212) ~[?:?]
	at javax.swing.text.DefaultCaret.setDot(DefaultCaret.java:1193) ~[?:?]
	at javax.swing.text.DefaultCaret$Handler.insertUpdate(DefaultCaret.java:1789) ~[?:?]
	at javax.swing.text.AbstractDocument.fireInsertUpdate(AbstractDocument.java:226) ~[?:?]
	at javax.swing.text.AbstractDocument.handleInsertString(AbstractDocument.java:780) ~[?:?]
	at javax.swing.text.AbstractDocument.insertString(AbstractDocument.java:739) ~[?:?]
	at javax.swing.text.PlainDocument.insertString(PlainDocument.java:131) ~[?:?]
	at javax.swing.text.AbstractDocument.replace(AbstractDocument.java:698) ~[?:?]
	at javax.swing.text.JTextComponent.setText(JTextComponent.java:1729) ~[?:?]
	at com.st.microxplorer.plugins.projectmanager.gui.ProjectChoiceTab.createHeapStackFields(ProjectChoiceTab.java:944) ~[filemanager.jar:?]
	at com.st.microxplorer.plugins.projectmanager.gui.ProjectChoiceTab.buildLinkSettingsPanel(ProjectChoiceTab.java:3475) ~[filemanager.jar:?]
	at com.st.microxplorer.plugins.projectmanager.gui.ProjectChoiceTab.defineWindowsFields(ProjectChoiceTab.java:1816) ~[filemanager.jar:?]
	at com.st.microxplorer.plugins.projectmanager.gui.ProjectChoiceTab.updateSettings(ProjectChoiceTab.java:544) ~[filemanager.jar:?]
	at com.st.microxplorer.plugins.projectmanager.gui.ProjectSettingsPanel.UpdateDialog(ProjectSettingsPanel.java:245) ~[filemanager.jar:?]
	at com.st.microxplorer.plugins.projectmanager.ProjectManagerView.propertyChange(ProjectManagerView.java:391) ~[filemanager.jar:?]
	at java.beans.PropertyChangeSupport.fire(PropertyChangeSupport.java:343) ~[?:?]
	at java.beans.PropertyChangeSupport.firePropertyChange(PropertyChangeSupport.java:335) ~[?:?]
	at java.beans.PropertyChangeSupport.firePropertyChange(PropertyChangeSupport.java:268) ~[?:?]
	at com.st.microxplorer.util.MXPropertyChangeSupport.firePropertyChange(MXPropertyChangeSupport.java:54) ~[STM32CubeMX.jar:?]
	at com.st.microxplorer.mxsystem.MxSystem.closeConfig(MxSystem.java:900) ~[STM32CubeMX.jar:?]
	at com.st.microxplorer.maingui.MainPanel.closeConfig(MainPanel.java:776) ~[STM32CubeMX.jar:?]
	at com.st.microxplorer.plugins.filemanager.engine.OpenFileManager.loadConfigurationFile(OpenFileManager.java:245) ~[filemanager.jar:?]
	at com.st.microxplorer.plugins.filemanager.engine.MainFileManager.userLoadConfig(MainFileManager.java:315) ~[filemanager.jar:?]
	at com.st.microxplorer.plugins.filemanager.engine.MainFileManager.userLoadConfig(MainFileManager.java:293) ~[filemanager.jar:?]
	at com.st.microxplorer.plugins.filemanager.FileManagerView.getSpecificTask(FileManagerView.java:247) ~[filemanager.jar:?]
	at com.st.stm32cube.common.mx.editor.CubeMxEditor.getMxTabbedPaneInstance(CubeMxEditor.java:1198) ~[com.st.stm32cube.common.mx_6.11.0.202403141607/:?]
	at com.st.stm32cube.common.mx.editor.CubeMxEditor$12$1.createSwingComponent(CubeMxEditor.java:1068) ~[com.st.stm32cube.common.mx_6.11.0.202403141607/:?]
	at com.st.stm32cube.common.mx.oss.core.awtswtbridge.EmbeddedSwingComposite.doComponentCreation(EmbeddedSwingComposite.java:492) ~[com.st.stm32cube.common.mx.oss_6.11.0.202403141607/:?]
	at com.st.stm32cube.common.mx.oss.core.awtswtbridge.EmbeddedSwingComposite$4.run(EmbeddedSwingComposite.java:291) ~[com.st.stm32cube.common.mx.oss_6.11.0.202403141607/:?]
	at com.st.stm32cube.common.mx.oss.core.awtswtbridge.AwtEnvironment$2.run(AwtEnvironment.java:166) ~[com.st.stm32cube.common.mx.oss_6.11.0.202403141607/:?]
	at java.awt.event.InvocationEvent.dispatch(InvocationEvent.java:318) ~[?:?]
	at java.awt.EventQueue.dispatchEventImpl(EventQueue.java:773) ~[?:?]
	at java.awt.EventQueue$4.run(EventQueue.java:720) ~[?:?]
	at java.awt.EventQueue$4.run(EventQueue.java:714) ~[?:?]
	at java.security.AccessController.doPrivileged(AccessController.java:399) ~[?:?]
	at java.security.ProtectionDomain$JavaSecurityAccessImpl.doIntersectionPrivilege(ProtectionDomain.java:86) ~[?:?]
	at java.awt.EventQueue.dispatchEvent(EventQueue.java:742) ~[?:?]
	at java.awt.EventDispatchThread.pumpOneEventForFilters(EventDispatchThread.java:203) ~[?:?]
	at java.awt.EventDispatchThread.pumpEventsForFilter(EventDispatchThread.java:124) ~[?:?]
	at java.awt.EventDispatchThread.pumpEventsForHierarchy(EventDispatchThread.java:113) ~[?:?]
	at java.awt.EventDispatchThread.pumpEvents(EventDispatchThread.java:109) ~[?:?]
	at java.awt.EventDispatchThread.pumpEvents(EventDispatchThread.java:101) ~[?:?]
	at java.awt.EventDispatchThread.run(EventDispatchThread.java:90) ~[?:?]
2025-11-05 16:38:23,015 [WARN] ThirdParty:871 - waiting for thirdparty lock release [close project]
2025-11-05 16:38:23,015 [INFO] ThirdParty:873 - entering critical section [close project]
2025-11-05 16:38:23,015 [INFO] ThirdParty:883 - exiting critical section [close project]
2025-11-05 16:38:23,017 [INFO] PinOutPanel:1561 - setPackage(No Configuration,No Configuration)
2025-11-05 16:38:23,024 [WARN] IpParametersView:151 - Warning: This peripheral hasn't parameters
2025-11-05 16:38:23,030 [WARN] MainPanel:272 - <html><b><center>Warning: This peripheral has no parameters to be configured<br></b></html>
2025-11-05 16:38:23,039 [INFO] UtilMem:75 - Begin LoadConfig() Used Memory: 815165600 Bytes (1073741824)
2025-11-05 16:38:23,040 [INFO] MicroXplorer:468 - Change Database Path : 
2025-11-05 16:38:23,040 [INFO] MicroXplorer:498 - Change Database Version : DB.6.0.110
2025-11-05 16:38:23,040 [INFO] OpenFileManager:312 - Change cursor
2025-11-05 16:38:23,058 [INFO] RulesReader:64 - Compatibility file has been processed (297 Rules)
2025-11-05 16:38:23,082 [INFO] Mcu:2021 - Initializing MCU STM32F767VITx STM32F767VITx STM32F767VIT7
2025-11-05 16:38:25,789 [INFO] Context:663 - Trying to add GPIOservice into a context  which must be forbidden
2025-11-05 16:38:26,611 [INFO] RtosManager:555 - Registered RTOS mode: class=CMSIS, group=RTOS, mode=CMSIS_V1, owner=FREERTOS
2025-11-05 16:38:26,611 [INFO] RtosManager:555 - Registered RTOS mode: class=CMSIS, group=RTOS2, mode=CMSIS_V2, owner=FREERTOS
2025-11-05 16:38:26,611 [INFO] RtosManager:555 - Registered RTOS mode: class=RTOS, group=Core, mode=CMSIS_V1, owner=FREERTOS
2025-11-05 16:38:26,612 [INFO] RtosManager:555 - Registered RTOS mode: class=RTOS, group=Core, mode=CMSIS_V2, owner=FREERTOS
2025-11-05 16:38:26,612 [WARN] ModelIntegratedComponent:184 - Missing modes for component STMicroelectronics:FreeRTOS:0.0.1:STMicroelectronics:RTOS:FreeRTOS:Core:::10.2.0:
2025-11-05 16:38:26,620 [WARN] ModelIntegratedComponent:63 - No mode defined for component null
2025-11-05 16:38:26,620 [WARN] ModelIntegratedComponent:63 - No mode defined for component null
2025-11-05 16:38:26,620 [WARN] ModelIntegratedComponent:63 - No mode defined for component null
2025-11-05 16:38:26,620 [WARN] ModelIntegratedComponent:63 - No mode defined for component null
2025-11-05 16:38:26,620 [WARN] ModelIntegratedComponent:63 - No mode defined for component null
2025-11-05 16:38:26,620 [WARN] ModelIntegratedComponent:63 - No mode defined for component null
2025-11-05 16:38:26,620 [WARN] ModelIntegratedComponent:63 - No mode defined for component null
2025-11-05 16:38:26,620 [WARN] ModelIntegratedComponent:63 - No mode defined for component null
2025-11-05 16:38:26,620 [WARN] ModelIntegratedComponent:63 - No mode defined for component null
2025-11-05 16:38:26,620 [WARN] ModelIntegratedComponent:63 - No mode defined for component null
2025-11-05 16:38:26,620 [WARN] ModelIntegratedComponent:63 - No mode defined for component null
2025-11-05 16:38:26,620 [WARN] ModelIntegratedComponent:63 - No mode defined for component null
2025-11-05 16:38:26,620 [WARN] ModelIntegratedComponent:63 - No mode defined for component null
2025-11-05 16:38:26,620 [WARN] ModelIntegratedComponent:63 - No mode defined for component null
2025-11-05 16:38:26,620 [WARN] ModelIntegratedComponent:63 - No mode defined for component null
2025-11-05 16:38:26,621 [WARN] ModelIntegratedComponent:63 - No mode defined for component null
2025-11-05 16:38:26,621 [WARN] ModelIntegratedComponent:63 - No mode defined for component null
2025-11-05 16:38:26,621 [WARN] ModelIntegratedComponent:63 - No mode defined for component null
2025-11-05 16:38:26,621 [WARN] ModelIntegratedComponent:63 - No mode defined for component null
2025-11-05 16:38:26,621 [WARN] ModelIntegratedComponent:63 - No mode defined for component null
2025-11-05 16:38:26,621 [WARN] ModelIntegratedComponent:63 - No mode defined for component null
2025-11-05 16:38:26,621 [WARN] ModelIntegratedComponent:63 - No mode defined for component null
2025-11-05 16:38:26,621 [WARN] ModelIntegratedComponent:63 - No mode defined for component null
2025-11-05 16:38:26,621 [WARN] ModelIntegratedComponent:63 - No mode defined for component null
2025-11-05 16:38:26,621 [WARN] ModelIntegratedComponent:63 - No mode defined for component null
2025-11-05 16:38:26,621 [WARN] ModelIntegratedComponent:63 - No mode defined for component null
2025-11-05 16:38:26,621 [WARN] ModelIntegratedComponent:63 - No mode defined for component null
2025-11-05 16:38:26,621 [WARN] ModelIntegratedComponent:63 - No mode defined for component null
2025-11-05 16:38:26,621 [WARN] ModelIntegratedComponent:63 - No mode defined for component null
2025-11-05 16:38:26,621 [WARN] ModelIntegratedComponent:63 - No mode defined for component null
2025-11-05 16:38:26,621 [WARN] ModelIntegratedComponent:63 - No mode defined for component null
2025-11-05 16:38:26,621 [WARN] ModelIntegratedComponent:63 - No mode defined for component null
2025-11-05 16:38:26,621 [WARN] ModelIntegratedComponent:63 - No mode defined for component null
2025-11-05 16:38:26,621 [WARN] ModelIntegratedComponent:63 - No mode defined for component null
2025-11-05 16:38:26,942 [INFO] ThirdPartyModel:298 - Start build external matchings
2025-11-05 16:38:29,126 [INFO] ThirdPartyModel:316 - End build external matchings
2025-11-05 16:38:29,172 [INFO] ImportTextPane:194 - (OptionalMessage_ERROR) IP (RCC) : Invalid parameter (FamilyName)
2025-11-05 16:38:29,173 [INFO] ImportTextPane:194 - (OptionalMessage_ERROR) IP (RCC) : Parameter (RNGFreq_Value) has invalid value (200000000)
2025-11-05 16:38:29,173 [INFO] ImportTextPane:194 - (OptionalMessage_ERROR) IP (RCC) : Parameter (SDMMC2Freq_Value) has invalid value (200000000)
2025-11-05 16:38:29,173 [INFO] ImportTextPane:194 - (OptionalMessage_ERROR) IP (RCC) : Parameter (SDMMCFreq_Value) has invalid value (200000000)
2025-11-05 16:38:29,173 [INFO] ImportTextPane:194 - (OptionalMessage_ERROR) IP (RCC) : Parameter (USBFreq_Value) has invalid value (200000000)
2025-11-05 16:38:29,593 [INFO] UtilMem:75 - End LoadConfig() Used Memory: 750777464 Bytes (1073741824)
2025-11-05 16:38:29,950 [WARN] ThirdParty:833 - waiting for thirdparty lock release [change project]
2025-11-05 16:38:29,952 [INFO] ThirdParty:835 - entering critical section [change project]
2025-11-05 16:38:29,952 [INFO] ThirdParty:1030 - CMSIS Pack Vendor :STMicroelectronics X-CUBE-PM33A1 1.0.0
2025-11-05 16:38:29,952 [INFO] ThirdParty:1030 - CMSIS Pack Vendor :STMicroelectronics USBPD 4.1
2025-11-05 16:38:29,952 [INFO] ThirdParty:1030 - CMSIS Pack Vendor :STMicroelectronics X-CUBE-GNSS1 6.0.0
2025-11-05 16:38:29,952 [INFO] ThirdParty:1030 - CMSIS Pack Vendor :STMicroelectronics USB_HOST 2.0.0
2025-11-05 16:38:29,952 [INFO] ThirdParty:1030 - CMSIS Pack Vendor :STMicroelectronics FP-SNS-MOTENVWB1 1.4.0
2025-11-05 16:38:29,952 [INFO] ThirdParty:1030 - CMSIS Pack Vendor :STMicroelectronics X-CUBE-AZRTOS-F4 1.1.0
2025-11-05 16:38:29,952 [INFO] ThirdParty:1030 - CMSIS Pack Vendor :STMicroelectronics LIBJPEG 8.0.0
2025-11-05 16:38:29,952 [INFO] ThirdParty:1030 - CMSIS Pack Vendor :STMicroelectronics FP-ATR-ASTRA1 2.0.2
2025-11-05 16:38:29,952 [INFO] ThirdParty:1030 - CMSIS Pack Vendor :STMicroelectronics X-CUBE-SMBUS 2.1.0
2025-11-05 16:38:29,952 [INFO] ThirdParty:1030 - CMSIS Pack Vendor :STMicroelectronics X-CUBE-WB05N 1.1.0
2025-11-05 16:38:29,952 [INFO] ThirdParty:1030 - CMSIS Pack Vendor :STMicroelectronics X-CUBE-ISPU 2.1.0
2025-11-05 16:38:29,952 [INFO] ThirdParty:1030 - CMSIS Pack Vendor :STMicroelectronics X-CUBE-FREERTOS 1.2.0
2025-11-05 16:38:29,952 [INFO] ThirdParty:1030 - CMSIS Pack Vendor :STMicroelectronics X-CUBE-NFC12 1.0.0
2025-11-05 16:38:29,952 [INFO] ThirdParty:1030 - CMSIS Pack Vendor :STMicroelectronics X-CUBE-TOUCHGFX 4.23.2
2025-11-05 16:38:29,952 [INFO] ThirdParty:1030 - CMSIS Pack Vendor :STMicroelectronics X-CUBE-AZRTOS-F7 1.1.0
2025-11-05 16:38:29,952 [INFO] ThirdParty:1030 - CMSIS Pack Vendor :STMicroelectronics X-CUBE-AZRTOS-L5 2.0.0
2025-11-05 16:38:29,952 [INFO] ThirdParty:1030 - CMSIS Pack Vendor :STMicroelectronics USB_DEVICE 2.0.0
2025-11-05 16:38:29,952 [INFO] ThirdParty:1030 - CMSIS Pack Vendor :STMicroelectronics X-CUBE-NFC6 3.1.0
2025-11-05 16:38:29,952 [INFO] ThirdParty:1030 - CMSIS Pack Vendor :STMicroelectronics X-CUBE-MEMS1 11.0.0
2025-11-05 16:38:29,952 [INFO] ThirdParty:1030 - CMSIS Pack Vendor :STMicroelectronics FreeRTOS 0.0.1
2025-11-05 16:38:29,952 [INFO] ThirdParty:1030 - CMSIS Pack Vendor :STMicroelectronics X-CUBE-DPower 1.2.0
2025-11-05 16:38:29,952 [INFO] ThirdParty:1030 - CMSIS Pack Vendor :STMicroelectronics FP-SNS-FLIGHT1 5.0.2
2025-11-05 16:38:29,952 [INFO] ThirdParty:1030 - CMSIS Pack Vendor :STMicroelectronics X-CUBE-AI 9.0.0
2025-11-05 16:38:29,952 [INFO] ThirdParty:1030 - CMSIS Pack Vendor :STMicroelectronics PDM2PCM 3.3.0
2025-11-05 16:38:29,952 [INFO] ThirdParty:1030 - CMSIS Pack Vendor :STMicroelectronics X-CUBE-AZRTOS-H7 3.4.0
2025-11-05 16:38:29,952 [INFO] ThirdParty:1030 - CMSIS Pack Vendor :STMicroelectronics X-CUBE-DISPLAY 3.0.0
2025-11-05 16:38:29,952 [INFO] ThirdParty:1030 - CMSIS Pack Vendor :STMicroelectronics X-CUBE-BLE1 7.0.0
2025-11-05 16:38:29,952 [INFO] ThirdParty:1030 - CMSIS Pack Vendor :STMicroelectronics X-CUBE-NFC10 1.0.0
2025-11-05 16:38:29,952 [INFO] ThirdParty:1030 - CMSIS Pack Vendor :STMicroelectronics X-CUBE-BLEMGR 4.0.0
2025-11-05 16:38:29,952 [INFO] ThirdParty:1030 - CMSIS Pack Vendor :STMicroelectronics X-CUBE-FREERTOS 1.3.1
2025-11-05 16:38:29,952 [INFO] ThirdParty:1030 - CMSIS Pack Vendor :STMicroelectronics HAL Drivers 0.0.0
2025-11-05 16:38:29,952 [INFO] ThirdParty:1030 - CMSIS Pack Vendor :emotas I-CUBE-CANOPEN 1.3.0
2025-11-05 16:38:29,952 [INFO] ThirdParty:1030 - CMSIS Pack Vendor :STMicroelectronics X-CUBE-FREERTOS 1.3.0
2025-11-05 16:38:29,952 [INFO] ThirdParty:1030 - CMSIS Pack Vendor :STMicroelectronics X-CUBE-NFC7 1.0.1
2025-11-05 16:38:29,953 [INFO] ThirdParty:1030 - CMSIS Pack Vendor :STMicroelectronics MBEDTLS 2.14.1
2025-11-05 16:38:29,953 [INFO] ThirdParty:1030 - CMSIS Pack Vendor :STMicroelectronics X-CUBE-GNSS1 7.1.0
2025-11-05 16:38:29,953 [INFO] ThirdParty:1030 - CMSIS Pack Vendor :wolfSSL I-CUBE-wolfTPM 3.2.0
2025-11-05 16:38:29,953 [INFO] ThirdParty:1030 - CMSIS Pack Vendor :STMicroelectronics X-CUBE-TOUCHGFX 4.26.0
2025-11-05 16:38:29,953 [INFO] ThirdParty:1030 - CMSIS Pack Vendor :quantropi X-CUBE-qispace-sdk-base 2.0.0
2025-11-05 16:38:29,953 [INFO] ThirdParty:1030 - CMSIS Pack Vendor :STMicroelectronics X-CUBE-BLEMGR 3.1.0
2025-11-05 16:38:29,953 [INFO] ThirdParty:1030 - CMSIS Pack Vendor :STMicroelectronics X-CUBE-AI 10.0.0
2025-11-05 16:38:29,953 [INFO] ThirdParty:1030 - CMSIS Pack Vendor :STMicroelectronics FP-SNS-SMARTAG2 1.2.0
2025-11-05 16:38:29,953 [INFO] ThirdParty:1030 - CMSIS Pack Vendor :STMicroelectronics X-CUBE-MEMS1 11.1.0
2025-11-05 16:38:29,953 [INFO] ThirdParty:1030 - CMSIS Pack Vendor :STMicroelectronics X-CUBE-AZRTOS-WL 2.0.0
2025-11-05 16:38:29,953 [INFO] ThirdParty:1030 - CMSIS Pack Vendor :STMicroelectronics X-CUBE-DPower 1.3.0
2025-11-05 16:38:29,953 [INFO] ThirdParty:1030 - CMSIS Pack Vendor :STMicroelectronics FP-SNS-MOTENV1 5.0.0
2025-11-05 16:38:29,953 [INFO] ThirdParty:1030 - CMSIS Pack Vendor :STMicroelectronics USB_DEVICE 1.0.0
2025-11-05 16:38:29,953 [INFO] ThirdParty:1030 - CMSIS Pack Vendor :STMicroelectronics X-CUBE-AI 8.1.0
2025-11-05 16:38:29,953 [INFO] ThirdParty:1030 - CMSIS Pack Vendor :wolfSSL I-CUBE-wolfMQTT 1.19.0
2025-11-05 16:38:29,953 [INFO] ThirdParty:1030 - CMSIS Pack Vendor :STMicroelectronics X-CUBE-AZRTOS-L4 2.0.0
2025-11-05 16:38:29,953 [INFO] ThirdParty:1030 - CMSIS Pack Vendor :STMicroelectronics ThreadX 0.0.2
2025-11-05 16:38:29,953 [INFO] ThirdParty:1030 - CMSIS Pack Vendor :WES I-CUBE-Cesium 1.3.0
2025-11-05 16:38:29,953 [INFO] ThirdParty:1030 - CMSIS Pack Vendor :STMicroelectronics lwIP 2.1.2
2025-11-05 16:38:29,953 [INFO] ThirdParty:1030 - CMSIS Pack Vendor :STMicroelectronics X-CUBE-SFXS2LP1 4.0.0
2025-11-05 16:38:29,953 [INFO] ThirdParty:1030 - CMSIS Pack Vendor :STMicroelectronics X-CUBE-BLE2 3.3.0
2025-11-05 16:38:29,953 [INFO] ThirdParty:1030 - CMSIS Pack Vendor :STMicroelectronics PDM2PCM 3.2.0
2025-11-05 16:38:29,953 [INFO] ThirdParty:1030 - CMSIS Pack Vendor :STMicroelectronics X-CUBE-AZRTOS-H7 3.3.0
2025-11-05 16:38:29,953 [INFO] ThirdParty:1030 - CMSIS Pack Vendor :STMicroelectronics X-CUBE-NFC9 1.0.0
2025-11-05 16:38:29,953 [INFO] ThirdParty:1030 - CMSIS Pack Vendor :STMicroelectronics X-CUBE-BLE1 7.1.0
2025-11-05 16:38:29,953 [INFO] ThirdParty:1030 - CMSIS Pack Vendor :STMicroelectronics USB_DEVICE 3.0.0
2025-11-05 16:38:29,953 [INFO] ThirdParty:1030 - CMSIS Pack Vendor :STMicroelectronics X-CUBE-TCPP 4.1.0
2025-11-05 16:38:29,953 [INFO] ThirdParty:1030 - CMSIS Pack Vendor :STMicroelectronics X-CUBE-EEPRMA1 5.2.0
2025-11-05 16:38:29,953 [INFO] ThirdParty:1030 - CMSIS Pack Vendor :STMicroelectronics X-CUBE-IPS 3.0.0
2025-11-05 16:38:29,953 [INFO] ThirdParty:1030 - CMSIS Pack Vendor :STMicroelectronics X-CUBE-AZRTOS-WB 2.0.0
2025-11-05 16:38:29,953 [INFO] ThirdParty:1030 - CMSIS Pack Vendor :STMicroelectronics X-CUBE-GNSS1 7.0.0
2025-11-05 16:38:29,953 [INFO] ThirdParty:1030 - CMSIS Pack Vendor :STMicroelectronics X-CUBE-GNSS1 7.0.1
2025-11-05 16:38:29,953 [INFO] ThirdParty:1030 - CMSIS Pack Vendor :STMicroelectronics X-CUBE-TOUCHGFX 4.25.0
2025-11-05 16:38:29,953 [INFO] ThirdParty:1030 - CMSIS Pack Vendor :STMicroelectronics X-CUBE-AI 10.1.0
2025-11-05 16:38:29,953 [INFO] ThirdParty:1030 - CMSIS Pack Vendor :STMicroelectronics FP-SNS-STBOX1 2.0.0
2025-11-05 16:38:29,953 [INFO] ThirdParty:1030 - CMSIS Pack Vendor :STMicroelectronics X-CUBE-ALGOBUILD 1.3.0
2025-11-05 16:38:29,953 [INFO] ThirdParty:1030 - CMSIS Pack Vendor :STMicroelectronics X-CUBE-MEMS1 11.2.0
2025-11-05 16:38:29,953 [INFO] ThirdParty:1030 - CMSIS Pack Vendor :STMicroelectronics X-CUBE-AZRTOS-G0 1.1.0
2025-11-05 16:38:29,953 [INFO] ThirdParty:1030 - CMSIS Pack Vendor :STMicroelectronics X-CUBE-SAFEA1 1.2.2
2025-11-05 16:38:29,953 [INFO] ThirdParty:1030 - CMSIS Pack Vendor :STMicroelectronics X-CUBE-NFC4 3.0.0
2025-11-05 16:38:29,954 [INFO] ThirdParty:1030 - CMSIS Pack Vendor :STMicroelectronics X-CUBE-SUBG2 5.0.0
2025-11-05 16:38:29,954 [INFO] ThirdParty:1030 - CMSIS Pack Vendor :STMicroelectronics X-CUBE-AZRTOS-H7RS 1.1.0
2025-11-05 16:38:29,954 [INFO] ThirdParty:1030 - CMSIS Pack Vendor :STMicroelectronics STM32_WPAN 1.0.0
2025-11-05 16:38:29,954 [INFO] ThirdParty:1030 - CMSIS Pack Vendor :EmbeddedOffice I-CUBE-FS-RTOS 1.0.1
2025-11-05 16:38:29,954 [INFO] ThirdParty:1030 - CMSIS Pack Vendor :STMicroelectronics lwIP 2.0.3
2025-11-05 16:38:29,954 [INFO] ThirdParty:1030 - CMSIS Pack Vendor :Cesanta I-CUBE-Mongoose 7.13.0
2025-11-05 16:38:29,954 [INFO] ThirdParty:1030 - CMSIS Pack Vendor :STMicroelectronics USB_HOST 1.0.0
2025-11-05 16:38:29,954 [INFO] ThirdParty:1030 - CMSIS Pack Vendor :STMicroelectronics X-CUBE-AZRTOS-G4 2.0.0
2025-11-05 16:38:29,954 [INFO] ThirdParty:1030 - CMSIS Pack Vendor :STMicroelectronics X-CUBE-WB05N 2.0.0
2025-11-05 16:38:29,954 [INFO] ThirdParty:1030 - CMSIS Pack Vendor :STMicroelectronics PDM2PCM 3.1.0
2025-11-05 16:38:29,954 [INFO] ThirdParty:1030 - CMSIS Pack Vendor :STMicroelectronics X-CUBE-NFC7 2.0.0
2025-11-05 16:38:29,954 [INFO] ThirdParty:1030 - CMSIS Pack Vendor :RealThread X-CUBE-RT-Thread_Nano 4.1.1
2025-11-05 16:38:29,954 [INFO] ThirdParty:1030 - CMSIS Pack Vendor :wolfSSL I-CUBE-wolfSSL 5.7.0
2025-11-05 16:38:29,954 [INFO] ThirdParty:1030 - CMSIS Pack Vendor :STMicroelectronics FP-SNS-MOTENVWB1 1.3.1
2025-11-05 16:38:29,954 [INFO] ThirdParty:1030 - CMSIS Pack Vendor :STMicroelectronics FP-ATR-SIGFOX1 3.2.0
2025-11-05 16:38:29,954 [INFO] ThirdParty:1030 - CMSIS Pack Vendor :STMicroelectronics X-CUBE-ISPU 2.0.0
2025-11-05 16:38:29,954 [INFO] ThirdParty:1030 - CMSIS Pack Vendor :STMicroelectronics X-CUBE-EEPRMA1 5.1.0
2025-11-05 16:38:29,954 [INFO] ThirdParty:1030 - CMSIS Pack Vendor :STMicroelectronics MBEDTLS 2.16.2
2025-11-05 16:38:29,954 [INFO] ThirdParty:1030 - CMSIS Pack Vendor :STMicroelectronics X-CUBE-ALS 1.0.2
2025-11-05 16:38:29,954 [INFO] ThirdParty:1030 - CMSIS Pack Vendor :STMicroelectronics X-CUBE-MEMS1 10.0.0
2025-11-05 16:38:29,954 [INFO] ThirdParty:1030 - CMSIS Pack Vendor :STMicroelectronics X-CUBE-FREERTOS 1.1.0
2025-11-05 16:38:29,954 [INFO] ThirdParty:1030 - CMSIS Pack Vendor :STMicroelectronics X-CUBE-TOUCHGFX 4.24.0
2025-11-05 16:38:29,954 [INFO] ThirdParty:1030 - CMSIS Pack Vendor :ITTIA_DB I-CUBE-ITTIADB 8.9.0
2025-11-05 16:38:29,954 [INFO] ThirdParty:1030 - CMSIS Pack Vendor :STMicroelectronics X-CUBE-TOUCHGFX 4.24.1
2025-11-05 16:38:29,954 [INFO] ThirdParty:1030 - CMSIS Pack Vendor :STMicroelectronics X-CUBE-STSE01 1.0.0
2025-11-05 16:38:29,954 [INFO] ThirdParty:1030 - CMSIS Pack Vendor :portGmbH I-Cube-SoM-uGOAL 1.1.0
2025-11-05 16:38:29,954 [INFO] ThirdParty:1030 - CMSIS Pack Vendor :STMicroelectronics X-CUBE-ALS 1.0.1
2025-11-05 16:38:29,954 [INFO] ThirdParty:1030 - CMSIS Pack Vendor :STMicroelectronics X-CUBE-AI 10.2.0
2025-11-05 16:38:29,954 [INFO] ThirdParty:1030 - CMSIS Pack Vendor :STMicroelectronics ThreadX 1.0.0
2025-11-05 16:38:29,954 [INFO] ThirdParty:1030 - CMSIS Pack Vendor :SEGGER I-CUBE-embOS 1.3.1
2025-11-05 16:38:29,954 [INFO] ThirdParty:1030 - CMSIS Pack Vendor :STMicroelectronics X-CUBE-ALGOBUILD 1.4.0
2025-11-05 16:38:29,954 [INFO] ThirdParty:1030 - CMSIS Pack Vendor :STMicroelectronics X-CUBE-MEMS1 11.3.0
2025-11-05 16:38:29,954 [INFO] ThirdParty:1030 - CMSIS Pack Vendor :STMicroelectronics X-CUBE-AZRTOS-H7RS 1.0.0
2025-11-05 16:38:29,955 [INFO] ThirdParty:1030 - CMSIS Pack Vendor :STMicroelectronics FP-ATR-ASTRA1 2.0.0
2025-11-05 16:38:29,955 [INFO] ThirdParty:1030 - CMSIS Pack Vendor :STMicroelectronics X-CUBE-TOF1 3.4.2
2025-11-05 16:38:29,955 [INFO] ThirdParty:1030 - CMSIS Pack Vendor :STMicroelectronics X-CUBE-AI 9.1.0
2025-11-05 16:38:29,955 [INFO] ThirdParty:1030 - CMSIS Pack Vendor :STMicroelectronics X-CUBE-TOF1 3.4.1
2025-11-05 16:38:29,955 [INFO] ThirdParty:1030 - CMSIS Pack Vendor :STMicroelectronics X-CUBE-AZRTOS-H7 3.2.0
2025-11-05 16:38:29,955 [INFO] ThirdParty:1030 - CMSIS Pack Vendor :Infineon AIROC-Wi-Fi-Bluetooth-STM32 1.6.0
2025-11-05 16:38:29,955 [INFO] ThirdParty:1030 - CMSIS Pack Vendor :wolfSSL I-CUBE-wolfSSH 1.4.17
2025-11-05 16:38:29,955 [INFO] ThirdParty:841 - exiting critical section [change project]
2025-11-05 16:38:30,221 [INFO] PinOutPanel:1561 - setPackage(No Configuration,No Configuration)
2025-11-05 16:38:30,221 [INFO] PinOutPanel:1561 - setPackage(STM32F767VITx,LQFP100)
2025-11-05 16:38:30,859 [INFO] UtilMem:75 - Before build in PCC Used Memory: 815073256 Bytes (1073741824)
2025-11-05 16:38:31,249 [INFO] UtilMem:75 - After build in PCC Used Memory: 864882664 Bytes (1073741824)
2025-11-05 16:38:31,275 [INFO] IPUIPlugin:80 - create IPUIPlugin
2025-11-05 16:38:31,275 [INFO] IPUIPlugin:80 - create IPUIPlugin
2025-11-05 16:38:31,275 [INFO] IPUIPlugin:80 - create IPUIPlugin
2025-11-05 16:38:31,275 [INFO] IPUIPlugin:80 - create IPUIPlugin
2025-11-05 16:38:31,275 [INFO] IPUIPlugin:80 - create IPUIPlugin
2025-11-05 16:38:31,275 [INFO] IPUIPlugin:80 - create IPUIPlugin
2025-11-05 16:38:31,275 [INFO] IPUIPlugin:80 - create IPUIPlugin
2025-11-05 16:38:31,276 [INFO] IPUIPlugin:80 - create IPUIPlugin
2025-11-05 16:38:31,276 [INFO] IPUIPlugin:80 - create IPUIPlugin
2025-11-05 16:38:31,276 [INFO] IPUIPlugin:80 - create IPUIPlugin
2025-11-05 16:38:31,276 [INFO] IPUIPlugin:80 - create IPUIPlugin
2025-11-05 16:38:31,276 [INFO] IPUIPlugin:80 - create IPUIPlugin
2025-11-05 16:38:31,276 [INFO] IPUIPlugin:80 - create IPUIPlugin
2025-11-05 16:38:31,276 [INFO] IPUIPlugin:80 - create IPUIPlugin
2025-11-05 16:38:31,276 [INFO] IPUIPlugin:80 - create IPUIPlugin
2025-11-05 16:38:31,276 [INFO] IPUIPlugin:80 - create IPUIPlugin
2025-11-05 16:38:31,276 [INFO] IPUIPlugin:80 - create IPUIPlugin
2025-11-05 16:38:31,276 [INFO] IPUIPlugin:80 - create IPUIPlugin
2025-11-05 16:38:31,276 [INFO] IPUIPlugin:80 - create IPUIPlugin
2025-11-05 16:38:31,276 [INFO] IPUIPlugin:80 - create IPUIPlugin
2025-11-05 16:38:31,277 [INFO] IPUIPlugin:80 - create IPUIPlugin
2025-11-05 16:38:31,277 [INFO] IPUIPlugin:80 - create IPUIPlugin
2025-11-05 16:38:31,277 [INFO] IPUIPlugin:80 - create IPUIPlugin
2025-11-05 16:38:31,277 [INFO] IPUIPlugin:80 - create IPUIPlugin
2025-11-05 16:38:31,277 [INFO] IPUIPlugin:80 - create IPUIPlugin
2025-11-05 16:38:31,277 [INFO] IPUIPlugin:80 - create IPUIPlugin
2025-11-05 16:38:31,277 [INFO] IPUIPlugin:80 - create IPUIPlugin
2025-11-05 16:38:31,278 [INFO] IPUIPlugin:80 - create IPUIPlugin
2025-11-05 16:38:31,278 [INFO] IPUIPlugin:80 - create IPUIPlugin
2025-11-05 16:38:31,278 [INFO] IPUIPlugin:80 - create IPUIPlugin
2025-11-05 16:38:31,278 [INFO] IPUIPlugin:80 - create IPUIPlugin
2025-11-05 16:38:31,278 [INFO] IPUIPlugin:80 - create IPUIPlugin
2025-11-05 16:38:31,279 [INFO] IPUIPlugin:80 - create IPUIPlugin
2025-11-05 16:38:31,279 [INFO] IPUIPlugin:80 - create IPUIPlugin
2025-11-05 16:38:31,279 [INFO] IPUIPlugin:80 - create IPUIPlugin
2025-11-05 16:38:31,279 [INFO] IPUIPlugin:80 - create IPUIPlugin
2025-11-05 16:38:31,279 [INFO] IPUIPlugin:80 - create IPUIPlugin
2025-11-05 16:38:31,280 [INFO] IPUIPlugin:80 - create IPUIPlugin
2025-11-05 16:38:31,280 [INFO] IPUIPlugin:80 - create IPUIPlugin
2025-11-05 16:38:31,281 [INFO] IPUIPlugin:80 - create IPUIPlugin
2025-11-05 16:38:31,281 [INFO] IPUIPlugin:80 - create IPUIPlugin
2025-11-05 16:38:31,282 [INFO] IPUIPlugin:80 - create IPUIPlugin
2025-11-05 16:38:31,282 [INFO] IPUIPlugin:80 - create IPUIPlugin
2025-11-05 16:38:31,282 [INFO] IPUIPlugin:80 - create IPUIPlugin
2025-11-05 16:38:31,283 [INFO] IPUIPlugin:80 - create IPUIPlugin
2025-11-05 16:38:31,283 [INFO] IPUIPlugin:80 - create IPUIPlugin
2025-11-05 16:38:31,284 [INFO] IPUIPlugin:80 - create IPUIPlugin
2025-11-05 16:38:31,284 [INFO] IPUIPlugin:80 - create IPUIPlugin
2025-11-05 16:38:31,284 [INFO] IPUIPlugin:80 - create IPUIPlugin
2025-11-05 16:38:31,284 [INFO] IPUIPlugin:80 - create IPUIPlugin
2025-11-05 16:38:31,285 [INFO] IPUIPlugin:80 - create IPUIPlugin
2025-11-05 16:38:31,285 [INFO] IPUIPlugin:80 - create IPUIPlugin
2025-11-05 16:38:31,286 [INFO] IPUIPlugin:80 - create IPUIPlugin
2025-11-05 16:38:31,286 [INFO] IPUIPlugin:80 - create IPUIPlugin
2025-11-05 16:38:31,286 [INFO] IPUIPlugin:80 - create IPUIPlugin
2025-11-05 16:38:31,286 [INFO] IPUIPlugin:80 - create IPUIPlugin
2025-11-05 16:38:31,287 [INFO] IPUIPlugin:80 - create IPUIPlugin
2025-11-05 16:38:31,287 [INFO] IPUIPlugin:80 - create IPUIPlugin
2025-11-05 16:38:31,287 [INFO] IPUIPlugin:80 - create IPUIPlugin
2025-11-05 16:38:31,287 [INFO] IPUIPlugin:80 - create IPUIPlugin
2025-11-05 16:38:31,288 [INFO] IPUIPlugin:80 - create IPUIPlugin
2025-11-05 16:38:31,288 [INFO] IPUIPlugin:80 - create IPUIPlugin
2025-11-05 16:38:31,288 [INFO] IPUIPlugin:80 - create IPUIPlugin
2025-11-05 16:38:31,288 [INFO] IPUIPlugin:80 - create IPUIPlugin
2025-11-05 16:38:31,289 [INFO] IPUIPlugin:80 - create IPUIPlugin
2025-11-05 16:38:31,289 [INFO] IPUIPlugin:80 - create IPUIPlugin
2025-11-05 16:38:31,289 [INFO] IPUIPlugin:80 - create IPUIPlugin
2025-11-05 16:38:31,290 [INFO] IPUIPlugin:80 - create IPUIPlugin
2025-11-05 16:38:31,290 [INFO] IPUIPlugin:80 - create IPUIPlugin
2025-11-05 16:38:31,290 [INFO] IPUIPlugin:80 - create IPUIPlugin
2025-11-05 16:38:31,291 [INFO] IPUIPlugin:80 - create IPUIPlugin
2025-11-05 16:38:31,291 [INFO] IPUIPlugin:80 - create IPUIPlugin
2025-11-05 16:38:31,291 [INFO] IPUIPlugin:80 - create IPUIPlugin
2025-11-05 16:38:31,292 [INFO] IPUIPlugin:80 - create IPUIPlugin
2025-11-05 16:38:31,292 [INFO] IPUIPlugin:80 - create IPUIPlugin
2025-11-05 16:38:31,293 [INFO] IPUIPlugin:80 - create IPUIPlugin
2025-11-05 16:38:31,293 [INFO] IPUIPlugin:80 - create IPUIPlugin
2025-11-05 16:38:31,294 [INFO] IPUIPlugin:80 - create IPUIPlugin
2025-11-05 16:38:31,320 [INFO] ApiDbMcu:508 - Load IP Config File for PDM2PCM
2025-11-05 16:38:31,416 [INFO] CADModel:165 - CPN selected for project levelSTM32F767VIT7
2025-11-05 16:38:31,416 [INFO] CADModel:114 - Register for checkConnection events
2025-11-05 16:38:31,547 [INFO] OpenFileManager:343 - Restore cursor
2025-11-05 18:37:29,013 [INFO] WebApp:354 - JxBrowser engine has been closed 
2025-11-05 18:45:42,674 [INFO] Activator:176 - 


2025-11-05 18:45:42,679 [INFO] Activator:177 - !SESSION log4j initialized
2025-11-05 18:45:49,975 [INFO] LogOutputStream:77 - [STDOUT_REDIRECT] 
2025-11-05 18:45:53,973 [INFO] ApplicationProperties:184 - Using Application install path: C:\ST\STM32CubeIDE_1.15.0\STM32CubeIDE\plugins\com.st.stm32cube.common.mx_6.11.0.202403141607
2025-11-05 18:45:53,999 [INFO] DbMcusXml:78 - Set database path to: C:\ST\STM32CubeIDE_1.15.0\STM32CubeIDE\plugins\com.st.stm32cube.common.mx_6.11.0.202403141607\\db\/mcu/
2025-11-05 18:45:53,999 [INFO] ApiDb:274 - Set plugin database path to: C:\ST\STM32CubeIDE_1.15.0\STM32CubeIDE\plugins\com.st.stm32cube.common.mx_6.11.0.202403141607\\db\/plugins/boardmanager/
2025-11-05 18:45:54,000 [WARN] ApiDb:259 - Overriding images path with different value:  => C:\ST\STM32CubeIDE_1.15.0\STM32CubeIDE\plugins\com.st.stm32cube.common.mx_6.11.0.202403141607\\db\/plugins/mcufinder/images/
2025-11-05 18:45:54,005 [INFO] ApiDb:250 - Set database path to: C:\Users\racin\.stmcufinder\plugins\mcufinder//mcu/
2025-11-05 18:45:54,006 [INFO] DbMcusAds:125 - Set database path to: C:\Users\racin\.stmcufinder\plugins\mcufinder//mcu/
2025-11-05 18:45:54,008 [INFO] CrossReferenceDbSqlite:203 - Set database path to: C:\Users\racin\.stmcufinder\plugins\mcufinder//mcu/cs/
2025-11-05 18:45:54,140 [INFO] RulesReader:64 - Compatibility file has been processed (297 Rules)
2025-11-05 18:45:54,224 [INFO] DbMcusXml:78 - Set database path to: C:\ST\STM32CubeIDE_1.15.0\STM32CubeIDE\plugins\com.st.stm32cube.common.mx_6.11.0.202403141607\\db\/mcu/
2025-11-05 18:45:54,225 [INFO] ApiDb:274 - Set plugin database path to: C:\ST\STM32CubeIDE_1.15.0\STM32CubeIDE\plugins\com.st.stm32cube.common.mx_6.11.0.202403141607\\db\/plugins/boardmanager/
2025-11-05 18:45:54,225 [INFO] ApiDb:261 - Set plugin images path to: C:\ST\STM32CubeIDE_1.15.0\STM32CubeIDE\plugins\com.st.stm32cube.common.mx_6.11.0.202403141607\\db\/plugins/mcufinder/images/
2025-11-05 18:45:54,225 [WARN] DbFile:41 - Overriding database path with different value: C:\Users\racin\.stmcufinder\plugins\mcufinder/ => C:\Users\racin\.stmcufinder\plugins\mcufinder
2025-11-05 18:45:54,225 [INFO] ApiDb:250 - Set database path to: C:\Users\racin\.stmcufinder\plugins\mcufinder//mcu/
2025-11-05 18:45:54,225 [WARN] DbFile:41 - Overriding database path with different value: C:\Users\racin\.stmcufinder\plugins\mcufinder/ => C:\Users\racin\.stmcufinder\plugins\mcufinder
2025-11-05 18:45:54,225 [INFO] DbMcusAds:125 - Set database path to: C:\Users\racin\.stmcufinder\plugins\mcufinder//mcu/
2025-11-05 18:45:54,225 [WARN] DbFile:41 - Overriding database path with different value: C:\Users\racin\.stmcufinder\plugins\mcufinder/ => C:\Users\racin\.stmcufinder\plugins\mcufinder
2025-11-05 18:45:54,225 [WARN] DbFile:41 - Overriding database path with different value: C:\Users\racin\.stmcufinder\plugins\mcufinder/ => C:\Users\racin\.stmcufinder\plugins\mcufinder
2025-11-05 18:45:54,225 [INFO] CrossReferenceDbSqlite:203 - Set database path to: C:\Users\racin\.stmcufinder\plugins\mcufinder//mcu/cs/
2025-11-05 18:45:54,305 [INFO] MainPanel:264 - HeapMemory: 268435456
2025-11-05 18:45:54,384 [INFO] DbMcusXml:78 - Set database path to: C:\ST\STM32CubeIDE_1.15.0\STM32CubeIDE\plugins\com.st.stm32cube.common.mx_6.11.0.202403141607\\db\/mcu/
2025-11-05 18:45:54,384 [INFO] ApiDb:274 - Set plugin database path to: C:\ST\STM32CubeIDE_1.15.0\STM32CubeIDE\plugins\com.st.stm32cube.common.mx_6.11.0.202403141607\\db\/plugins/boardmanager/
2025-11-05 18:45:54,384 [INFO] ApiDb:261 - Set plugin images path to: C:\ST\STM32CubeIDE_1.15.0\STM32CubeIDE\plugins\com.st.stm32cube.common.mx_6.11.0.202403141607\\db\/plugins/mcufinder/images/
2025-11-05 18:45:54,384 [WARN] DbFile:41 - Overriding database path with different value: C:\Users\racin\.stmcufinder\plugins\mcufinder/ => C:\Users\racin\.stmcufinder\plugins\mcufinder
2025-11-05 18:45:54,384 [INFO] ApiDb:250 - Set database path to: C:\Users\racin\.stmcufinder\plugins\mcufinder//mcu/
2025-11-05 18:45:54,384 [WARN] DbFile:41 - Overriding database path with different value: C:\Users\racin\.stmcufinder\plugins\mcufinder/ => C:\Users\racin\.stmcufinder\plugins\mcufinder
2025-11-05 18:45:54,384 [INFO] DbMcusAds:125 - Set database path to: C:\Users\racin\.stmcufinder\plugins\mcufinder//mcu/
2025-11-05 18:45:54,385 [WARN] DbFile:41 - Overriding database path with different value: C:\Users\racin\.stmcufinder\plugins\mcufinder/ => C:\Users\racin\.stmcufinder\plugins\mcufinder
2025-11-05 18:45:54,385 [WARN] DbFile:41 - Overriding database path with different value: C:\Users\racin\.stmcufinder\plugins\mcufinder/ => C:\Users\racin\.stmcufinder\plugins\mcufinder
2025-11-05 18:45:54,385 [INFO] CrossReferenceDbSqlite:203 - Set database path to: C:\Users\racin\.stmcufinder\plugins\mcufinder//mcu/cs/
2025-11-05 18:45:54,403 [INFO] ApplicationProperties:184 - Using Application install path: C:\ST\STM32CubeIDE_1.15.0\STM32CubeIDE\plugins\com.st.stm32cube.common.mx_6.11.0.202403141607
2025-11-05 18:45:54,405 [INFO] PluginManage:196 - Search for loadable plugins [exclusion list=, ]
2025-11-05 18:45:54,406 [INFO] PluginManage:310 - Check plugin analytics
2025-11-05 18:45:54,657 [INFO] AnalyticsPlugin:253 - Accepted Software Licenses: 
2025-11-05 18:45:54,658 [INFO] AnalyticsPlugin:255 - Accepted CMSIS Pack Licenses: 
2025-11-05 18:45:54,658 [INFO] AnalyticsPlugin:257 - Accepted Firmware Licenses: FW.L4.1.18.0,FW.F7.1.17.0,FW.H7.1.11.0,FW.F4.1.28.0
2025-11-05 18:45:54,662 [INFO] PluginManage:359 - Loaded plugin analytics (category:tool,tabindex:-1)
2025-11-05 18:45:54,664 [INFO] PluginManage:310 - Check plugin cadmodel
2025-11-05 18:45:54,668 [INFO] CADModel:105 - Init CAD model plugin
2025-11-05 18:45:54,668 [INFO] PluginManage:359 - Loaded plugin cadmodel (category:power,tabindex:5)
2025-11-05 18:45:54,668 [INFO] PluginManage:310 - Check plugin clock
2025-11-05 18:45:54,681 [INFO] PluginManage:359 - Loaded plugin clock (category:base,tabindex:2)
2025-11-05 18:45:54,681 [INFO] PluginManage:310 - Check plugin ddr
2025-11-05 18:45:54,683 [INFO] PluginManage:359 - Loaded plugin ddr (category:tool,tabindex:6)
2025-11-05 18:45:54,684 [INFO] PluginManage:310 - Check plugin filemanager
2025-11-05 18:45:54,931 [INFO] PluginManage:359 - Loaded plugin filemanager (category:base,tabindex:10)
2025-11-05 18:45:54,931 [INFO] PluginManage:310 - Check plugin ipmanager
2025-11-05 18:45:54,939 [INFO] PluginManage:359 - Loaded plugin ipmanager (category:base,tabindex:5)
2025-11-05 18:45:54,939 [INFO] PluginManage:310 - Check plugin lpbam
2025-11-05 18:45:54,952 [INFO] PluginManage:359 - Loaded plugin lpbam (category:base,tabindex:0)
2025-11-05 18:45:54,952 [INFO] PluginManage:310 - Check plugin memorymap
2025-11-05 18:45:54,971 [INFO] PluginManage:359 - Loaded plugin memorymap (category:base,tabindex:4)
2025-11-05 18:45:54,972 [INFO] PluginManage:310 - Check plugin pinoutandconfiguration
2025-11-05 18:45:54,987 [INFO] PluginManage:359 - Loaded plugin pinoutandconfiguration (category:base,tabindex:1)
2025-11-05 18:45:54,988 [INFO] PluginManage:310 - Check plugin pinoutconfig
2025-11-05 18:45:55,124 [WARN] SupportedApi:132 - Cannot load RTOS API schema: s4s-elt-must-match.1: The content of 'definitions' must match (annotation?, (simpleType | complexType)?, (unique | key | keyref)*)). A problem was found starting at: attribute.
2025-11-05 18:45:55,337 [INFO] PluginManage:359 - Loaded plugin pinoutconfig (category:base,tabindex:0)
2025-11-05 18:45:55,337 [INFO] PluginManage:310 - Check plugin power
2025-11-05 18:45:55,350 [INFO] PluginManage:359 - Loaded plugin power (category:power,tabindex:4)
2025-11-05 18:45:55,350 [INFO] PluginManage:310 - Check plugin projectmanager
2025-11-05 18:45:55,374 [INFO] PluginManage:359 - Loaded plugin projectmanager (category:projectmanager,tabindex:3)
2025-11-05 18:45:55,374 [INFO] PluginManage:310 - Check plugin thirdparty
2025-11-05 18:45:55,653 [INFO] PluginManage:359 - Loaded plugin thirdparty (category:base,tabindex:-1)
2025-11-05 18:45:55,653 [INFO] PluginManage:310 - Check plugin tools
2025-11-05 18:45:55,653 [WARN] IntegrityCheckThread:84 - waiting for thirdparty lock release [integrity check]
2025-11-05 18:45:55,654 [INFO] IntegrityCheckThread:86 - entering critical section [integrity check]
2025-11-05 18:45:55,654 [INFO] ThirdPartyUpdaterWithRetryManager:70 - Updater plugin not ready yet. [1/15]
2025-11-05 18:45:55,657 [INFO] PluginManage:359 - Loaded plugin tools (category:base,tabindex:7)
2025-11-05 18:45:55,657 [INFO] PluginManage:310 - Check plugin tutovideos
2025-11-05 18:45:55,907 [INFO] PluginManage:359 - Loaded plugin tutovideos (category:base,tabindex:-1)
2025-11-05 18:45:55,907 [INFO] PluginManage:310 - Check plugin updater
2025-11-05 18:45:55,922 [INFO] PluginManage:359 - Loaded plugin updater (category:base,tabindex:12)
2025-11-05 18:45:55,922 [INFO] PluginManage:310 - Check plugin userauth
2025-11-05 18:45:55,932 [INFO] UserAuth:114 - Init User Auth plugin
2025-11-05 18:45:55,932 [INFO] PluginManage:359 - Loaded plugin userauth (category:base,tabindex:14)
2025-11-05 18:45:55,932 [INFO] PluginManage:283 - PluginManage : Loaded plugins [17]
2025-11-05 18:45:56,290 [INFO] PinOutPanel:1561 - setPackage(No Configuration,No Configuration)
2025-11-05 18:45:56,383 [INFO] CADModel:165 - CPN selected for project level
2025-11-05 18:45:56,384 [INFO] CADModel:114 - Register for checkConnection events
2025-11-05 18:45:56,402 [INFO] IPUIPlugin:80 - create IPUIPlugin
2025-11-05 18:45:56,402 [INFO] PluginManager:220 - loadIPPluginJar : add adc
2025-11-05 18:45:56,404 [INFO] IPUIPlugin:80 - create IPUIPlugin
2025-11-05 18:45:56,405 [INFO] PluginManager:220 - loadIPPluginJar : add aes
2025-11-05 18:45:56,407 [INFO] IPUIPlugin:80 - create IPUIPlugin
2025-11-05 18:45:56,407 [INFO] PluginManager:220 - loadIPPluginJar : add can
2025-11-05 18:45:56,409 [INFO] IPUIPlugin:80 - create IPUIPlugin
2025-11-05 18:45:56,409 [INFO] PluginManager:220 - loadIPPluginJar : add comp
2025-11-05 18:45:56,413 [INFO] IPUIPlugin:80 - create IPUIPlugin
2025-11-05 18:45:56,413 [INFO] PluginManager:220 - loadIPPluginJar : add cryp
2025-11-05 18:45:56,415 [INFO] IPUIPlugin:80 - create IPUIPlugin
2025-11-05 18:45:56,415 [INFO] PluginManager:220 - loadIPPluginJar : add dfsdm
2025-11-05 18:45:56,420 [INFO] IPUIPlugin:80 - create IPUIPlugin
2025-11-05 18:45:56,421 [INFO] PluginManager:220 - loadIPPluginJar : add dma
2025-11-05 18:45:56,423 [INFO] IPUIPlugin:80 - create IPUIPlugin
2025-11-05 18:45:56,423 [INFO] PluginManager:220 - loadIPPluginJar : add dma3
2025-11-05 18:45:56,425 [INFO] IPUIPlugin:80 - create IPUIPlugin
2025-11-05 18:45:56,426 [INFO] PluginManager:220 - loadIPPluginJar : add extmemmanager
2025-11-05 18:45:56,428 [INFO] IPUIPlugin:80 - create IPUIPlugin
2025-11-05 18:45:56,429 [INFO] PluginManager:220 - loadIPPluginJar : add fatfs
2025-11-05 18:45:56,433 [INFO] IPUIPlugin:80 - create IPUIPlugin
2025-11-05 18:45:56,433 [INFO] PluginManager:220 - loadIPPluginJar : add fmc
2025-11-05 18:45:56,438 [INFO] IPUIPlugin:80 - create IPUIPlugin
2025-11-05 18:45:56,438 [INFO] PluginManager:220 - loadIPPluginJar : add freertos
2025-11-05 18:45:56,440 [INFO] IPUIPlugin:80 - create IPUIPlugin
2025-11-05 18:45:56,440 [INFO] PluginManager:220 - loadIPPluginJar : add genericplugin
2025-11-05 18:45:56,442 [INFO] IPUIPlugin:80 - create IPUIPlugin
2025-11-05 18:45:56,442 [INFO] PluginManager:220 - loadIPPluginJar : add gfxmmu
2025-11-05 18:45:56,449 [INFO] IPUIPlugin:80 - create IPUIPlugin
2025-11-05 18:45:56,450 [INFO] PluginManager:220 - loadIPPluginJar : add gic
2025-11-05 18:45:56,453 [INFO] IPUIPlugin:80 - create IPUIPlugin
2025-11-05 18:45:56,453 [INFO] PluginManager:220 - loadIPPluginJar : add gpio
2025-11-05 18:45:56,455 [INFO] IPUIPlugin:80 - create IPUIPlugin
2025-11-05 18:45:56,456 [INFO] PluginManager:220 - loadIPPluginJar : add gtzc
2025-11-05 18:45:56,458 [INFO] IPUIPlugin:80 - create IPUIPlugin
2025-11-05 18:45:56,459 [INFO] PluginManager:220 - loadIPPluginJar : add hash
2025-11-05 18:45:56,465 [INFO] IPUIPlugin:80 - create IPUIPlugin
2025-11-05 18:45:56,465 [INFO] PluginManager:220 - loadIPPluginJar : add i2c
2025-11-05 18:45:56,469 [INFO] IPUIPlugin:80 - create IPUIPlugin
2025-11-05 18:45:56,470 [INFO] PluginManager:220 - loadIPPluginJar : add i2s
2025-11-05 18:45:56,474 [INFO] IPUIPlugin:80 - create IPUIPlugin
2025-11-05 18:45:56,474 [INFO] PluginManager:220 - loadIPPluginJar : add i3c
2025-11-05 18:45:56,484 [INFO] IPUIPlugin:80 - create IPUIPlugin
2025-11-05 18:45:56,485 [INFO] PluginManager:220 - loadIPPluginJar : add ipddr
2025-11-05 18:45:56,500 [INFO] IPUIPlugin:80 - create IPUIPlugin
2025-11-05 18:45:56,500 [INFO] PluginManager:220 - loadIPPluginJar : add linkedlist
2025-11-05 18:45:56,503 [INFO] IPUIPlugin:80 - create IPUIPlugin
2025-11-05 18:45:56,503 [INFO] PluginManager:220 - loadIPPluginJar : add lorawan
2025-11-05 18:45:56,505 [INFO] IPUIPlugin:80 - create IPUIPlugin
2025-11-05 18:45:56,505 [INFO] PluginManager:220 - loadIPPluginJar : add ltdc
2025-11-05 18:45:56,512 [INFO] IPUIPlugin:80 - create IPUIPlugin
2025-11-05 18:45:56,513 [INFO] PluginManager:220 - loadIPPluginJar : add mdma
2025-11-05 18:45:56,516 [INFO] IPUIPlugin:80 - create IPUIPlugin
2025-11-05 18:45:56,517 [INFO] PluginManager:220 - loadIPPluginJar : add nvic
2025-11-05 18:45:56,519 [INFO] IPUIPlugin:80 - create IPUIPlugin
2025-11-05 18:45:56,519 [INFO] PluginManager:220 - loadIPPluginJar : add opamp
2025-11-05 18:45:56,522 [INFO] IPUIPlugin:80 - create IPUIPlugin
2025-11-05 18:45:56,522 [INFO] PluginManager:220 - loadIPPluginJar : add openamp
2025-11-05 18:45:56,525 [INFO] IPUIPlugin:80 - create IPUIPlugin
2025-11-05 18:45:56,525 [INFO] PluginManager:220 - loadIPPluginJar : add pdm2pcm
2025-11-05 18:45:56,535 [INFO] IPUIPlugin:80 - create IPUIPlugin
2025-11-05 18:45:56,538 [INFO] PluginManager:220 - loadIPPluginJar : add plateformsettings
2025-11-05 18:45:56,540 [INFO] IPUIPlugin:80 - create IPUIPlugin
2025-11-05 18:45:56,540 [INFO] PluginManager:220 - loadIPPluginJar : add quadspi
2025-11-05 18:45:56,542 [INFO] IPUIPlugin:80 - create IPUIPlugin
2025-11-05 18:45:56,542 [INFO] PluginManager:220 - loadIPPluginJar : add resmgrutility
2025-11-05 18:45:56,549 [INFO] IPUIPlugin:80 - create IPUIPlugin
2025-11-05 18:45:56,549 [INFO] PluginManager:220 - loadIPPluginJar : add sai
2025-11-05 18:45:56,552 [INFO] IPUIPlugin:80 - create IPUIPlugin
2025-11-05 18:45:56,552 [INFO] PluginManager:220 - loadIPPluginJar : add spi
2025-11-05 18:45:56,558 [INFO] IPUIPlugin:80 - create IPUIPlugin
2025-11-05 18:45:56,558 [INFO] PluginManager:220 - loadIPPluginJar : add stm32_wpan
2025-11-05 18:45:56,563 [INFO] IPUIPlugin:80 - create IPUIPlugin
2025-11-05 18:45:56,563 [INFO] PluginManager:220 - loadIPPluginJar : add tim
2025-11-05 18:45:56,567 [INFO] IPUIPlugin:80 - create IPUIPlugin
2025-11-05 18:45:56,567 [INFO] PluginManager:220 - loadIPPluginJar : add touchsensing
2025-11-05 18:45:56,569 [INFO] IPUIPlugin:80 - create IPUIPlugin
2025-11-05 18:45:56,569 [INFO] PluginManager:220 - loadIPPluginJar : add tracer_emb
2025-11-05 18:45:56,571 [INFO] IPUIPlugin:80 - create IPUIPlugin
2025-11-05 18:45:56,572 [INFO] PluginManager:220 - loadIPPluginJar : add ts
2025-11-05 18:45:56,573 [INFO] IPUIPlugin:80 - create IPUIPlugin
2025-11-05 18:45:56,573 [INFO] PluginManager:220 - loadIPPluginJar : add tsc
2025-11-05 18:45:56,575 [INFO] IPUIPlugin:80 - create IPUIPlugin
2025-11-05 18:45:56,575 [INFO] PluginManager:220 - loadIPPluginJar : add ucpd
2025-11-05 18:45:56,581 [INFO] IPUIPlugin:80 - create IPUIPlugin
2025-11-05 18:45:56,581 [INFO] PluginManager:220 - loadIPPluginJar : add usart
2025-11-05 18:45:56,584 [INFO] IPUIPlugin:80 - create IPUIPlugin
2025-11-05 18:45:56,584 [INFO] PluginManager:220 - loadIPPluginJar : add usbx
2025-11-05 18:45:56,739 [INFO] CADModel:165 - CPN selected for project level
2025-11-05 18:45:56,739 [INFO] CADModel:114 - Register for checkConnection events
2025-11-05 18:45:56,740 [FATAL] Updater:308 - Updater called before beeing initialized
2025-11-05 18:45:56,740 [ERROR] CADModel:125 - Updater not yet initialized, retry later 
2025-11-05 18:45:56,919 [INFO] CADModel:165 - CPN selected for project level
2025-11-05 18:45:56,919 [INFO] CADModel:114 - Register for checkConnection events
2025-11-05 18:45:56,919 [FATAL] Updater:308 - Updater called before beeing initialized
2025-11-05 18:45:56,919 [ERROR] CADModel:125 - Updater not yet initialized, retry later 
2025-11-05 18:45:56,922 [FATAL] Updater:308 - Updater called before beeing initialized
2025-11-05 18:45:57,051 [FATAL] Updater:308 - Updater called before beeing initialized
2025-11-05 18:45:57,055 [INFO] DbMcusAds:53 - JSON generation date=Thu Oct 02 11:36:05 CEST 2025 (1759397765645)
2025-11-05 18:45:57,055 [FATAL] Updater:308 - Updater called before beeing initialized
2025-11-05 18:45:57,092 [WARN] DetailPanel:346 - Failed to get advertising image, set to default
2025-11-05 18:45:57,216 [FATAL] Updater:308 - Updater called before beeing initialized
2025-11-05 18:45:57,218 [FATAL] Updater:308 - Updater called before beeing initialized
2025-11-05 18:45:57,218 [FATAL] Updater:308 - Updater called before beeing initialized
2025-11-05 18:45:57,218 [WARN] DetailPanel:346 - Failed to get advertising image, set to default
2025-11-05 18:45:57,218 [FATAL] Updater:308 - Updater called before beeing initialized
2025-11-05 18:45:57,272 [ERROR] Updater:1120 - MainUpdater not yet initialized. External WinMGr cannot be set.
2025-11-05 18:45:57,273 [INFO] Updater:1056 - Updater Version found : 6.11.0
2025-11-05 18:45:57,298 [INFO] ApplicationProperties:184 - Using Application install path: C:\ST\STM32CubeIDE_1.15.0\STM32CubeIDE\plugins\com.st.stm32cube.common.mx_6.11.0.202403141607
2025-11-05 18:45:58,655 [INFO] ThirdPartyUpdaterWithRetryManager:70 - Updater plugin not ready yet. [2/15]
2025-11-05 18:45:58,900 [ERROR] LogOutputStream:75 - [STDERR_REDIRECT] Nov 05, 2025 6:45:58 PM java.util.prefs.WindowsPreferences <init>
2025-11-05 18:45:58,904 [ERROR] LogOutputStream:75 - [STDERR_REDIRECT] WARNING: Could not open/create prefs root node Software\JavaSoft\Prefs at root 0xffffffff80000002. Windows RegCreateKeyEx(...) returned error code 5.
2025-11-05 18:45:58,905 [ERROR] LogOutputStream:75 - [STDERR_REDIRECT] 
2025-11-05 18:45:59,205 [INFO] MainUpdater:2873 - connection check result : 10
2025-11-05 18:45:59,205 [INFO] MainUpdater:290 - Updater Check For Update Now.
2025-11-05 18:45:59,206 [INFO] MicroXplorer:498 - Change Database Version : DB.6.0.110
2025-11-05 18:45:59,214 [INFO] McuFinderGlobals:63 - Set McuFinder mode to 2 (CubeIDE integrated)
2025-11-05 18:45:59,219 [INFO] UserAuth:415 - Internet connection configuration mode: 1
2025-11-05 18:45:59,238 [INFO] JxBrowserEngine:152 - Initiate JxBrowser Engine with user profile folder
2025-11-05 18:45:59,492 [INFO] CheckServerUpdateThread:120 - End of CheckServer Thread
2025-11-05 18:46:00,004 [INFO] WebApp:161 - Instantiating new browser for Auth
2025-11-05 18:46:00,855 [INFO] WebApp:779 - Register for checkConnection events
2025-11-05 18:46:00,855 [INFO] WebApp:414 - Apply proxy settings
2025-11-05 18:46:00,855 [INFO] WebApp:499 - Chromium requires no authentication
2025-11-05 18:46:00,863 [INFO] WebApp:442 - Direct internet connection detected
2025-11-05 18:46:01,072 [INFO] WebApp:192 - Starting web application
2025-11-05 18:46:01,072 [INFO] WebApp:544 - Web application path used C:\ST\STM32CubeIDE_1.15.0\STM32CubeIDE\plugins\com.st.stm32cube.common.mx_6.11.0.202403141607\db\plugins\mcufinder\reactClient1\index.html
2025-11-05 18:46:01,975 [WARN] PackLoader:240 - Cannot read IP mode file for STMicroelectronics.FP-SNS-MOTENVWB1.1.4.0
2025-11-05 18:46:01,987 [WARN] PackLoader:240 - Cannot read IP mode file for STMicroelectronics.FP-ATR-ASTRA1.2.0.2
2025-11-05 18:46:02,001 [WARN] PackLoader:240 - Cannot read IP mode file for STMicroelectronics.X-CUBE-SMBUS.2.1.0
2025-11-05 18:46:02,009 [WARN] PackLoader:240 - Cannot read IP mode file for STMicroelectronics.X-CUBE-WB05N.1.1.0
2025-11-05 18:46:02,017 [ERROR] Engine:466 - C:\Users\racin\.stm32cubemx\thirdparties\pdsc\STMicroelectronics.X-CUBE-ST60.1.0.0.pdsc: PDSC version is not supported
2025-11-05 18:46:02,022 [WARN] PackLoader:240 - Cannot read IP mode file for STMicroelectronics.X-CUBE-TOUCHGFX.4.23.2
2025-11-05 18:46:02,057 [WARN] PackLoader:240 - Cannot read IP mode file for STMicroelectronics.X-CUBE-AZRTOS-F7.1.1.0
2025-11-05 18:46:02,140 [WARN] PackLoader:240 - Cannot read IP mode file for STMicroelectronics.X-CUBE-MEMS1.11.0.0
2025-11-05 18:46:02,571 [ERROR] Engine:466 - C:\Users\racin\.stm32cubemx\thirdparties\pdsc\STMicroelectronics.FP-SNS-MOTENV1.5.1.0.pdsc: PDSC version is not supported
2025-11-05 18:46:02,575 [WARN] PackLoader:240 - Cannot read IP mode file for STMicroelectronics.FP-SNS-FLIGHT1.5.0.2
2025-11-05 18:46:02,603 [WARN] PackLoader:240 - Cannot read IP mode file for STMicroelectronics.X-CUBE-AZRTOS-H7.3.4.0
2025-11-05 18:46:02,620 [WARN] PackLoader:240 - Cannot read IP mode file for STMicroelectronics.X-CUBE-DISPLAY.3.0.0
2025-11-05 18:46:02,649 [WARN] PackLoader:240 - Cannot read IP mode file for STMicroelectronics.X-CUBE-BLE1.7.0.0
2025-11-05 18:46:02,654 [WARN] PackLoader:240 - Cannot read IP mode file for STMicroelectronics.X-CUBE-NFC10.1.0.0
2025-11-05 18:46:02,672 [WARN] PackLoader:240 - Cannot read IP mode file for STMicroelectronics.X-CUBE-BLEMGR.4.0.0
2025-11-05 18:46:02,682 [ERROR] Engine:466 - C:\Users\racin\.stm32cubemx\thirdparties\pdsc\STMicroelectronics.X-CUBE-ST60.1.1.0.pdsc: PDSC version is not supported
2025-11-05 18:46:02,687 [WARN] PackLoader:240 - Cannot read IP mode file for emotas.I-CUBE-CANOPEN.1.3.0
2025-11-05 18:46:02,691 [WARN] PackLoader:240 - Cannot read IP mode file for STMicroelectronics.X-CUBE-GNSS1.7.1.0
2025-11-05 18:46:02,706 [WARN] ConditionMgr:438 - getConditionDescription Invalid condition id : Cortex-A Device cause : null
2025-11-05 18:46:02,742 [WARN] ConditionMgr:1039 - genDependencies : Invalid condition id : Cortex-A Device cause : null
2025-11-05 18:46:02,742 [WARN] ConditionMgr:1039 - genDependencies : Invalid condition id : Cortex-A Device cause : null
2025-11-05 18:46:02,743 [WARN] ConditionMgr:1039 - genDependencies : Invalid condition id : Cortex-A Device cause : null
2025-11-05 18:46:02,755 [WARN] PackLoader:240 - Cannot read IP mode file for STMicroelectronics.X-CUBE-BLEMGR.3.1.0
2025-11-05 18:46:02,767 [WARN] PackLoader:240 - Cannot read IP mode file for STMicroelectronics.X-CUBE-AI.10.0.0
2025-11-05 18:46:02,770 [ERROR] Engine:466 - C:\Users\racin\.stm32cubemx\thirdparties\pdsc\STMicroelectronics.FP-SNS-STBOX1.2.1.0.pdsc: PDSC version is not supported
2025-11-05 18:46:02,774 [WARN] PackLoader:240 - Cannot read IP mode file for STMicroelectronics.FP-SNS-SMARTAG2.1.2.0
2025-11-05 18:46:02,776 [ERROR] Engine:466 - C:\Users\racin\.stm32cubemx\thirdparties\pdsc\STMicroelectronics.FP-SNS-FLIGHT1.5.1.0.pdsc: PDSC version is not supported
2025-11-05 18:46:02,859 [WARN] PackLoader:240 - Cannot read IP mode file for STMicroelectronics.X-CUBE-MEMS1.11.1.0
2025-11-05 18:46:03,093 [INFO] LogOutputStream:77 - [STDOUT_REDIRECT] 1 : Invalid condition id : UX_CORESTACK_Condition cause : null
2025-11-05 18:46:03,100 [INFO] LogOutputStream:77 - [STDOUT_REDIRECT] 1 : Invalid condition id : UX_CORESTACK_Condition cause : null
2025-11-05 18:46:03,102 [INFO] LogOutputStream:77 - [STDOUT_REDIRECT] 1 : Invalid condition id : UX_CORESTACK_Condition cause : null
2025-11-05 18:46:03,104 [INFO] LogOutputStream:77 - [STDOUT_REDIRECT] 1 : Invalid condition id : UX_CORESTACK_Condition cause : null
2025-11-05 18:46:03,105 [INFO] LogOutputStream:77 - [STDOUT_REDIRECT] 1 : Invalid condition id : UX_CORESTACK_Condition cause : null
2025-11-05 18:46:03,137 [WARN] PackLoader:240 - Cannot read IP mode file for STMicroelectronics.X-CUBE-AZRTOS-WL.2.0.0
2025-11-05 18:46:03,151 [WARN] PackLoader:240 - Cannot read IP mode file for STMicroelectronics.FP-SNS-MOTENV1.5.0.0
2025-11-05 18:46:03,157 [WARN] PackLoader:240 - Cannot read IP mode file for wolfSSL.I-CUBE-wolfMQTT.1.19.0
2025-11-05 18:46:03,172 [WARN] PackLoader:240 - Cannot read IP mode file for WES.I-CUBE-Cesium.1.3.0
2025-11-05 18:46:03,184 [WARN] PackLoader:240 - Cannot read IP mode file for STMicroelectronics.X-CUBE-BLE2.3.3.0
2025-11-05 18:46:03,191 [WARN] PackLoader:240 - Cannot read IP mode file for STMicroelectronics.X-CUBE-NFC9.1.0.0
2025-11-05 18:46:03,203 [WARN] PackLoader:240 - Cannot read IP mode file for STMicroelectronics.X-CUBE-BLE1.7.1.0
2025-11-05 18:46:03,220 [WARN] PackLoader:240 - Cannot read IP mode file for STMicroelectronics.X-CUBE-TCPP.4.1.0
2025-11-05 18:46:03,250 [WARN] PackLoader:240 - Cannot read IP mode file for STMicroelectronics.X-CUBE-EEPRMA1.5.2.0
2025-11-05 18:46:03,254 [ERROR] Engine:466 - C:\Users\racin\.stm32cubemx\thirdparties\pdsc\STMicroelectronics.X-CUBE-ST67W61.1.1.0.pdsc: PDSC version is not supported
2025-11-05 18:46:03,260 [WARN] PackLoader:240 - Cannot read IP mode file for STMicroelectronics.X-CUBE-AI.10.1.0
2025-11-05 18:46:03,272 [WARN] PackLoader:240 - Cannot read IP mode file for STMicroelectronics.X-CUBE-ALGOBUILD.1.3.0
2025-11-05 18:46:03,383 [WARN] PackLoader:240 - Cannot read IP mode file for STMicroelectronics.X-CUBE-MEMS1.11.2.0
2025-11-05 18:46:03,590 [WARN] PackLoader:240 - Cannot read IP mode file for STMicroelectronics.X-CUBE-AZRTOS-G0.1.1.0
2025-11-05 18:46:03,601 [WARN] PackLoader:240 - Cannot read IP mode file for STMicroelectronics.X-CUBE-SAFEA1.1.2.2
2025-11-05 18:46:03,606 [WARN] PackLoader:240 - Cannot read IP mode file for STMicroelectronics.X-CUBE-NFC4.3.0.0
2025-11-05 18:46:03,620 [WARN] PackLoader:240 - Cannot read IP mode file for EmbeddedOffice.I-CUBE-FS-RTOS.1.0.1
2025-11-05 18:46:03,620 [ERROR] ConditionMgr:805 - Attr not supported : Dmpu
2025-11-05 18:46:03,620 [ERROR] ConditionMgr:805 - Attr not supported : Dmpu
2025-11-05 18:46:03,620 [ERROR] ConditionMgr:805 - Attr not supported : Dmpu
2025-11-05 18:46:03,620 [ERROR] ConditionMgr:805 - Attr not supported : Dmpu
2025-11-05 18:46:03,620 [ERROR] ConditionMgr:805 - Attr not supported : Dmpu
2025-11-05 18:46:03,620 [ERROR] ConditionMgr:805 - Attr not supported : Dmpu
2025-11-05 18:46:03,620 [ERROR] ConditionMgr:805 - Attr not supported : Dmpu
2025-11-05 18:46:03,620 [ERROR] ConditionMgr:805 - Attr not supported : Dmpu
2025-11-05 18:46:03,621 [ERROR] ConditionMgr:805 - Attr not supported : Dmpu
2025-11-05 18:46:03,621 [ERROR] ConditionMgr:805 - Attr not supported : Dmpu
2025-11-05 18:46:03,621 [ERROR] ConditionMgr:805 - Attr not supported : Dmpu
2025-11-05 18:46:03,621 [ERROR] ConditionMgr:805 - Attr not supported : Dmpu
2025-11-05 18:46:03,621 [ERROR] ConditionMgr:805 - Attr not supported : Dmpu
2025-11-05 18:46:03,621 [ERROR] ConditionMgr:805 - Attr not supported : Dmpu
2025-11-05 18:46:03,621 [ERROR] ConditionMgr:805 - Attr not supported : Dmpu
2025-11-05 18:46:03,621 [ERROR] ConditionMgr:805 - Attr not supported : Dmpu
2025-11-05 18:46:03,621 [ERROR] ConditionMgr:805 - Attr not supported : Dmpu
2025-11-05 18:46:03,621 [ERROR] ConditionMgr:805 - Attr not supported : Dmpu
2025-11-05 18:46:03,621 [ERROR] ConditionMgr:805 - Attr not supported : Dmpu
2025-11-05 18:46:03,621 [ERROR] ConditionMgr:805 - Attr not supported : Dmpu
2025-11-05 18:46:03,621 [ERROR] ConditionMgr:805 - Attr not supported : Dmpu
2025-11-05 18:46:03,621 [ERROR] ConditionMgr:805 - Attr not supported : Dmpu
2025-11-05 18:46:03,621 [ERROR] ConditionMgr:805 - Attr not supported : Dmpu
2025-11-05 18:46:03,621 [ERROR] ConditionMgr:805 - Attr not supported : Dmpu
2025-11-05 18:46:03,621 [ERROR] ConditionMgr:805 - Attr not supported : Dmpu
2025-11-05 18:46:03,621 [ERROR] ConditionMgr:805 - Attr not supported : Dmpu
2025-11-05 18:46:03,622 [ERROR] ConditionMgr:805 - Attr not supported : Dmpu
2025-11-05 18:46:03,622 [ERROR] ConditionMgr:805 - Attr not supported : Dmpu
2025-11-05 18:46:03,622 [ERROR] ConditionMgr:805 - Attr not supported : Dmpu
2025-11-05 18:46:03,622 [ERROR] ConditionMgr:805 - Attr not supported : Dmpu
2025-11-05 18:46:03,622 [ERROR] ConditionMgr:805 - Attr not supported : Dmpu
2025-11-05 18:46:03,622 [ERROR] ConditionMgr:805 - Attr not supported : Dmpu
2025-11-05 18:46:03,622 [ERROR] ConditionMgr:805 - Attr not supported : Dmpu
2025-11-05 18:46:03,622 [ERROR] ConditionMgr:805 - Attr not supported : Dmpu
2025-11-05 18:46:03,622 [ERROR] ConditionMgr:805 - Attr not supported : Dmpu
2025-11-05 18:46:03,622 [ERROR] ConditionMgr:805 - Attr not supported : Dmpu
2025-11-05 18:46:03,622 [ERROR] ConditionMgr:805 - Attr not supported : Dmpu
2025-11-05 18:46:03,622 [ERROR] ConditionMgr:805 - Attr not supported : Dmpu
2025-11-05 18:46:03,622 [ERROR] ConditionMgr:805 - Attr not supported : Dmpu
2025-11-05 18:46:03,622 [ERROR] ConditionMgr:805 - Attr not supported : Dmpu
2025-11-05 18:46:03,622 [ERROR] ConditionMgr:805 - Attr not supported : Dmpu
2025-11-05 18:46:03,622 [ERROR] ConditionMgr:805 - Attr not supported : Dmpu
2025-11-05 18:46:03,623 [ERROR] ConditionMgr:805 - Attr not supported : Dmpu
2025-11-05 18:46:03,623 [ERROR] ConditionMgr:805 - Attr not supported : Dmpu
2025-11-05 18:46:03,623 [ERROR] ConditionMgr:805 - Attr not supported : Dmpu
2025-11-05 18:46:03,623 [ERROR] ConditionMgr:805 - Attr not supported : Dmpu
2025-11-05 18:46:03,623 [ERROR] ConditionMgr:805 - Attr not supported : Dmpu
2025-11-05 18:46:03,623 [ERROR] ConditionMgr:805 - Attr not supported : Dmpu
2025-11-05 18:46:03,623 [ERROR] ConditionMgr:805 - Attr not supported : Dmpu
2025-11-05 18:46:03,623 [ERROR] ConditionMgr:805 - Attr not supported : Dmpu
2025-11-05 18:46:03,623 [ERROR] ConditionMgr:805 - Attr not supported : Dmpu
2025-11-05 18:46:03,623 [ERROR] ConditionMgr:805 - Attr not supported : Dmpu
2025-11-05 18:46:03,623 [ERROR] ConditionMgr:805 - Attr not supported : Dmpu
2025-11-05 18:46:03,623 [ERROR] ConditionMgr:805 - Attr not supported : Dmpu
2025-11-05 18:46:03,623 [ERROR] ConditionMgr:805 - Attr not supported : Dmpu
2025-11-05 18:46:03,623 [ERROR] ConditionMgr:805 - Attr not supported : Dmpu
2025-11-05 18:46:03,624 [ERROR] ConditionMgr:805 - Attr not supported : Dmpu
2025-11-05 18:46:03,624 [ERROR] ConditionMgr:805 - Attr not supported : Dmpu
2025-11-05 18:46:03,624 [ERROR] ConditionMgr:805 - Attr not supported : Dmpu
2025-11-05 18:46:03,624 [ERROR] ConditionMgr:805 - Attr not supported : Dmpu
2025-11-05 18:46:03,624 [ERROR] ConditionMgr:805 - Attr not supported : Dmpu
2025-11-05 18:46:03,624 [ERROR] ConditionMgr:805 - Attr not supported : Dmpu
2025-11-05 18:46:03,624 [ERROR] ConditionMgr:805 - Attr not supported : Dmpu
2025-11-05 18:46:03,624 [ERROR] ConditionMgr:805 - Attr not supported : Dmpu
2025-11-05 18:46:03,634 [WARN] PackLoader:240 - Cannot read IP mode file for STMicroelectronics.X-CUBE-WB05N.2.0.0
2025-11-05 18:46:03,637 [ERROR] Engine:466 - C:\Users\racin\.stm32cubemx\thirdparties\pdsc\STMicroelectronics.X-CUBE-TCPP.4.2.0.pdsc: PDSC version is not supported
2025-11-05 18:46:03,641 [WARN] PackLoader:240 - Cannot read IP mode file for RealThread.X-CUBE-RT-Thread_Nano.4.1.1
2025-11-05 18:46:03,650 [WARN] PackLoader:240 - Cannot read IP mode file for wolfSSL.I-CUBE-wolfSSL.5.7.0
2025-11-05 18:46:03,653 [WARN] PackLoader:240 - Cannot read IP mode file for STMicroelectronics.FP-ATR-SIGFOX1.3.2.0
2025-11-05 18:46:03,659 [WARN] PackLoader:240 - Cannot read IP mode file for STMicroelectronics.X-CUBE-EEPRMA1.5.1.0
2025-11-05 18:46:03,670 [WARN] PackLoader:240 - Cannot read IP mode file for ITTIA_DB.I-CUBE-ITTIADB.8.9.0
2025-11-05 18:46:03,672 [ERROR] Engine:466 - C:\Users\racin\.stm32cubemx\thirdparties\pdsc\STMicroelectronics.X-CUBE-ST67W61.1.0.0.pdsc: PDSC version is not supported
2025-11-05 18:46:03,675 [WARN] PackLoader:240 - Cannot read IP mode file for STMicroelectronics.X-CUBE-AI.10.2.0
2025-11-05 18:46:03,741 [WARN] PackLoader:240 - Cannot read IP mode file for SEGGER.I-CUBE-embOS.1.3.1
2025-11-05 18:46:03,803 [WARN] PackLoader:240 - Cannot read IP mode file for STMicroelectronics.X-CUBE-ALGOBUILD.1.4.0
2025-11-05 18:46:03,871 [WARN] PackLoader:240 - Cannot read IP mode file for STMicroelectronics.X-CUBE-MEMS1.11.3.0
2025-11-05 18:46:04,026 [WARN] PackLoader:240 - Cannot read IP mode file for STMicroelectronics.X-CUBE-AI.9.1.0
2025-11-05 18:46:04,034 [WARN] PackLoader:240 - Cannot read IP mode file for STMicroelectronics.X-CUBE-PM33A1.1.0.0
2025-11-05 18:46:04,039 [WARN] PackLoader:240 - Cannot read IP mode file for STMicroelectronics.X-CUBE-GNSS1.6.0.0
2025-11-05 18:46:04,059 [WARN] PackLoader:240 - Cannot read IP mode file for STMicroelectronics.X-CUBE-AZRTOS-F4.1.1.0
2025-11-05 18:46:04,087 [ERROR] Engine:466 - C:\Users\racin\.stm32cubemx\thirdparties\pdsc\Avnet-IotConnect.X-CUBE-IoTC-DA16k-PMOD.1.0.0.pdsc: PDSC version is not supported
2025-11-05 18:46:04,090 [WARN] PackLoader:240 - Cannot read IP mode file for STMicroelectronics.X-CUBE-ISPU.2.1.0
2025-11-05 18:46:04,104 [ERROR] Engine:466 - C:\Users\racin\.stm32cubemx\thirdparties\pdsc\STMicroelectronics.X-CUBE-IPS.3.2.0.pdsc: PDSC version is not supported
2025-11-05 18:46:04,110 [WARN] PackLoader:240 - Cannot read IP mode file for STMicroelectronics.X-CUBE-FREERTOS.1.2.0
2025-11-05 18:46:04,125 [WARN] PackLoader:240 - Cannot read IP mode file for STMicroelectronics.X-CUBE-NFC12.1.0.0
2025-11-05 18:46:04,170 [WARN] PackLoader:240 - Cannot read IP mode file for STMicroelectronics.X-CUBE-AZRTOS-L5.2.0.0
2025-11-05 18:46:04,187 [WARN] PackLoader:240 - Cannot read IP mode file for STMicroelectronics.X-CUBE-NFC6.3.1.0
2025-11-05 18:46:04,202 [WARN] PackLoader:240 - Cannot read IP mode file for STMicroelectronics.X-CUBE-DPower.1.2.0
2025-11-05 18:46:04,204 [WARN] PackLoader:240 - Cannot read IP mode file for STMicroelectronics.X-CUBE-AI.9.0.0
2025-11-05 18:46:04,227 [WARN] PackLoader:240 - Cannot read IP mode file for STMicroelectronics.X-CUBE-FREERTOS.1.3.1
2025-11-05 18:46:04,241 [WARN] PackLoader:240 - Cannot read IP mode file for STMicroelectronics.X-CUBE-FREERTOS.1.3.0
2025-11-05 18:46:04,255 [WARN] PackLoader:240 - Cannot read IP mode file for STMicroelectronics.X-CUBE-NFC7.1.0.1
2025-11-05 18:46:04,259 [WARN] PackLoader:240 - Cannot read IP mode file for wolfSSL.I-CUBE-wolfTPM.3.2.0
2025-11-05 18:46:04,270 [WARN] PackLoader:240 - Cannot read IP mode file for STMicroelectronics.X-CUBE-TOUCHGFX.4.26.0
2025-11-05 18:46:04,273 [ERROR] Engine:466 - C:\Users\racin\.stm32cubemx\thirdparties\pdsc\STMicroelectronics.FP-SNS-STAIOTCFT.1.0.0.pdsc: PDSC version is not supported
2025-11-05 18:46:04,283 [WARN] PackLoader:240 - Cannot read IP mode file for STMicroelectronics.X-CUBE-DPower.1.3.0
2025-11-05 18:46:04,288 [WARN] PackLoader:240 - Cannot read IP mode file for STMicroelectronics.X-CUBE-AI.8.1.0
2025-11-05 18:46:04,339 [WARN] ConditionMgr:438 - getConditionDescription Invalid condition id : LAN8742 Phy interface Condition cause : null
2025-11-05 18:46:04,340 [WARN] PackLoader:240 - Cannot read IP mode file for STMicroelectronics.X-CUBE-AZRTOS-L4.2.0.0
2025-11-05 18:46:04,350 [WARN] ConditionMgr:1039 - genDependencies : Invalid condition id : LAN8742 Phy interface Condition cause : null
2025-11-05 18:46:04,351 [WARN] ConditionMgr:1039 - genDependencies : Invalid condition id : LAN8742 Phy interface Condition cause : null
2025-11-05 18:46:04,351 [WARN] ConditionMgr:1039 - genDependencies : Invalid condition id : LAN8742 Phy interface Condition cause : null
2025-11-05 18:46:04,384 [WARN] PackLoader:240 - Cannot read IP mode file for STMicroelectronics.X-CUBE-SFXS2LP1.4.0.0
2025-11-05 18:46:04,424 [WARN] PackLoader:240 - Cannot read IP mode file for STMicroelectronics.X-CUBE-AZRTOS-H7.3.3.0
2025-11-05 18:46:04,438 [ERROR] Engine:466 - C:\Users\racin\.stm32cubemx\thirdparties\pdsc\STMicroelectronics.X-CUBE-BLEMGR.4.1.0.pdsc: PDSC version is not supported
2025-11-05 18:46:04,455 [WARN] PackLoader:240 - Cannot read IP mode file for STMicroelectronics.X-CUBE-IPS.3.0.0
2025-11-05 18:46:04,473 [WARN] ConditionMgr:438 - getConditionDescription Invalid condition id : UX DEVICE CLASS RTOS Condition cause : null
2025-11-05 18:46:04,473 [WARN] ConditionMgr:438 - getConditionDescription Invalid condition id : UX DEVICE CLASS RTOS Condition cause : null
2025-11-05 18:46:04,483 [WARN] PackLoader:240 - Cannot read IP mode file for STMicroelectronics.X-CUBE-AZRTOS-WB.2.0.0
2025-11-05 18:46:04,484 [WARN] ConditionMgr:1039 - genDependencies : Invalid condition id : UX DEVICE CLASS RTOS Condition cause : null
2025-11-05 18:46:04,484 [WARN] ConditionMgr:1039 - genDependencies : Invalid condition id : UX DEVICE CLASS RTOS Condition cause : null
2025-11-05 18:46:04,484 [WARN] ConditionMgr:1039 - genDependencies : Invalid condition id : UX DEVICE CLASS RTOS Condition cause : null
2025-11-05 18:46:04,484 [WARN] ConditionMgr:1039 - genDependencies : Invalid condition id : UX DEVICE CLASS RTOS Condition cause : null
2025-11-05 18:46:04,484 [WARN] ConditionMgr:1039 - genDependencies : Invalid condition id : UX DEVICE CLASS RTOS Condition cause : null
2025-11-05 18:46:04,492 [WARN] PackLoader:240 - Cannot read IP mode file for STMicroelectronics.X-CUBE-GNSS1.7.0.0
2025-11-05 18:46:04,501 [WARN] PackLoader:240 - Cannot read IP mode file for STMicroelectronics.X-CUBE-GNSS1.7.0.1
2025-11-05 18:46:04,505 [WARN] PackLoader:240 - Cannot read IP mode file for STMicroelectronics.X-CUBE-TOUCHGFX.4.25.0
2025-11-05 18:46:04,515 [WARN] PackLoader:240 - Cannot read IP mode file for STMicroelectronics.FP-SNS-STBOX1.2.0.0
2025-11-05 18:46:04,527 [WARN] PackLoader:240 - Cannot read IP mode file for STMicroelectronics.X-CUBE-SUBG2.5.0.0
2025-11-05 18:46:04,557 [WARN] PackLoader:240 - Cannot read IP mode file for STMicroelectronics.X-CUBE-AZRTOS-H7RS.1.1.0
2025-11-05 18:46:04,571 [WARN] PackLoader:240 - Cannot read IP mode file for Cesanta.I-CUBE-Mongoose.7.13.0
2025-11-05 18:46:04,588 [WARN] PackLoader:240 - Cannot read IP mode file for STMicroelectronics.X-CUBE-AZRTOS-G4.2.0.0
2025-11-05 18:46:04,593 [WARN] PackLoader:240 - Cannot read IP mode file for STMicroelectronics.X-CUBE-NFC7.2.0.0
2025-11-05 18:46:04,601 [WARN] PackLoader:240 - Cannot read IP mode file for STMicroelectronics.FP-SNS-MOTENVWB1.1.3.1
2025-11-05 18:46:04,604 [WARN] PackLoader:240 - Cannot read IP mode file for STMicroelectronics.X-CUBE-ISPU.2.0.0
2025-11-05 18:46:04,608 [ERROR] Engine:466 - C:\Users\racin\.stm32cubemx\thirdparties\pdsc\STMicroelectronics.X-CUBE-IPS.3.1.0.pdsc: PDSC version is not supported
2025-11-05 18:46:04,616 [WARN] PackLoader:240 - Cannot read IP mode file for STMicroelectronics.X-CUBE-ALS.1.0.2
2025-11-05 18:46:04,654 [WARN] PackLoader:240 - Cannot read IP mode file for STMicroelectronics.X-CUBE-MEMS1.10.0.0
2025-11-05 18:46:04,775 [WARN] PackLoader:240 - Cannot read IP mode file for STMicroelectronics.X-CUBE-FREERTOS.1.1.0
2025-11-05 18:46:04,783 [WARN] PackLoader:240 - Cannot read IP mode file for STMicroelectronics.X-CUBE-TOUCHGFX.4.24.0
2025-11-05 18:46:04,785 [WARN] PackLoader:240 - Cannot read IP mode file for STMicroelectronics.X-CUBE-TOUCHGFX.4.24.1
2025-11-05 18:46:04,790 [WARN] PackLoader:240 - Cannot read IP mode file for STMicroelectronics.X-CUBE-STSE01.1.0.0
2025-11-05 18:46:04,800 [WARN] PackLoader:240 - Cannot read IP mode file for portGmbH.I-Cube-SoM-uGOAL.1.1.0
2025-11-05 18:46:04,803 [WARN] PackLoader:240 - Cannot read IP mode file for STMicroelectronics.X-CUBE-ALS.1.0.1
2025-11-05 18:46:04,820 [WARN] PackLoader:240 - Cannot read IP mode file for STMicroelectronics.X-CUBE-AZRTOS-H7RS.1.0.0
2025-11-05 18:46:04,823 [WARN] PackLoader:240 - Cannot read IP mode file for STMicroelectronics.FP-ATR-ASTRA1.2.0.0
2025-11-05 18:46:04,837 [WARN] PackLoader:240 - Cannot read IP mode file for STMicroelectronics.X-CUBE-TOF1.3.4.2
2025-11-05 18:46:04,865 [ERROR] Engine:466 - C:\Users\racin\.stm32cubemx\thirdparties\pdsc\STMicroelectronics.X-CUBE-TOF1.3.4.3.pdsc: PDSC version is not supported
2025-11-05 18:46:04,872 [WARN] PackLoader:240 - Cannot read IP mode file for STMicroelectronics.X-CUBE-TOF1.3.4.1
2025-11-05 18:46:04,987 [WARN] PackLoader:240 - Cannot read IP mode file for STMicroelectronics.X-CUBE-AZRTOS-H7.3.2.0
2025-11-05 18:46:05,003 [WARN] PackLoader:240 - Cannot read IP mode file for Infineon.AIROC-Wi-Fi-Bluetooth-STM32.1.6.0
2025-11-05 18:46:05,042 [WARN] PackLoader:240 - Cannot read IP mode file for wolfSSL.I-CUBE-wolfSSH.1.4.17
2025-11-05 18:46:05,043 [INFO] ThirdParty:978 - Integrity check success = true
2025-11-05 18:46:05,043 [INFO] IntegrityCheckThread:100 - exiting critical section [integrity check]
2025-11-05 18:46:05,043 [INFO] IntegrityCheckThread:103 - End integrity checks thread
2025-11-05 18:52:02,484 [ERROR] LogOutputStream:75 - [STDERR_REDIRECT] 
2025-11-05 18:52:02,485 [ERROR] LogOutputStream:75 - [STDERR_REDIRECT] 
2025-11-05 18:52:43,519 [INFO] Activator:176 - 


2025-11-05 18:52:43,521 [INFO] Activator:177 - !SESSION log4j initialized
2025-11-05 18:52:50,180 [INFO] LogOutputStream:77 - [STDOUT_REDIRECT] 
2025-11-05 18:52:52,054 [INFO] ApplicationProperties:184 - Using Application install path: C:\ST\STM32CubeIDE_1.15.0\STM32CubeIDE\plugins\com.st.stm32cube.common.mx_6.11.0.202403141607
2025-11-05 18:52:52,070 [INFO] DbMcusXml:78 - Set database path to: C:\ST\STM32CubeIDE_1.15.0\STM32CubeIDE\plugins\com.st.stm32cube.common.mx_6.11.0.202403141607\\db\/mcu/
2025-11-05 18:52:52,070 [INFO] ApiDb:274 - Set plugin database path to: C:\ST\STM32CubeIDE_1.15.0\STM32CubeIDE\plugins\com.st.stm32cube.common.mx_6.11.0.202403141607\\db\/plugins/boardmanager/
2025-11-05 18:52:52,070 [WARN] ApiDb:259 - Overriding images path with different value:  => C:\ST\STM32CubeIDE_1.15.0\STM32CubeIDE\plugins\com.st.stm32cube.common.mx_6.11.0.202403141607\\db\/plugins/mcufinder/images/
2025-11-05 18:52:52,075 [INFO] ApiDb:250 - Set database path to: C:\Users\racin\.stmcufinder\plugins\mcufinder//mcu/
2025-11-05 18:52:52,076 [INFO] DbMcusAds:125 - Set database path to: C:\Users\racin\.stmcufinder\plugins\mcufinder//mcu/
2025-11-05 18:52:52,079 [INFO] CrossReferenceDbSqlite:203 - Set database path to: C:\Users\racin\.stmcufinder\plugins\mcufinder//mcu/cs/
2025-11-05 18:52:52,208 [INFO] RulesReader:64 - Compatibility file has been processed (297 Rules)
2025-11-05 18:52:52,293 [INFO] DbMcusXml:78 - Set database path to: C:\ST\STM32CubeIDE_1.15.0\STM32CubeIDE\plugins\com.st.stm32cube.common.mx_6.11.0.202403141607\\db\/mcu/
2025-11-05 18:52:52,293 [INFO] ApiDb:274 - Set plugin database path to: C:\ST\STM32CubeIDE_1.15.0\STM32CubeIDE\plugins\com.st.stm32cube.common.mx_6.11.0.202403141607\\db\/plugins/boardmanager/
2025-11-05 18:52:52,293 [INFO] ApiDb:261 - Set plugin images path to: C:\ST\STM32CubeIDE_1.15.0\STM32CubeIDE\plugins\com.st.stm32cube.common.mx_6.11.0.202403141607\\db\/plugins/mcufinder/images/
2025-11-05 18:52:52,294 [WARN] DbFile:41 - Overriding database path with different value: C:\Users\racin\.stmcufinder\plugins\mcufinder/ => C:\Users\racin\.stmcufinder\plugins\mcufinder
2025-11-05 18:52:52,294 [INFO] ApiDb:250 - Set database path to: C:\Users\racin\.stmcufinder\plugins\mcufinder//mcu/
2025-11-05 18:52:52,294 [WARN] DbFile:41 - Overriding database path with different value: C:\Users\racin\.stmcufinder\plugins\mcufinder/ => C:\Users\racin\.stmcufinder\plugins\mcufinder
2025-11-05 18:52:52,294 [INFO] DbMcusAds:125 - Set database path to: C:\Users\racin\.stmcufinder\plugins\mcufinder//mcu/
2025-11-05 18:52:52,294 [WARN] DbFile:41 - Overriding database path with different value: C:\Users\racin\.stmcufinder\plugins\mcufinder/ => C:\Users\racin\.stmcufinder\plugins\mcufinder
2025-11-05 18:52:52,294 [WARN] DbFile:41 - Overriding database path with different value: C:\Users\racin\.stmcufinder\plugins\mcufinder/ => C:\Users\racin\.stmcufinder\plugins\mcufinder
2025-11-05 18:52:52,294 [INFO] CrossReferenceDbSqlite:203 - Set database path to: C:\Users\racin\.stmcufinder\plugins\mcufinder//mcu/cs/
2025-11-05 18:52:52,371 [INFO] MainPanel:264 - HeapMemory: 268435456
2025-11-05 18:52:52,447 [INFO] DbMcusXml:78 - Set database path to: C:\ST\STM32CubeIDE_1.15.0\STM32CubeIDE\plugins\com.st.stm32cube.common.mx_6.11.0.202403141607\\db\/mcu/
2025-11-05 18:52:52,447 [INFO] ApiDb:274 - Set plugin database path to: C:\ST\STM32CubeIDE_1.15.0\STM32CubeIDE\plugins\com.st.stm32cube.common.mx_6.11.0.202403141607\\db\/plugins/boardmanager/
2025-11-05 18:52:52,447 [INFO] ApiDb:261 - Set plugin images path to: C:\ST\STM32CubeIDE_1.15.0\STM32CubeIDE\plugins\com.st.stm32cube.common.mx_6.11.0.202403141607\\db\/plugins/mcufinder/images/
2025-11-05 18:52:52,447 [WARN] DbFile:41 - Overriding database path with different value: C:\Users\racin\.stmcufinder\plugins\mcufinder/ => C:\Users\racin\.stmcufinder\plugins\mcufinder
2025-11-05 18:52:52,448 [INFO] ApiDb:250 - Set database path to: C:\Users\racin\.stmcufinder\plugins\mcufinder//mcu/
2025-11-05 18:52:52,448 [WARN] DbFile:41 - Overriding database path with different value: C:\Users\racin\.stmcufinder\plugins\mcufinder/ => C:\Users\racin\.stmcufinder\plugins\mcufinder
2025-11-05 18:52:52,448 [INFO] DbMcusAds:125 - Set database path to: C:\Users\racin\.stmcufinder\plugins\mcufinder//mcu/
2025-11-05 18:52:52,448 [WARN] DbFile:41 - Overriding database path with different value: C:\Users\racin\.stmcufinder\plugins\mcufinder/ => C:\Users\racin\.stmcufinder\plugins\mcufinder
2025-11-05 18:52:52,448 [WARN] DbFile:41 - Overriding database path with different value: C:\Users\racin\.stmcufinder\plugins\mcufinder/ => C:\Users\racin\.stmcufinder\plugins\mcufinder
2025-11-05 18:52:52,448 [INFO] CrossReferenceDbSqlite:203 - Set database path to: C:\Users\racin\.stmcufinder\plugins\mcufinder//mcu/cs/
2025-11-05 18:52:52,466 [INFO] ApplicationProperties:184 - Using Application install path: C:\ST\STM32CubeIDE_1.15.0\STM32CubeIDE\plugins\com.st.stm32cube.common.mx_6.11.0.202403141607
2025-11-05 18:52:52,468 [INFO] PluginManage:196 - Search for loadable plugins [exclusion list=, ]
2025-11-05 18:52:52,469 [INFO] PluginManage:310 - Check plugin analytics
2025-11-05 18:52:52,665 [INFO] AnalyticsPlugin:253 - Accepted Software Licenses: 
2025-11-05 18:52:52,665 [INFO] AnalyticsPlugin:255 - Accepted CMSIS Pack Licenses: 
2025-11-05 18:52:52,665 [INFO] AnalyticsPlugin:257 - Accepted Firmware Licenses: FW.L4.1.18.0,FW.F7.1.17.0,FW.H7.1.11.0,FW.F4.1.28.0
2025-11-05 18:52:52,669 [INFO] PluginManage:359 - Loaded plugin analytics (category:tool,tabindex:-1)
2025-11-05 18:52:52,670 [INFO] PluginManage:310 - Check plugin cadmodel
2025-11-05 18:52:52,692 [INFO] CADModel:105 - Init CAD model plugin
2025-11-05 18:52:52,693 [INFO] PluginManage:359 - Loaded plugin cadmodel (category:power,tabindex:5)
2025-11-05 18:52:52,693 [INFO] PluginManage:310 - Check plugin clock
2025-11-05 18:52:52,719 [INFO] PluginManage:359 - Loaded plugin clock (category:base,tabindex:2)
2025-11-05 18:52:52,720 [INFO] PluginManage:310 - Check plugin ddr
2025-11-05 18:52:52,722 [INFO] PluginManage:359 - Loaded plugin ddr (category:tool,tabindex:6)
2025-11-05 18:52:52,722 [INFO] PluginManage:310 - Check plugin filemanager
2025-11-05 18:52:52,861 [INFO] PluginManage:359 - Loaded plugin filemanager (category:base,tabindex:10)
2025-11-05 18:52:52,861 [INFO] PluginManage:310 - Check plugin ipmanager
2025-11-05 18:52:52,870 [INFO] PluginManage:359 - Loaded plugin ipmanager (category:base,tabindex:5)
2025-11-05 18:52:52,870 [INFO] PluginManage:310 - Check plugin lpbam
2025-11-05 18:52:52,899 [INFO] PluginManage:359 - Loaded plugin lpbam (category:base,tabindex:0)
2025-11-05 18:52:52,899 [INFO] PluginManage:310 - Check plugin memorymap
2025-11-05 18:52:52,957 [INFO] PluginManage:359 - Loaded plugin memorymap (category:base,tabindex:4)
2025-11-05 18:52:52,957 [INFO] PluginManage:310 - Check plugin pinoutandconfiguration
2025-11-05 18:52:52,981 [INFO] PluginManage:359 - Loaded plugin pinoutandconfiguration (category:base,tabindex:1)
2025-11-05 18:52:52,981 [INFO] PluginManage:310 - Check plugin pinoutconfig
2025-11-05 18:52:53,094 [WARN] SupportedApi:132 - Cannot load RTOS API schema: s4s-elt-must-match.1: The content of 'definitions' must match (annotation?, (simpleType | complexType)?, (unique | key | keyref)*)). A problem was found starting at: attribute.
2025-11-05 18:52:53,240 [INFO] PluginManage:359 - Loaded plugin pinoutconfig (category:base,tabindex:0)
2025-11-05 18:52:53,241 [INFO] PluginManage:310 - Check plugin power
2025-11-05 18:52:53,268 [INFO] PluginManage:359 - Loaded plugin power (category:power,tabindex:4)
2025-11-05 18:52:53,269 [INFO] PluginManage:310 - Check plugin projectmanager
2025-11-05 18:52:53,286 [INFO] PluginManage:359 - Loaded plugin projectmanager (category:projectmanager,tabindex:3)
2025-11-05 18:52:53,286 [INFO] PluginManage:310 - Check plugin thirdparty
2025-11-05 18:52:53,893 [INFO] PluginManage:359 - Loaded plugin thirdparty (category:base,tabindex:-1)
2025-11-05 18:52:53,893 [INFO] PluginManage:310 - Check plugin tools
2025-11-05 18:52:53,893 [WARN] IntegrityCheckThread:84 - waiting for thirdparty lock release [integrity check]
2025-11-05 18:52:53,893 [INFO] IntegrityCheckThread:86 - entering critical section [integrity check]
2025-11-05 18:52:53,893 [INFO] ThirdPartyUpdaterWithRetryManager:70 - Updater plugin not ready yet. [1/15]
2025-11-05 18:52:53,956 [INFO] PluginManage:359 - Loaded plugin tools (category:base,tabindex:7)
2025-11-05 18:52:53,956 [INFO] PluginManage:310 - Check plugin tutovideos
2025-11-05 18:52:54,194 [INFO] PluginManage:359 - Loaded plugin tutovideos (category:base,tabindex:-1)
2025-11-05 18:52:54,194 [INFO] PluginManage:310 - Check plugin updater
2025-11-05 18:52:54,205 [INFO] PluginManage:359 - Loaded plugin updater (category:base,tabindex:12)
2025-11-05 18:52:54,205 [INFO] PluginManage:310 - Check plugin userauth
2025-11-05 18:52:54,210 [INFO] UserAuth:114 - Init User Auth plugin
2025-11-05 18:52:54,210 [INFO] PluginManage:359 - Loaded plugin userauth (category:base,tabindex:14)
2025-11-05 18:52:54,210 [INFO] PluginManage:283 - PluginManage : Loaded plugins [17]
2025-11-05 18:52:54,425 [INFO] PinOutPanel:1561 - setPackage(No Configuration,No Configuration)
2025-11-05 18:52:54,504 [INFO] CADModel:165 - CPN selected for project level
2025-11-05 18:52:54,505 [INFO] CADModel:114 - Register for checkConnection events
2025-11-05 18:52:54,538 [INFO] IPUIPlugin:80 - create IPUIPlugin
2025-11-05 18:52:54,538 [INFO] PluginManager:220 - loadIPPluginJar : add adc
2025-11-05 18:52:54,600 [INFO] IPUIPlugin:80 - create IPUIPlugin
2025-11-05 18:52:54,600 [INFO] PluginManager:220 - loadIPPluginJar : add aes
2025-11-05 18:52:54,674 [INFO] IPUIPlugin:80 - create IPUIPlugin
2025-11-05 18:52:54,675 [INFO] PluginManager:220 - loadIPPluginJar : add can
2025-11-05 18:52:54,762 [INFO] IPUIPlugin:80 - create IPUIPlugin
2025-11-05 18:52:54,763 [INFO] PluginManager:220 - loadIPPluginJar : add comp
2025-11-05 18:52:54,825 [INFO] IPUIPlugin:80 - create IPUIPlugin
2025-11-05 18:52:54,825 [INFO] PluginManager:220 - loadIPPluginJar : add cryp
2025-11-05 18:52:54,891 [INFO] IPUIPlugin:80 - create IPUIPlugin
2025-11-05 18:52:54,892 [INFO] PluginManager:220 - loadIPPluginJar : add dfsdm
2025-11-05 18:52:54,923 [INFO] IPUIPlugin:80 - create IPUIPlugin
2025-11-05 18:52:54,924 [INFO] PluginManager:220 - loadIPPluginJar : add dma
2025-11-05 18:52:55,008 [INFO] IPUIPlugin:80 - create IPUIPlugin
2025-11-05 18:52:55,008 [INFO] PluginManager:220 - loadIPPluginJar : add dma3
2025-11-05 18:52:55,557 [INFO] IPUIPlugin:80 - create IPUIPlugin
2025-11-05 18:52:55,557 [INFO] PluginManager:220 - loadIPPluginJar : add extmemmanager
2025-11-05 18:52:55,650 [INFO] IPUIPlugin:80 - create IPUIPlugin
2025-11-05 18:52:55,651 [INFO] PluginManager:220 - loadIPPluginJar : add fatfs
2025-11-05 18:52:55,824 [INFO] IPUIPlugin:80 - create IPUIPlugin
2025-11-05 18:52:55,824 [INFO] PluginManager:220 - loadIPPluginJar : add fmc
2025-11-05 18:52:55,883 [INFO] IPUIPlugin:80 - create IPUIPlugin
2025-11-05 18:52:55,884 [INFO] PluginManager:220 - loadIPPluginJar : add freertos
2025-11-05 18:52:55,922 [INFO] IPUIPlugin:80 - create IPUIPlugin
2025-11-05 18:52:55,922 [INFO] PluginManager:220 - loadIPPluginJar : add genericplugin
2025-11-05 18:52:56,125 [INFO] IPUIPlugin:80 - create IPUIPlugin
2025-11-05 18:52:56,126 [INFO] PluginManager:220 - loadIPPluginJar : add gfxmmu
2025-11-05 18:52:56,394 [INFO] IPUIPlugin:80 - create IPUIPlugin
2025-11-05 18:52:56,394 [INFO] PluginManager:220 - loadIPPluginJar : add gic
2025-11-05 18:52:56,438 [INFO] IPUIPlugin:80 - create IPUIPlugin
2025-11-05 18:52:56,438 [INFO] PluginManager:220 - loadIPPluginJar : add gpio
2025-11-05 18:52:56,617 [INFO] IPUIPlugin:80 - create IPUIPlugin
2025-11-05 18:52:56,617 [INFO] PluginManager:220 - loadIPPluginJar : add gtzc
2025-11-05 18:52:56,683 [INFO] IPUIPlugin:80 - create IPUIPlugin
2025-11-05 18:52:56,683 [INFO] PluginManager:220 - loadIPPluginJar : add hash
2025-11-05 18:52:56,772 [INFO] IPUIPlugin:80 - create IPUIPlugin
2025-11-05 18:52:56,772 [INFO] PluginManager:220 - loadIPPluginJar : add i2c
2025-11-05 18:52:56,871 [INFO] IPUIPlugin:80 - create IPUIPlugin
2025-11-05 18:52:56,871 [INFO] PluginManager:220 - loadIPPluginJar : add i2s
2025-11-05 18:52:56,895 [INFO] ThirdPartyUpdaterWithRetryManager:70 - Updater plugin not ready yet. [2/15]
2025-11-05 18:52:56,939 [INFO] IPUIPlugin:80 - create IPUIPlugin
2025-11-05 18:52:56,939 [INFO] PluginManager:220 - loadIPPluginJar : add i3c
2025-11-05 18:52:57,100 [INFO] IPUIPlugin:80 - create IPUIPlugin
2025-11-05 18:52:57,100 [INFO] PluginManager:220 - loadIPPluginJar : add ipddr
2025-11-05 18:52:57,269 [INFO] IPUIPlugin:80 - create IPUIPlugin
2025-11-05 18:52:57,270 [INFO] PluginManager:220 - loadIPPluginJar : add linkedlist
2025-11-05 18:52:57,339 [INFO] IPUIPlugin:80 - create IPUIPlugin
2025-11-05 18:52:57,339 [INFO] PluginManager:220 - loadIPPluginJar : add lorawan
2025-11-05 18:52:57,407 [INFO] IPUIPlugin:80 - create IPUIPlugin
2025-11-05 18:52:57,407 [INFO] PluginManager:220 - loadIPPluginJar : add ltdc
2025-11-05 18:52:57,425 [INFO] IPUIPlugin:80 - create IPUIPlugin
2025-11-05 18:52:57,425 [INFO] PluginManager:220 - loadIPPluginJar : add mdma
2025-11-05 18:52:57,472 [INFO] IPUIPlugin:80 - create IPUIPlugin
2025-11-05 18:52:57,472 [INFO] PluginManager:220 - loadIPPluginJar : add nvic
2025-11-05 18:52:57,540 [INFO] IPUIPlugin:80 - create IPUIPlugin
2025-11-05 18:52:57,540 [INFO] PluginManager:220 - loadIPPluginJar : add opamp
2025-11-05 18:52:57,649 [INFO] IPUIPlugin:80 - create IPUIPlugin
2025-11-05 18:52:57,649 [INFO] PluginManager:220 - loadIPPluginJar : add openamp
2025-11-05 18:52:57,722 [INFO] IPUIPlugin:80 - create IPUIPlugin
2025-11-05 18:52:57,722 [INFO] PluginManager:220 - loadIPPluginJar : add pdm2pcm
2025-11-05 18:52:57,765 [INFO] IPUIPlugin:80 - create IPUIPlugin
2025-11-05 18:52:57,768 [INFO] PluginManager:220 - loadIPPluginJar : add plateformsettings
2025-11-05 18:52:57,808 [INFO] IPUIPlugin:80 - create IPUIPlugin
2025-11-05 18:52:57,808 [INFO] PluginManager:220 - loadIPPluginJar : add quadspi
2025-11-05 18:52:57,825 [INFO] IPUIPlugin:80 - create IPUIPlugin
2025-11-05 18:52:57,826 [INFO] PluginManager:220 - loadIPPluginJar : add resmgrutility
2025-11-05 18:52:57,929 [INFO] IPUIPlugin:80 - create IPUIPlugin
2025-11-05 18:52:57,929 [INFO] PluginManager:220 - loadIPPluginJar : add sai
2025-11-05 18:52:58,032 [INFO] IPUIPlugin:80 - create IPUIPlugin
2025-11-05 18:52:58,032 [INFO] PluginManager:220 - loadIPPluginJar : add spi
2025-11-05 18:52:58,188 [INFO] IPUIPlugin:80 - create IPUIPlugin
2025-11-05 18:52:58,188 [INFO] PluginManager:220 - loadIPPluginJar : add stm32_wpan
2025-11-05 18:52:58,243 [INFO] IPUIPlugin:80 - create IPUIPlugin
2025-11-05 18:52:58,243 [INFO] PluginManager:220 - loadIPPluginJar : add tim
2025-11-05 18:52:58,346 [INFO] IPUIPlugin:80 - create IPUIPlugin
2025-11-05 18:52:58,346 [INFO] PluginManager:220 - loadIPPluginJar : add touchsensing
2025-11-05 18:52:58,385 [INFO] IPUIPlugin:80 - create IPUIPlugin
2025-11-05 18:52:58,385 [INFO] PluginManager:220 - loadIPPluginJar : add tracer_emb
2025-11-05 18:52:58,426 [INFO] IPUIPlugin:80 - create IPUIPlugin
2025-11-05 18:52:58,426 [INFO] PluginManager:220 - loadIPPluginJar : add ts
2025-11-05 18:52:58,514 [INFO] IPUIPlugin:80 - create IPUIPlugin
2025-11-05 18:52:58,515 [INFO] PluginManager:220 - loadIPPluginJar : add tsc
2025-11-05 18:52:58,551 [INFO] IPUIPlugin:80 - create IPUIPlugin
2025-11-05 18:52:58,551 [INFO] PluginManager:220 - loadIPPluginJar : add ucpd
2025-11-05 18:52:58,623 [INFO] IPUIPlugin:80 - create IPUIPlugin
2025-11-05 18:52:58,623 [INFO] PluginManager:220 - loadIPPluginJar : add usart
2025-11-05 18:52:58,697 [INFO] IPUIPlugin:80 - create IPUIPlugin
2025-11-05 18:52:58,698 [INFO] PluginManager:220 - loadIPPluginJar : add usbx
2025-11-05 18:52:58,834 [INFO] CADModel:165 - CPN selected for project level
2025-11-05 18:52:58,835 [INFO] CADModel:114 - Register for checkConnection events
2025-11-05 18:52:58,835 [FATAL] Updater:308 - Updater called before beeing initialized
2025-11-05 18:52:58,836 [ERROR] CADModel:125 - Updater not yet initialized, retry later 
2025-11-05 18:52:58,953 [INFO] CADModel:165 - CPN selected for project level
2025-11-05 18:52:58,953 [INFO] CADModel:114 - Register for checkConnection events
2025-11-05 18:52:58,953 [FATAL] Updater:308 - Updater called before beeing initialized
2025-11-05 18:52:58,953 [ERROR] CADModel:125 - Updater not yet initialized, retry later 
2025-11-05 18:52:58,956 [FATAL] Updater:308 - Updater called before beeing initialized
2025-11-05 18:52:59,073 [FATAL] Updater:308 - Updater called before beeing initialized
2025-11-05 18:52:59,089 [INFO] DbMcusAds:53 - JSON generation date=Thu Oct 02 11:36:05 CEST 2025 (1759397765645)
2025-11-05 18:52:59,089 [FATAL] Updater:308 - Updater called before beeing initialized
2025-11-05 18:52:59,125 [WARN] DetailPanel:346 - Failed to get advertising image, set to default
2025-11-05 18:52:59,269 [FATAL] Updater:308 - Updater called before beeing initialized
2025-11-05 18:52:59,270 [FATAL] Updater:308 - Updater called before beeing initialized
2025-11-05 18:52:59,270 [FATAL] Updater:308 - Updater called before beeing initialized
2025-11-05 18:52:59,270 [WARN] DetailPanel:346 - Failed to get advertising image, set to default
2025-11-05 18:52:59,271 [FATAL] Updater:308 - Updater called before beeing initialized
2025-11-05 18:52:59,347 [ERROR] Updater:1120 - MainUpdater not yet initialized. External WinMGr cannot be set.
2025-11-05 18:52:59,360 [INFO] Updater:1056 - Updater Version found : 6.11.0
2025-11-05 18:52:59,374 [INFO] ApplicationProperties:184 - Using Application install path: C:\ST\STM32CubeIDE_1.15.0\STM32CubeIDE\plugins\com.st.stm32cube.common.mx_6.11.0.202403141607
2025-11-05 18:52:59,896 [INFO] ThirdPartyUpdaterWithRetryManager:70 - Updater plugin not ready yet. [3/15]
2025-11-05 18:53:00,971 [ERROR] LogOutputStream:75 - [STDERR_REDIRECT] Nov 05, 2025 6:53:00 PM java.util.prefs.WindowsPreferences <init>
2025-11-05 18:53:00,984 [ERROR] LogOutputStream:75 - [STDERR_REDIRECT] WARNING: Could not open/create prefs root node Software\JavaSoft\Prefs at root 0xffffffff80000002. Windows RegCreateKeyEx(...) returned error code 5.
2025-11-05 18:53:00,985 [ERROR] LogOutputStream:75 - [STDERR_REDIRECT] 
2025-11-05 18:53:01,488 [INFO] MainUpdater:2873 - connection check result : 10
2025-11-05 18:53:01,491 [INFO] MainUpdater:290 - Updater Check For Update Now.
2025-11-05 18:53:01,491 [INFO] MicroXplorer:498 - Change Database Version : DB.6.0.110
2025-11-05 18:53:01,525 [INFO] McuFinderGlobals:63 - Set McuFinder mode to 2 (CubeIDE integrated)
2025-11-05 18:53:01,542 [INFO] UserAuth:415 - Internet connection configuration mode: 1
2025-11-05 18:53:01,572 [INFO] JxBrowserEngine:152 - Initiate JxBrowser Engine with user profile folder
2025-11-05 18:53:01,851 [INFO] CheckServerUpdateThread:120 - End of CheckServer Thread
2025-11-05 18:53:03,143 [WARN] PackLoader:240 - Cannot read IP mode file for STMicroelectronics.FP-SNS-MOTENVWB1.1.4.0
2025-11-05 18:53:03,193 [WARN] PackLoader:240 - Cannot read IP mode file for STMicroelectronics.FP-ATR-ASTRA1.2.0.2
2025-11-05 18:53:03,215 [WARN] PackLoader:240 - Cannot read IP mode file for STMicroelectronics.X-CUBE-SMBUS.2.1.0
2025-11-05 18:53:03,241 [WARN] PackLoader:240 - Cannot read IP mode file for STMicroelectronics.X-CUBE-WB05N.1.1.0
2025-11-05 18:53:03,270 [ERROR] Engine:466 - C:\Users\racin\.stm32cubemx\thirdparties\pdsc\STMicroelectronics.X-CUBE-ST60.1.0.0.pdsc: PDSC version is not supported
2025-11-05 18:53:03,289 [WARN] PackLoader:240 - Cannot read IP mode file for STMicroelectronics.X-CUBE-TOUCHGFX.4.23.2
2025-11-05 18:53:03,375 [WARN] PackLoader:240 - Cannot read IP mode file for STMicroelectronics.X-CUBE-AZRTOS-F7.1.1.0
2025-11-05 18:53:03,496 [WARN] PackLoader:240 - Cannot read IP mode file for STMicroelectronics.X-CUBE-MEMS1.11.0.0
2025-11-05 18:53:03,737 [ERROR] Engine:466 - C:\Users\racin\.stm32cubemx\thirdparties\pdsc\STMicroelectronics.FP-SNS-MOTENV1.5.1.0.pdsc: PDSC version is not supported
2025-11-05 18:53:03,769 [WARN] PackLoader:240 - Cannot read IP mode file for STMicroelectronics.FP-SNS-FLIGHT1.5.0.2
2025-11-05 18:53:03,834 [WARN] PackLoader:240 - Cannot read IP mode file for STMicroelectronics.X-CUBE-AZRTOS-H7.3.4.0
2025-11-05 18:53:03,932 [WARN] PackLoader:240 - Cannot read IP mode file for STMicroelectronics.X-CUBE-DISPLAY.3.0.0
2025-11-05 18:53:03,964 [WARN] PackLoader:240 - Cannot read IP mode file for STMicroelectronics.X-CUBE-BLE1.7.0.0
2025-11-05 18:53:04,001 [WARN] PackLoader:240 - Cannot read IP mode file for STMicroelectronics.X-CUBE-NFC10.1.0.0
2025-11-05 18:53:04,028 [WARN] PackLoader:240 - Cannot read IP mode file for STMicroelectronics.X-CUBE-BLEMGR.4.0.0
2025-11-05 18:53:04,049 [ERROR] Engine:466 - C:\Users\racin\.stm32cubemx\thirdparties\pdsc\STMicroelectronics.X-CUBE-ST60.1.1.0.pdsc: PDSC version is not supported
2025-11-05 18:53:04,069 [WARN] PackLoader:240 - Cannot read IP mode file for emotas.I-CUBE-CANOPEN.1.3.0
2025-11-05 18:53:04,089 [WARN] PackLoader:240 - Cannot read IP mode file for STMicroelectronics.X-CUBE-GNSS1.7.1.0
2025-11-05 18:53:04,108 [WARN] ConditionMgr:438 - getConditionDescription Invalid condition id : Cortex-A Device cause : null
2025-11-05 18:53:04,142 [WARN] ConditionMgr:1039 - genDependencies : Invalid condition id : Cortex-A Device cause : null
2025-11-05 18:53:04,142 [WARN] ConditionMgr:1039 - genDependencies : Invalid condition id : Cortex-A Device cause : null
2025-11-05 18:53:04,142 [WARN] ConditionMgr:1039 - genDependencies : Invalid condition id : Cortex-A Device cause : null
2025-11-05 18:53:04,168 [WARN] PackLoader:240 - Cannot read IP mode file for STMicroelectronics.X-CUBE-BLEMGR.3.1.0
2025-11-05 18:53:04,189 [WARN] PackLoader:240 - Cannot read IP mode file for STMicroelectronics.X-CUBE-AI.10.0.0
2025-11-05 18:53:04,208 [ERROR] Engine:466 - C:\Users\racin\.stm32cubemx\thirdparties\pdsc\STMicroelectronics.FP-SNS-STBOX1.2.1.0.pdsc: PDSC version is not supported
2025-11-05 18:53:04,238 [WARN] PackLoader:240 - Cannot read IP mode file for STMicroelectronics.FP-SNS-SMARTAG2.1.2.0
2025-11-05 18:53:04,269 [ERROR] Engine:466 - C:\Users\racin\.stm32cubemx\thirdparties\pdsc\STMicroelectronics.FP-SNS-FLIGHT1.5.1.0.pdsc: PDSC version is not supported
2025-11-05 18:53:04,349 [WARN] PackLoader:240 - Cannot read IP mode file for STMicroelectronics.X-CUBE-MEMS1.11.1.0
2025-11-05 18:53:04,505 [INFO] LogOutputStream:77 - [STDOUT_REDIRECT] 1 : Invalid condition id : UX_CORESTACK_Condition cause : null
2025-11-05 18:53:04,505 [INFO] LogOutputStream:77 - [STDOUT_REDIRECT] 1 : Invalid condition id : UX_CORESTACK_Condition cause : null
2025-11-05 18:53:04,508 [INFO] LogOutputStream:77 - [STDOUT_REDIRECT] 1 : Invalid condition id : UX_CORESTACK_Condition cause : null
2025-11-05 18:53:04,509 [INFO] LogOutputStream:77 - [STDOUT_REDIRECT] 1 : Invalid condition id : UX_CORESTACK_Condition cause : null
2025-11-05 18:53:04,510 [INFO] LogOutputStream:77 - [STDOUT_REDIRECT] 1 : Invalid condition id : UX_CORESTACK_Condition cause : null
2025-11-05 18:53:04,514 [WARN] PackLoader:240 - Cannot read IP mode file for STMicroelectronics.X-CUBE-AZRTOS-WL.2.0.0
2025-11-05 18:53:04,534 [WARN] PackLoader:240 - Cannot read IP mode file for STMicroelectronics.FP-SNS-MOTENV1.5.0.0
2025-11-05 18:53:04,553 [WARN] PackLoader:240 - Cannot read IP mode file for wolfSSL.I-CUBE-wolfMQTT.1.19.0
2025-11-05 18:53:04,573 [WARN] PackLoader:240 - Cannot read IP mode file for WES.I-CUBE-Cesium.1.3.0
2025-11-05 18:53:04,591 [WARN] PackLoader:240 - Cannot read IP mode file for STMicroelectronics.X-CUBE-BLE2.3.3.0
2025-11-05 18:53:04,609 [WARN] PackLoader:240 - Cannot read IP mode file for STMicroelectronics.X-CUBE-NFC9.1.0.0
2025-11-05 18:53:04,625 [WARN] PackLoader:240 - Cannot read IP mode file for STMicroelectronics.X-CUBE-BLE1.7.1.0
2025-11-05 18:53:04,643 [WARN] PackLoader:240 - Cannot read IP mode file for STMicroelectronics.X-CUBE-TCPP.4.1.0
2025-11-05 18:53:04,663 [WARN] PackLoader:240 - Cannot read IP mode file for STMicroelectronics.X-CUBE-EEPRMA1.5.2.0
2025-11-05 18:53:04,680 [ERROR] Engine:466 - C:\Users\racin\.stm32cubemx\thirdparties\pdsc\STMicroelectronics.X-CUBE-ST67W61.1.1.0.pdsc: PDSC version is not supported
2025-11-05 18:53:04,697 [WARN] PackLoader:240 - Cannot read IP mode file for STMicroelectronics.X-CUBE-AI.10.1.0
2025-11-05 18:53:04,714 [WARN] PackLoader:240 - Cannot read IP mode file for STMicroelectronics.X-CUBE-ALGOBUILD.1.3.0
2025-11-05 18:53:04,801 [WARN] PackLoader:240 - Cannot read IP mode file for STMicroelectronics.X-CUBE-MEMS1.11.2.0
2025-11-05 18:53:04,935 [WARN] PackLoader:240 - Cannot read IP mode file for STMicroelectronics.X-CUBE-AZRTOS-G0.1.1.0
2025-11-05 18:53:04,959 [WARN] PackLoader:240 - Cannot read IP mode file for STMicroelectronics.X-CUBE-SAFEA1.1.2.2
2025-11-05 18:53:04,979 [WARN] PackLoader:240 - Cannot read IP mode file for STMicroelectronics.X-CUBE-NFC4.3.0.0
2025-11-05 18:53:05,002 [WARN] PackLoader:240 - Cannot read IP mode file for EmbeddedOffice.I-CUBE-FS-RTOS.1.0.1
2025-11-05 18:53:05,002 [ERROR] ConditionMgr:805 - Attr not supported : Dmpu
2025-11-05 18:53:05,002 [ERROR] ConditionMgr:805 - Attr not supported : Dmpu
2025-11-05 18:53:05,013 [ERROR] ConditionMgr:805 - Attr not supported : Dmpu
2025-11-05 18:53:05,013 [ERROR] ConditionMgr:805 - Attr not supported : Dmpu
2025-11-05 18:53:05,013 [ERROR] ConditionMgr:805 - Attr not supported : Dmpu
2025-11-05 18:53:05,013 [ERROR] ConditionMgr:805 - Attr not supported : Dmpu
2025-11-05 18:53:05,018 [ERROR] ConditionMgr:805 - Attr not supported : Dmpu
2025-11-05 18:53:05,019 [ERROR] ConditionMgr:805 - Attr not supported : Dmpu
2025-11-05 18:53:05,019 [ERROR] ConditionMgr:805 - Attr not supported : Dmpu
2025-11-05 18:53:05,019 [ERROR] ConditionMgr:805 - Attr not supported : Dmpu
2025-11-05 18:53:05,019 [ERROR] ConditionMgr:805 - Attr not supported : Dmpu
2025-11-05 18:53:05,019 [ERROR] ConditionMgr:805 - Attr not supported : Dmpu
2025-11-05 18:53:05,020 [ERROR] ConditionMgr:805 - Attr not supported : Dmpu
2025-11-05 18:53:05,020 [ERROR] ConditionMgr:805 - Attr not supported : Dmpu
2025-11-05 18:53:05,020 [ERROR] ConditionMgr:805 - Attr not supported : Dmpu
2025-11-05 18:53:05,020 [ERROR] ConditionMgr:805 - Attr not supported : Dmpu
2025-11-05 18:53:05,020 [ERROR] ConditionMgr:805 - Attr not supported : Dmpu
2025-11-05 18:53:05,020 [ERROR] ConditionMgr:805 - Attr not supported : Dmpu
2025-11-05 18:53:05,020 [ERROR] ConditionMgr:805 - Attr not supported : Dmpu
2025-11-05 18:53:05,020 [ERROR] ConditionMgr:805 - Attr not supported : Dmpu
2025-11-05 18:53:05,020 [ERROR] ConditionMgr:805 - Attr not supported : Dmpu
2025-11-05 18:53:05,020 [ERROR] ConditionMgr:805 - Attr not supported : Dmpu
2025-11-05 18:53:05,020 [ERROR] ConditionMgr:805 - Attr not supported : Dmpu
2025-11-05 18:53:05,020 [ERROR] ConditionMgr:805 - Attr not supported : Dmpu
2025-11-05 18:53:05,020 [ERROR] ConditionMgr:805 - Attr not supported : Dmpu
2025-11-05 18:53:05,020 [ERROR] ConditionMgr:805 - Attr not supported : Dmpu
2025-11-05 18:53:05,020 [ERROR] ConditionMgr:805 - Attr not supported : Dmpu
2025-11-05 18:53:05,020 [ERROR] ConditionMgr:805 - Attr not supported : Dmpu
2025-11-05 18:53:05,021 [ERROR] ConditionMgr:805 - Attr not supported : Dmpu
2025-11-05 18:53:05,021 [ERROR] ConditionMgr:805 - Attr not supported : Dmpu
2025-11-05 18:53:05,021 [ERROR] ConditionMgr:805 - Attr not supported : Dmpu
2025-11-05 18:53:05,021 [ERROR] ConditionMgr:805 - Attr not supported : Dmpu
2025-11-05 18:53:05,021 [ERROR] ConditionMgr:805 - Attr not supported : Dmpu
2025-11-05 18:53:05,021 [ERROR] ConditionMgr:805 - Attr not supported : Dmpu
2025-11-05 18:53:05,021 [ERROR] ConditionMgr:805 - Attr not supported : Dmpu
2025-11-05 18:53:05,021 [ERROR] ConditionMgr:805 - Attr not supported : Dmpu
2025-11-05 18:53:05,021 [ERROR] ConditionMgr:805 - Attr not supported : Dmpu
2025-11-05 18:53:05,021 [ERROR] ConditionMgr:805 - Attr not supported : Dmpu
2025-11-05 18:53:05,021 [ERROR] ConditionMgr:805 - Attr not supported : Dmpu
2025-11-05 18:53:05,021 [ERROR] ConditionMgr:805 - Attr not supported : Dmpu
2025-11-05 18:53:05,021 [ERROR] ConditionMgr:805 - Attr not supported : Dmpu
2025-11-05 18:53:05,021 [ERROR] ConditionMgr:805 - Attr not supported : Dmpu
2025-11-05 18:53:05,022 [ERROR] ConditionMgr:805 - Attr not supported : Dmpu
2025-11-05 18:53:05,022 [ERROR] ConditionMgr:805 - Attr not supported : Dmpu
2025-11-05 18:53:05,022 [ERROR] ConditionMgr:805 - Attr not supported : Dmpu
2025-11-05 18:53:05,022 [ERROR] ConditionMgr:805 - Attr not supported : Dmpu
2025-11-05 18:53:05,022 [ERROR] ConditionMgr:805 - Attr not supported : Dmpu
2025-11-05 18:53:05,022 [ERROR] ConditionMgr:805 - Attr not supported : Dmpu
2025-11-05 18:53:05,022 [ERROR] ConditionMgr:805 - Attr not supported : Dmpu
2025-11-05 18:53:05,022 [ERROR] ConditionMgr:805 - Attr not supported : Dmpu
2025-11-05 18:53:05,022 [ERROR] ConditionMgr:805 - Attr not supported : Dmpu
2025-11-05 18:53:05,022 [ERROR] ConditionMgr:805 - Attr not supported : Dmpu
2025-11-05 18:53:05,022 [ERROR] ConditionMgr:805 - Attr not supported : Dmpu
2025-11-05 18:53:05,022 [ERROR] ConditionMgr:805 - Attr not supported : Dmpu
2025-11-05 18:53:05,022 [ERROR] ConditionMgr:805 - Attr not supported : Dmpu
2025-11-05 18:53:05,022 [ERROR] ConditionMgr:805 - Attr not supported : Dmpu
2025-11-05 18:53:05,022 [ERROR] ConditionMgr:805 - Attr not supported : Dmpu
2025-11-05 18:53:05,022 [ERROR] ConditionMgr:805 - Attr not supported : Dmpu
2025-11-05 18:53:05,023 [ERROR] ConditionMgr:805 - Attr not supported : Dmpu
2025-11-05 18:53:05,023 [ERROR] ConditionMgr:805 - Attr not supported : Dmpu
2025-11-05 18:53:05,023 [ERROR] ConditionMgr:805 - Attr not supported : Dmpu
2025-11-05 18:53:05,023 [ERROR] ConditionMgr:805 - Attr not supported : Dmpu
2025-11-05 18:53:05,023 [ERROR] ConditionMgr:805 - Attr not supported : Dmpu
2025-11-05 18:53:05,023 [ERROR] ConditionMgr:805 - Attr not supported : Dmpu
2025-11-05 18:53:05,041 [WARN] PackLoader:240 - Cannot read IP mode file for STMicroelectronics.X-CUBE-WB05N.2.0.0
2025-11-05 18:53:05,059 [ERROR] Engine:466 - C:\Users\racin\.stm32cubemx\thirdparties\pdsc\STMicroelectronics.X-CUBE-TCPP.4.2.0.pdsc: PDSC version is not supported
2025-11-05 18:53:05,076 [WARN] PackLoader:240 - Cannot read IP mode file for RealThread.X-CUBE-RT-Thread_Nano.4.1.1
2025-11-05 18:53:05,093 [WARN] PackLoader:240 - Cannot read IP mode file for wolfSSL.I-CUBE-wolfSSL.5.7.0
2025-11-05 18:53:05,109 [WARN] PackLoader:240 - Cannot read IP mode file for STMicroelectronics.FP-ATR-SIGFOX1.3.2.0
2025-11-05 18:53:05,141 [WARN] PackLoader:240 - Cannot read IP mode file for STMicroelectronics.X-CUBE-EEPRMA1.5.1.0
2025-11-05 18:53:05,161 [WARN] PackLoader:240 - Cannot read IP mode file for ITTIA_DB.I-CUBE-ITTIADB.8.9.0
2025-11-05 18:53:05,179 [ERROR] Engine:466 - C:\Users\racin\.stm32cubemx\thirdparties\pdsc\STMicroelectronics.X-CUBE-ST67W61.1.0.0.pdsc: PDSC version is not supported
2025-11-05 18:53:05,196 [WARN] PackLoader:240 - Cannot read IP mode file for STMicroelectronics.X-CUBE-AI.10.2.0
2025-11-05 18:53:05,236 [WARN] PackLoader:240 - Cannot read IP mode file for SEGGER.I-CUBE-embOS.1.3.1
2025-11-05 18:53:05,328 [WARN] PackLoader:240 - Cannot read IP mode file for STMicroelectronics.X-CUBE-ALGOBUILD.1.4.0
2025-11-05 18:53:05,400 [WARN] PackLoader:240 - Cannot read IP mode file for STMicroelectronics.X-CUBE-MEMS1.11.3.0
2025-11-05 18:53:05,644 [WARN] PackLoader:240 - Cannot read IP mode file for STMicroelectronics.X-CUBE-AI.9.1.0
2025-11-05 18:53:05,662 [WARN] PackLoader:240 - Cannot read IP mode file for STMicroelectronics.X-CUBE-PM33A1.1.0.0
2025-11-05 18:53:05,694 [WARN] PackLoader:240 - Cannot read IP mode file for STMicroelectronics.X-CUBE-GNSS1.6.0.0
2025-11-05 18:53:05,743 [WARN] PackLoader:240 - Cannot read IP mode file for STMicroelectronics.X-CUBE-AZRTOS-F4.1.1.0
2025-11-05 18:53:05,767 [ERROR] Engine:466 - C:\Users\racin\.stm32cubemx\thirdparties\pdsc\Avnet-IotConnect.X-CUBE-IoTC-DA16k-PMOD.1.0.0.pdsc: PDSC version is not supported
2025-11-05 18:53:05,784 [WARN] PackLoader:240 - Cannot read IP mode file for STMicroelectronics.X-CUBE-ISPU.2.1.0
2025-11-05 18:53:05,804 [ERROR] Engine:466 - C:\Users\racin\.stm32cubemx\thirdparties\pdsc\STMicroelectronics.X-CUBE-IPS.3.2.0.pdsc: PDSC version is not supported
2025-11-05 18:53:05,823 [WARN] PackLoader:240 - Cannot read IP mode file for STMicroelectronics.X-CUBE-FREERTOS.1.2.0
2025-11-05 18:53:05,853 [WARN] PackLoader:240 - Cannot read IP mode file for STMicroelectronics.X-CUBE-NFC12.1.0.0
2025-11-05 18:53:05,887 [WARN] PackLoader:240 - Cannot read IP mode file for STMicroelectronics.X-CUBE-AZRTOS-L5.2.0.0
2025-11-05 18:53:05,911 [WARN] PackLoader:240 - Cannot read IP mode file for STMicroelectronics.X-CUBE-NFC6.3.1.0
2025-11-05 18:53:05,932 [WARN] PackLoader:240 - Cannot read IP mode file for STMicroelectronics.X-CUBE-DPower.1.2.0
2025-11-05 18:53:05,949 [WARN] PackLoader:240 - Cannot read IP mode file for STMicroelectronics.X-CUBE-AI.9.0.0
2025-11-05 18:53:05,975 [WARN] PackLoader:240 - Cannot read IP mode file for STMicroelectronics.X-CUBE-FREERTOS.1.3.1
2025-11-05 18:53:05,993 [WARN] PackLoader:240 - Cannot read IP mode file for STMicroelectronics.X-CUBE-FREERTOS.1.3.0
2025-11-05 18:53:06,011 [WARN] PackLoader:240 - Cannot read IP mode file for STMicroelectronics.X-CUBE-NFC7.1.0.1
2025-11-05 18:53:06,030 [WARN] PackLoader:240 - Cannot read IP mode file for wolfSSL.I-CUBE-wolfTPM.3.2.0
2025-11-05 18:53:06,048 [WARN] PackLoader:240 - Cannot read IP mode file for STMicroelectronics.X-CUBE-TOUCHGFX.4.26.0
2025-11-05 18:53:06,066 [ERROR] Engine:466 - C:\Users\racin\.stm32cubemx\thirdparties\pdsc\STMicroelectronics.FP-SNS-STAIOTCFT.1.0.0.pdsc: PDSC version is not supported
2025-11-05 18:53:06,082 [WARN] PackLoader:240 - Cannot read IP mode file for STMicroelectronics.X-CUBE-DPower.1.3.0
2025-11-05 18:53:06,099 [WARN] PackLoader:240 - Cannot read IP mode file for STMicroelectronics.X-CUBE-AI.8.1.0
2025-11-05 18:53:06,133 [WARN] ConditionMgr:438 - getConditionDescription Invalid condition id : LAN8742 Phy interface Condition cause : null
2025-11-05 18:53:06,134 [WARN] PackLoader:240 - Cannot read IP mode file for STMicroelectronics.X-CUBE-AZRTOS-L4.2.0.0
2025-11-05 18:53:06,134 [WARN] ConditionMgr:1039 - genDependencies : Invalid condition id : LAN8742 Phy interface Condition cause : null
2025-11-05 18:53:06,135 [WARN] ConditionMgr:1039 - genDependencies : Invalid condition id : LAN8742 Phy interface Condition cause : null
2025-11-05 18:53:06,135 [WARN] ConditionMgr:1039 - genDependencies : Invalid condition id : LAN8742 Phy interface Condition cause : null
2025-11-05 18:53:06,208 [WARN] PackLoader:240 - Cannot read IP mode file for STMicroelectronics.X-CUBE-SFXS2LP1.4.0.0
2025-11-05 18:53:06,245 [WARN] PackLoader:240 - Cannot read IP mode file for STMicroelectronics.X-CUBE-AZRTOS-H7.3.3.0
2025-11-05 18:53:06,273 [ERROR] Engine:466 - C:\Users\racin\.stm32cubemx\thirdparties\pdsc\STMicroelectronics.X-CUBE-BLEMGR.4.1.0.pdsc: PDSC version is not supported
2025-11-05 18:53:06,299 [WARN] PackLoader:240 - Cannot read IP mode file for STMicroelectronics.X-CUBE-IPS.3.0.0
2025-11-05 18:53:06,334 [WARN] ConditionMgr:438 - getConditionDescription Invalid condition id : UX DEVICE CLASS RTOS Condition cause : null
2025-11-05 18:53:06,335 [WARN] ConditionMgr:438 - getConditionDescription Invalid condition id : UX DEVICE CLASS RTOS Condition cause : null
2025-11-05 18:53:06,337 [WARN] PackLoader:240 - Cannot read IP mode file for STMicroelectronics.X-CUBE-AZRTOS-WB.2.0.0
2025-11-05 18:53:06,338 [WARN] ConditionMgr:1039 - genDependencies : Invalid condition id : UX DEVICE CLASS RTOS Condition cause : null
2025-11-05 18:53:06,338 [WARN] ConditionMgr:1039 - genDependencies : Invalid condition id : UX DEVICE CLASS RTOS Condition cause : null
2025-11-05 18:53:06,339 [WARN] ConditionMgr:1039 - genDependencies : Invalid condition id : UX DEVICE CLASS RTOS Condition cause : null
2025-11-05 18:53:06,339 [WARN] ConditionMgr:1039 - genDependencies : Invalid condition id : UX DEVICE CLASS RTOS Condition cause : null
2025-11-05 18:53:06,339 [WARN] ConditionMgr:1039 - genDependencies : Invalid condition id : UX DEVICE CLASS RTOS Condition cause : null
2025-11-05 18:53:06,358 [WARN] PackLoader:240 - Cannot read IP mode file for STMicroelectronics.X-CUBE-GNSS1.7.0.0
2025-11-05 18:53:06,379 [WARN] PackLoader:240 - Cannot read IP mode file for STMicroelectronics.X-CUBE-GNSS1.7.0.1
2025-11-05 18:53:06,400 [WARN] PackLoader:240 - Cannot read IP mode file for STMicroelectronics.X-CUBE-TOUCHGFX.4.25.0
2025-11-05 18:53:06,420 [WARN] PackLoader:240 - Cannot read IP mode file for STMicroelectronics.FP-SNS-STBOX1.2.0.0
2025-11-05 18:53:06,451 [WARN] PackLoader:240 - Cannot read IP mode file for STMicroelectronics.X-CUBE-SUBG2.5.0.0
2025-11-05 18:53:06,504 [WARN] PackLoader:240 - Cannot read IP mode file for STMicroelectronics.X-CUBE-AZRTOS-H7RS.1.1.0
2025-11-05 18:53:06,536 [WARN] PackLoader:240 - Cannot read IP mode file for Cesanta.I-CUBE-Mongoose.7.13.0
2025-11-05 18:53:06,590 [WARN] PackLoader:240 - Cannot read IP mode file for STMicroelectronics.X-CUBE-AZRTOS-G4.2.0.0
2025-11-05 18:53:06,617 [WARN] PackLoader:240 - Cannot read IP mode file for STMicroelectronics.X-CUBE-NFC7.2.0.0
2025-11-05 18:53:06,634 [WARN] PackLoader:240 - Cannot read IP mode file for STMicroelectronics.FP-SNS-MOTENVWB1.1.3.1
2025-11-05 18:53:06,654 [WARN] PackLoader:240 - Cannot read IP mode file for STMicroelectronics.X-CUBE-ISPU.2.0.0
2025-11-05 18:53:06,690 [ERROR] Engine:466 - C:\Users\racin\.stm32cubemx\thirdparties\pdsc\STMicroelectronics.X-CUBE-IPS.3.1.0.pdsc: PDSC version is not supported
2025-11-05 18:53:06,785 [WARN] PackLoader:240 - Cannot read IP mode file for STMicroelectronics.X-CUBE-ALS.1.0.2
2025-11-05 18:53:06,831 [WARN] PackLoader:240 - Cannot read IP mode file for STMicroelectronics.X-CUBE-MEMS1.10.0.0
2025-11-05 18:53:06,986 [WARN] PackLoader:240 - Cannot read IP mode file for STMicroelectronics.X-CUBE-FREERTOS.1.1.0
2025-11-05 18:53:07,005 [WARN] PackLoader:240 - Cannot read IP mode file for STMicroelectronics.X-CUBE-TOUCHGFX.4.24.0
2025-11-05 18:53:07,024 [WARN] PackLoader:240 - Cannot read IP mode file for STMicroelectronics.X-CUBE-TOUCHGFX.4.24.1
2025-11-05 18:53:07,047 [WARN] PackLoader:240 - Cannot read IP mode file for STMicroelectronics.X-CUBE-STSE01.1.0.0
2025-11-05 18:53:07,069 [WARN] PackLoader:240 - Cannot read IP mode file for portGmbH.I-Cube-SoM-uGOAL.1.1.0
2025-11-05 18:53:07,088 [WARN] PackLoader:240 - Cannot read IP mode file for STMicroelectronics.X-CUBE-ALS.1.0.1
2025-11-05 18:53:07,123 [WARN] PackLoader:240 - Cannot read IP mode file for STMicroelectronics.X-CUBE-AZRTOS-H7RS.1.0.0
2025-11-05 18:53:07,147 [WARN] PackLoader:240 - Cannot read IP mode file for STMicroelectronics.FP-ATR-ASTRA1.2.0.0
2025-11-05 18:53:07,175 [WARN] PackLoader:240 - Cannot read IP mode file for STMicroelectronics.X-CUBE-TOF1.3.4.2
2025-11-05 18:53:07,211 [ERROR] Engine:466 - C:\Users\racin\.stm32cubemx\thirdparties\pdsc\STMicroelectronics.X-CUBE-TOF1.3.4.3.pdsc: PDSC version is not supported
2025-11-05 18:53:07,252 [WARN] PackLoader:240 - Cannot read IP mode file for STMicroelectronics.X-CUBE-TOF1.3.4.1
2025-11-05 18:53:07,297 [WARN] PackLoader:240 - Cannot read IP mode file for STMicroelectronics.X-CUBE-AZRTOS-H7.3.2.0
2025-11-05 18:53:07,329 [WARN] PackLoader:240 - Cannot read IP mode file for Infineon.AIROC-Wi-Fi-Bluetooth-STM32.1.6.0
2025-11-05 18:53:07,387 [WARN] PackLoader:240 - Cannot read IP mode file for wolfSSL.I-CUBE-wolfSSH.1.4.17
2025-11-05 18:53:07,387 [INFO] ThirdParty:978 - Integrity check success = true
2025-11-05 18:53:07,388 [INFO] IntegrityCheckThread:100 - exiting critical section [integrity check]
2025-11-05 18:53:07,388 [INFO] IntegrityCheckThread:103 - End integrity checks thread
2025-11-05 18:53:07,621 [INFO] WebApp:161 - Instantiating new browser for Auth
2025-11-05 18:53:09,382 [INFO] WebApp:779 - Register for checkConnection events
2025-11-05 18:53:09,382 [INFO] WebApp:414 - Apply proxy settings
2025-11-05 18:53:09,382 [INFO] WebApp:499 - Chromium requires no authentication
2025-11-05 18:53:09,388 [INFO] WebApp:442 - Direct internet connection detected
2025-11-05 18:53:09,554 [INFO] WebApp:192 - Starting web application
2025-11-05 18:53:09,554 [INFO] WebApp:544 - Web application path used C:\ST\STM32CubeIDE_1.15.0\STM32CubeIDE\plugins\com.st.stm32cube.common.mx_6.11.0.202403141607\db\plugins\mcufinder\reactClient1\index.html
2025-11-05 19:38:03,703 [ERROR] LogOutputStream:75 - [STDERR_REDIRECT] 
2025-11-05 19:38:03,704 [ERROR] LogOutputStream:75 - [STDERR_REDIRECT] 
2025-11-05 19:38:10,090 [INFO] Activator:176 - 


2025-11-05 19:38:10,092 [INFO] Activator:177 - !SESSION log4j initialized
2025-11-05 19:38:17,490 [INFO] LogOutputStream:77 - [STDOUT_REDIRECT] 
2025-11-05 19:38:20,462 [INFO] ApplicationProperties:184 - Using Application install path: C:\ST\STM32CubeIDE_1.15.0\STM32CubeIDE\plugins\com.st.stm32cube.common.mx_6.11.0.202403141607
2025-11-05 19:38:20,487 [INFO] DbMcusXml:78 - Set database path to: C:\ST\STM32CubeIDE_1.15.0\STM32CubeIDE\plugins\com.st.stm32cube.common.mx_6.11.0.202403141607\\db\/mcu/
2025-11-05 19:38:20,487 [INFO] ApiDb:274 - Set plugin database path to: C:\ST\STM32CubeIDE_1.15.0\STM32CubeIDE\plugins\com.st.stm32cube.common.mx_6.11.0.202403141607\\db\/plugins/boardmanager/
2025-11-05 19:38:20,488 [WARN] ApiDb:259 - Overriding images path with different value:  => C:\ST\STM32CubeIDE_1.15.0\STM32CubeIDE\plugins\com.st.stm32cube.common.mx_6.11.0.202403141607\\db\/plugins/mcufinder/images/
2025-11-05 19:38:20,494 [INFO] ApiDb:250 - Set database path to: C:\Users\racin\.stmcufinder\plugins\mcufinder//mcu/
2025-11-05 19:38:20,496 [INFO] DbMcusAds:125 - Set database path to: C:\Users\racin\.stmcufinder\plugins\mcufinder//mcu/
2025-11-05 19:38:20,500 [INFO] CrossReferenceDbSqlite:203 - Set database path to: C:\Users\racin\.stmcufinder\plugins\mcufinder//mcu/cs/
2025-11-05 19:38:20,705 [INFO] RulesReader:64 - Compatibility file has been processed (297 Rules)
2025-11-05 19:38:20,906 [INFO] DbMcusXml:78 - Set database path to: C:\ST\STM32CubeIDE_1.15.0\STM32CubeIDE\plugins\com.st.stm32cube.common.mx_6.11.0.202403141607\\db\/mcu/
2025-11-05 19:38:20,907 [INFO] ApiDb:274 - Set plugin database path to: C:\ST\STM32CubeIDE_1.15.0\STM32CubeIDE\plugins\com.st.stm32cube.common.mx_6.11.0.202403141607\\db\/plugins/boardmanager/
2025-11-05 19:38:20,907 [INFO] ApiDb:261 - Set plugin images path to: C:\ST\STM32CubeIDE_1.15.0\STM32CubeIDE\plugins\com.st.stm32cube.common.mx_6.11.0.202403141607\\db\/plugins/mcufinder/images/
2025-11-05 19:38:20,907 [WARN] DbFile:41 - Overriding database path with different value: C:\Users\racin\.stmcufinder\plugins\mcufinder/ => C:\Users\racin\.stmcufinder\plugins\mcufinder
2025-11-05 19:38:20,908 [INFO] ApiDb:250 - Set database path to: C:\Users\racin\.stmcufinder\plugins\mcufinder//mcu/
2025-11-05 19:38:20,908 [WARN] DbFile:41 - Overriding database path with different value: C:\Users\racin\.stmcufinder\plugins\mcufinder/ => C:\Users\racin\.stmcufinder\plugins\mcufinder
2025-11-05 19:38:20,908 [INFO] DbMcusAds:125 - Set database path to: C:\Users\racin\.stmcufinder\plugins\mcufinder//mcu/
2025-11-05 19:38:20,908 [WARN] DbFile:41 - Overriding database path with different value: C:\Users\racin\.stmcufinder\plugins\mcufinder/ => C:\Users\racin\.stmcufinder\plugins\mcufinder
2025-11-05 19:38:20,909 [WARN] DbFile:41 - Overriding database path with different value: C:\Users\racin\.stmcufinder\plugins\mcufinder/ => C:\Users\racin\.stmcufinder\plugins\mcufinder
2025-11-05 19:38:20,909 [INFO] CrossReferenceDbSqlite:203 - Set database path to: C:\Users\racin\.stmcufinder\plugins\mcufinder//mcu/cs/
2025-11-05 19:38:21,035 [INFO] MainPanel:264 - HeapMemory: 268435456
2025-11-05 19:38:21,181 [INFO] DbMcusXml:78 - Set database path to: C:\ST\STM32CubeIDE_1.15.0\STM32CubeIDE\plugins\com.st.stm32cube.common.mx_6.11.0.202403141607\\db\/mcu/
2025-11-05 19:38:21,181 [INFO] ApiDb:274 - Set plugin database path to: C:\ST\STM32CubeIDE_1.15.0\STM32CubeIDE\plugins\com.st.stm32cube.common.mx_6.11.0.202403141607\\db\/plugins/boardmanager/
2025-11-05 19:38:21,181 [INFO] ApiDb:261 - Set plugin images path to: C:\ST\STM32CubeIDE_1.15.0\STM32CubeIDE\plugins\com.st.stm32cube.common.mx_6.11.0.202403141607\\db\/plugins/mcufinder/images/
2025-11-05 19:38:21,183 [WARN] DbFile:41 - Overriding database path with different value: C:\Users\racin\.stmcufinder\plugins\mcufinder/ => C:\Users\racin\.stmcufinder\plugins\mcufinder
2025-11-05 19:38:21,183 [INFO] ApiDb:250 - Set database path to: C:\Users\racin\.stmcufinder\plugins\mcufinder//mcu/
2025-11-05 19:38:21,183 [WARN] DbFile:41 - Overriding database path with different value: C:\Users\racin\.stmcufinder\plugins\mcufinder/ => C:\Users\racin\.stmcufinder\plugins\mcufinder
2025-11-05 19:38:21,183 [INFO] DbMcusAds:125 - Set database path to: C:\Users\racin\.stmcufinder\plugins\mcufinder//mcu/
2025-11-05 19:38:21,183 [WARN] DbFile:41 - Overriding database path with different value: C:\Users\racin\.stmcufinder\plugins\mcufinder/ => C:\Users\racin\.stmcufinder\plugins\mcufinder
2025-11-05 19:38:21,183 [WARN] DbFile:41 - Overriding database path with different value: C:\Users\racin\.stmcufinder\plugins\mcufinder/ => C:\Users\racin\.stmcufinder\plugins\mcufinder
2025-11-05 19:38:21,184 [INFO] CrossReferenceDbSqlite:203 - Set database path to: C:\Users\racin\.stmcufinder\plugins\mcufinder//mcu/cs/
2025-11-05 19:38:21,204 [INFO] ApplicationProperties:184 - Using Application install path: C:\ST\STM32CubeIDE_1.15.0\STM32CubeIDE\plugins\com.st.stm32cube.common.mx_6.11.0.202403141607
2025-11-05 19:38:21,207 [INFO] PluginManage:196 - Search for loadable plugins [exclusion list=, ]
2025-11-05 19:38:21,208 [INFO] PluginManage:310 - Check plugin analytics
2025-11-05 19:38:21,575 [INFO] AnalyticsPlugin:253 - Accepted Software Licenses: 
2025-11-05 19:38:21,576 [INFO] AnalyticsPlugin:255 - Accepted CMSIS Pack Licenses: 
2025-11-05 19:38:21,576 [INFO] AnalyticsPlugin:257 - Accepted Firmware Licenses: FW.L4.1.18.0,FW.F7.1.17.0,FW.H7.1.11.0,FW.F4.1.28.0
2025-11-05 19:38:21,580 [INFO] PluginManage:359 - Loaded plugin analytics (category:tool,tabindex:-1)
2025-11-05 19:38:21,582 [INFO] PluginManage:310 - Check plugin cadmodel
2025-11-05 19:38:21,586 [INFO] CADModel:105 - Init CAD model plugin
2025-11-05 19:38:21,587 [INFO] PluginManage:359 - Loaded plugin cadmodel (category:power,tabindex:5)
2025-11-05 19:38:21,587 [INFO] PluginManage:310 - Check plugin clock
2025-11-05 19:38:21,599 [INFO] PluginManage:359 - Loaded plugin clock (category:base,tabindex:2)
2025-11-05 19:38:21,600 [INFO] PluginManage:310 - Check plugin ddr
2025-11-05 19:38:21,602 [INFO] PluginManage:359 - Loaded plugin ddr (category:tool,tabindex:6)
2025-11-05 19:38:21,602 [INFO] PluginManage:310 - Check plugin filemanager
2025-11-05 19:38:22,191 [INFO] PluginManage:359 - Loaded plugin filemanager (category:base,tabindex:10)
2025-11-05 19:38:22,192 [INFO] PluginManage:310 - Check plugin ipmanager
2025-11-05 19:38:22,201 [INFO] PluginManage:359 - Loaded plugin ipmanager (category:base,tabindex:5)
2025-11-05 19:38:22,201 [INFO] PluginManage:310 - Check plugin lpbam
2025-11-05 19:38:22,212 [INFO] PluginManage:359 - Loaded plugin lpbam (category:base,tabindex:0)
2025-11-05 19:38:22,213 [INFO] PluginManage:310 - Check plugin memorymap
2025-11-05 19:38:22,235 [INFO] PluginManage:359 - Loaded plugin memorymap (category:base,tabindex:4)
2025-11-05 19:38:22,236 [INFO] PluginManage:310 - Check plugin pinoutandconfiguration
2025-11-05 19:38:22,245 [INFO] PluginManage:359 - Loaded plugin pinoutandconfiguration (category:base,tabindex:1)
2025-11-05 19:38:22,245 [INFO] PluginManage:310 - Check plugin pinoutconfig
2025-11-05 19:38:22,423 [WARN] SupportedApi:132 - Cannot load RTOS API schema: s4s-elt-must-match.1: The content of 'definitions' must match (annotation?, (simpleType | complexType)?, (unique | key | keyref)*)). A problem was found starting at: attribute.
2025-11-05 19:38:22,730 [INFO] PluginManage:359 - Loaded plugin pinoutconfig (category:base,tabindex:0)
2025-11-05 19:38:22,730 [INFO] PluginManage:310 - Check plugin power
2025-11-05 19:38:22,744 [INFO] PluginManage:359 - Loaded plugin power (category:power,tabindex:4)
2025-11-05 19:38:22,744 [INFO] PluginManage:310 - Check plugin projectmanager
2025-11-05 19:38:24,772 [INFO] PluginManage:359 - Loaded plugin projectmanager (category:projectmanager,tabindex:3)
2025-11-05 19:38:24,772 [INFO] PluginManage:310 - Check plugin thirdparty
2025-11-05 19:38:24,987 [INFO] PluginManage:359 - Loaded plugin thirdparty (category:base,tabindex:-1)
2025-11-05 19:38:24,987 [INFO] PluginManage:310 - Check plugin tools
2025-11-05 19:38:25,038 [WARN] IntegrityCheckThread:84 - waiting for thirdparty lock release [integrity check]
2025-11-05 19:38:25,038 [INFO] PluginManage:359 - Loaded plugin tools (category:base,tabindex:7)
2025-11-05 19:38:25,039 [INFO] IntegrityCheckThread:86 - entering critical section [integrity check]
2025-11-05 19:38:25,039 [INFO] PluginManage:310 - Check plugin tutovideos
2025-11-05 19:38:25,039 [INFO] ThirdPartyUpdaterWithRetryManager:70 - Updater plugin not ready yet. [1/15]
2025-11-05 19:38:25,354 [INFO] PluginManage:359 - Loaded plugin tutovideos (category:base,tabindex:-1)
2025-11-05 19:38:25,354 [INFO] PluginManage:310 - Check plugin updater
2025-11-05 19:38:26,271 [INFO] PluginManage:359 - Loaded plugin updater (category:base,tabindex:12)
2025-11-05 19:38:26,271 [INFO] PluginManage:310 - Check plugin userauth
2025-11-05 19:38:26,278 [INFO] UserAuth:114 - Init User Auth plugin
2025-11-05 19:38:26,279 [INFO] PluginManage:359 - Loaded plugin userauth (category:base,tabindex:14)
2025-11-05 19:38:26,279 [INFO] PluginManage:283 - PluginManage : Loaded plugins [17]
2025-11-05 19:38:27,329 [INFO] PinOutPanel:1561 - setPackage(No Configuration,No Configuration)
2025-11-05 19:38:27,443 [INFO] CADModel:165 - CPN selected for project level
2025-11-05 19:38:27,443 [INFO] CADModel:114 - Register for checkConnection events
2025-11-05 19:38:27,465 [INFO] IPUIPlugin:80 - create IPUIPlugin
2025-11-05 19:38:27,465 [INFO] PluginManager:220 - loadIPPluginJar : add adc
2025-11-05 19:38:27,471 [INFO] IPUIPlugin:80 - create IPUIPlugin
2025-11-05 19:38:27,471 [INFO] PluginManager:220 - loadIPPluginJar : add aes
2025-11-05 19:38:27,474 [INFO] IPUIPlugin:80 - create IPUIPlugin
2025-11-05 19:38:27,475 [INFO] PluginManager:220 - loadIPPluginJar : add can
2025-11-05 19:38:27,476 [INFO] IPUIPlugin:80 - create IPUIPlugin
2025-11-05 19:38:27,477 [INFO] PluginManager:220 - loadIPPluginJar : add comp
2025-11-05 19:38:27,480 [INFO] IPUIPlugin:80 - create IPUIPlugin
2025-11-05 19:38:27,480 [INFO] PluginManager:220 - loadIPPluginJar : add cryp
2025-11-05 19:38:27,485 [INFO] IPUIPlugin:80 - create IPUIPlugin
2025-11-05 19:38:27,485 [INFO] PluginManager:220 - loadIPPluginJar : add dfsdm
2025-11-05 19:38:27,493 [INFO] IPUIPlugin:80 - create IPUIPlugin
2025-11-05 19:38:27,493 [INFO] PluginManager:220 - loadIPPluginJar : add dma
2025-11-05 19:38:27,496 [INFO] IPUIPlugin:80 - create IPUIPlugin
2025-11-05 19:38:27,496 [INFO] PluginManager:220 - loadIPPluginJar : add dma3
2025-11-05 19:38:27,502 [INFO] IPUIPlugin:80 - create IPUIPlugin
2025-11-05 19:38:27,502 [INFO] PluginManager:220 - loadIPPluginJar : add extmemmanager
2025-11-05 19:38:27,504 [INFO] IPUIPlugin:80 - create IPUIPlugin
2025-11-05 19:38:27,504 [INFO] PluginManager:220 - loadIPPluginJar : add fatfs
2025-11-05 19:38:27,510 [INFO] IPUIPlugin:80 - create IPUIPlugin
2025-11-05 19:38:27,510 [INFO] PluginManager:220 - loadIPPluginJar : add fmc
2025-11-05 19:38:27,525 [INFO] IPUIPlugin:80 - create IPUIPlugin
2025-11-05 19:38:27,525 [INFO] PluginManager:220 - loadIPPluginJar : add freertos
2025-11-05 19:38:27,527 [INFO] IPUIPlugin:80 - create IPUIPlugin
2025-11-05 19:38:27,527 [INFO] PluginManager:220 - loadIPPluginJar : add genericplugin
2025-11-05 19:38:27,530 [INFO] IPUIPlugin:80 - create IPUIPlugin
2025-11-05 19:38:27,530 [INFO] PluginManager:220 - loadIPPluginJar : add gfxmmu
2025-11-05 19:38:27,539 [INFO] IPUIPlugin:80 - create IPUIPlugin
2025-11-05 19:38:27,539 [INFO] PluginManager:220 - loadIPPluginJar : add gic
2025-11-05 19:38:27,543 [INFO] IPUIPlugin:80 - create IPUIPlugin
2025-11-05 19:38:27,543 [INFO] PluginManager:220 - loadIPPluginJar : add gpio
2025-11-05 19:38:27,546 [INFO] IPUIPlugin:80 - create IPUIPlugin
2025-11-05 19:38:27,546 [INFO] PluginManager:220 - loadIPPluginJar : add gtzc
2025-11-05 19:38:27,550 [INFO] IPUIPlugin:80 - create IPUIPlugin
2025-11-05 19:38:27,551 [INFO] PluginManager:220 - loadIPPluginJar : add hash
2025-11-05 19:38:27,554 [INFO] IPUIPlugin:80 - create IPUIPlugin
2025-11-05 19:38:27,554 [INFO] PluginManager:220 - loadIPPluginJar : add i2c
2025-11-05 19:38:27,556 [INFO] IPUIPlugin:80 - create IPUIPlugin
2025-11-05 19:38:27,557 [INFO] PluginManager:220 - loadIPPluginJar : add i2s
2025-11-05 19:38:27,560 [INFO] IPUIPlugin:80 - create IPUIPlugin
2025-11-05 19:38:27,560 [INFO] PluginManager:220 - loadIPPluginJar : add i3c
2025-11-05 19:38:27,564 [INFO] IPUIPlugin:80 - create IPUIPlugin
2025-11-05 19:38:27,564 [INFO] PluginManager:220 - loadIPPluginJar : add ipddr
2025-11-05 19:38:27,573 [INFO] IPUIPlugin:80 - create IPUIPlugin
2025-11-05 19:38:27,573 [INFO] PluginManager:220 - loadIPPluginJar : add linkedlist
2025-11-05 19:38:27,576 [INFO] IPUIPlugin:80 - create IPUIPlugin
2025-11-05 19:38:27,576 [INFO] PluginManager:220 - loadIPPluginJar : add lorawan
2025-11-05 19:38:27,578 [INFO] IPUIPlugin:80 - create IPUIPlugin
2025-11-05 19:38:27,578 [INFO] PluginManager:220 - loadIPPluginJar : add ltdc
2025-11-05 19:38:27,585 [INFO] IPUIPlugin:80 - create IPUIPlugin
2025-11-05 19:38:27,586 [INFO] PluginManager:220 - loadIPPluginJar : add mdma
2025-11-05 19:38:27,589 [INFO] IPUIPlugin:80 - create IPUIPlugin
2025-11-05 19:38:27,590 [INFO] PluginManager:220 - loadIPPluginJar : add nvic
2025-11-05 19:38:27,592 [INFO] IPUIPlugin:80 - create IPUIPlugin
2025-11-05 19:38:27,593 [INFO] PluginManager:220 - loadIPPluginJar : add opamp
2025-11-05 19:38:27,596 [INFO] IPUIPlugin:80 - create IPUIPlugin
2025-11-05 19:38:27,596 [INFO] PluginManager:220 - loadIPPluginJar : add openamp
2025-11-05 19:38:27,600 [INFO] IPUIPlugin:80 - create IPUIPlugin
2025-11-05 19:38:27,600 [INFO] PluginManager:220 - loadIPPluginJar : add pdm2pcm
2025-11-05 19:38:27,608 [INFO] IPUIPlugin:80 - create IPUIPlugin
2025-11-05 19:38:27,612 [INFO] PluginManager:220 - loadIPPluginJar : add plateformsettings
2025-11-05 19:38:27,613 [INFO] IPUIPlugin:80 - create IPUIPlugin
2025-11-05 19:38:27,614 [INFO] PluginManager:220 - loadIPPluginJar : add quadspi
2025-11-05 19:38:27,619 [INFO] IPUIPlugin:80 - create IPUIPlugin
2025-11-05 19:38:27,620 [INFO] PluginManager:220 - loadIPPluginJar : add resmgrutility
2025-11-05 19:38:27,623 [INFO] IPUIPlugin:80 - create IPUIPlugin
2025-11-05 19:38:27,624 [INFO] PluginManager:220 - loadIPPluginJar : add sai
2025-11-05 19:38:27,638 [INFO] IPUIPlugin:80 - create IPUIPlugin
2025-11-05 19:38:27,638 [INFO] PluginManager:220 - loadIPPluginJar : add spi
2025-11-05 19:38:27,644 [INFO] IPUIPlugin:80 - create IPUIPlugin
2025-11-05 19:38:27,645 [INFO] PluginManager:220 - loadIPPluginJar : add stm32_wpan
2025-11-05 19:38:27,646 [INFO] IPUIPlugin:80 - create IPUIPlugin
2025-11-05 19:38:27,647 [INFO] PluginManager:220 - loadIPPluginJar : add tim
2025-11-05 19:38:27,653 [INFO] IPUIPlugin:80 - create IPUIPlugin
2025-11-05 19:38:27,654 [INFO] PluginManager:220 - loadIPPluginJar : add touchsensing
2025-11-05 19:38:27,656 [INFO] IPUIPlugin:80 - create IPUIPlugin
2025-11-05 19:38:27,657 [INFO] PluginManager:220 - loadIPPluginJar : add tracer_emb
2025-11-05 19:38:27,659 [INFO] IPUIPlugin:80 - create IPUIPlugin
2025-11-05 19:38:27,659 [INFO] PluginManager:220 - loadIPPluginJar : add ts
2025-11-05 19:38:27,661 [INFO] IPUIPlugin:80 - create IPUIPlugin
2025-11-05 19:38:27,661 [INFO] PluginManager:220 - loadIPPluginJar : add tsc
2025-11-05 19:38:27,663 [INFO] IPUIPlugin:80 - create IPUIPlugin
2025-11-05 19:38:27,663 [INFO] PluginManager:220 - loadIPPluginJar : add ucpd
2025-11-05 19:38:27,668 [INFO] IPUIPlugin:80 - create IPUIPlugin
2025-11-05 19:38:27,668 [INFO] PluginManager:220 - loadIPPluginJar : add usart
2025-11-05 19:38:27,672 [INFO] IPUIPlugin:80 - create IPUIPlugin
2025-11-05 19:38:27,672 [INFO] PluginManager:220 - loadIPPluginJar : add usbx
2025-11-05 19:38:27,912 [INFO] CADModel:165 - CPN selected for project level
2025-11-05 19:38:27,912 [INFO] CADModel:114 - Register for checkConnection events
2025-11-05 19:38:27,912 [FATAL] Updater:308 - Updater called before beeing initialized
2025-11-05 19:38:27,912 [ERROR] CADModel:125 - Updater not yet initialized, retry later 
2025-11-05 19:38:28,041 [INFO] ThirdPartyUpdaterWithRetryManager:70 - Updater plugin not ready yet. [2/15]
2025-11-05 19:38:28,094 [INFO] CADModel:165 - CPN selected for project level
2025-11-05 19:38:28,094 [INFO] CADModel:114 - Register for checkConnection events
2025-11-05 19:38:28,095 [FATAL] Updater:308 - Updater called before beeing initialized
2025-11-05 19:38:28,095 [ERROR] CADModel:125 - Updater not yet initialized, retry later 
2025-11-05 19:38:28,100 [FATAL] Updater:308 - Updater called before beeing initialized
2025-11-05 19:38:28,305 [FATAL] Updater:308 - Updater called before beeing initialized
2025-11-05 19:38:28,310 [INFO] DbMcusAds:53 - JSON generation date=Thu Oct 02 11:36:05 CEST 2025 (1759397765645)
2025-11-05 19:38:28,310 [FATAL] Updater:308 - Updater called before beeing initialized
2025-11-05 19:38:28,348 [WARN] DetailPanel:346 - Failed to get advertising image, set to default
2025-11-05 19:38:28,454 [FATAL] Updater:308 - Updater called before beeing initialized
2025-11-05 19:38:28,456 [FATAL] Updater:308 - Updater called before beeing initialized
2025-11-05 19:38:28,456 [FATAL] Updater:308 - Updater called before beeing initialized
2025-11-05 19:38:28,456 [WARN] DetailPanel:346 - Failed to get advertising image, set to default
2025-11-05 19:38:28,458 [FATAL] Updater:308 - Updater called before beeing initialized
2025-11-05 19:38:28,558 [ERROR] Updater:1120 - MainUpdater not yet initialized. External WinMGr cannot be set.
2025-11-05 19:38:28,561 [INFO] Updater:1056 - Updater Version found : 6.11.0
2025-11-05 19:38:28,588 [INFO] ApplicationProperties:184 - Using Application install path: C:\ST\STM32CubeIDE_1.15.0\STM32CubeIDE\plugins\com.st.stm32cube.common.mx_6.11.0.202403141607
2025-11-05 19:38:30,175 [ERROR] LogOutputStream:75 - [STDERR_REDIRECT] Nov 05, 2025 7:38:30 PM java.util.prefs.WindowsPreferences <init>
2025-11-05 19:38:30,177 [ERROR] LogOutputStream:75 - [STDERR_REDIRECT] WARNING: Could not open/create prefs root node Software\JavaSoft\Prefs at root 0xffffffff80000002. Windows RegCreateKeyEx(...) returned error code 5.
2025-11-05 19:38:30,177 [ERROR] LogOutputStream:75 - [STDERR_REDIRECT] 
2025-11-05 19:38:30,564 [INFO] MainUpdater:2873 - connection check result : 10
2025-11-05 19:38:30,565 [INFO] MainUpdater:290 - Updater Check For Update Now.
2025-11-05 19:38:30,565 [INFO] MicroXplorer:498 - Change Database Version : DB.6.0.110
2025-11-05 19:38:30,572 [INFO] McuFinderGlobals:63 - Set McuFinder mode to 2 (CubeIDE integrated)
2025-11-05 19:38:30,577 [INFO] UserAuth:415 - Internet connection configuration mode: 1
2025-11-05 19:38:30,593 [INFO] JxBrowserEngine:152 - Initiate JxBrowser Engine with user profile folder
2025-11-05 19:38:30,805 [INFO] CheckServerUpdateThread:120 - End of CheckServer Thread
2025-11-05 19:38:32,229 [WARN] PackLoader:240 - Cannot read IP mode file for STMicroelectronics.FP-SNS-MOTENVWB1.1.4.0
2025-11-05 19:38:32,258 [WARN] PackLoader:240 - Cannot read IP mode file for STMicroelectronics.FP-ATR-ASTRA1.2.0.2
2025-11-05 19:38:32,286 [WARN] PackLoader:240 - Cannot read IP mode file for STMicroelectronics.X-CUBE-SMBUS.2.1.0
2025-11-05 19:38:32,451 [WARN] PackLoader:240 - Cannot read IP mode file for STMicroelectronics.X-CUBE-WB05N.1.1.0
2025-11-05 19:38:32,523 [ERROR] Engine:466 - C:\Users\racin\.stm32cubemx\thirdparties\pdsc\STMicroelectronics.X-CUBE-ST60.1.0.0.pdsc: PDSC version is not supported
2025-11-05 19:38:32,542 [WARN] PackLoader:240 - Cannot read IP mode file for STMicroelectronics.X-CUBE-TOUCHGFX.4.23.2
2025-11-05 19:38:32,643 [WARN] PackLoader:240 - Cannot read IP mode file for STMicroelectronics.X-CUBE-AZRTOS-F7.1.1.0
2025-11-05 19:38:32,695 [INFO] WebApp:161 - Instantiating new browser for Auth
2025-11-05 19:38:32,839 [WARN] PackLoader:240 - Cannot read IP mode file for STMicroelectronics.X-CUBE-MEMS1.11.0.0
2025-11-05 19:38:33,814 [ERROR] Engine:466 - C:\Users\racin\.stm32cubemx\thirdparties\pdsc\STMicroelectronics.FP-SNS-MOTENV1.5.1.0.pdsc: PDSC version is not supported
2025-11-05 19:38:34,005 [WARN] PackLoader:240 - Cannot read IP mode file for STMicroelectronics.FP-SNS-FLIGHT1.5.0.2
2025-11-05 19:38:34,075 [WARN] PackLoader:240 - Cannot read IP mode file for STMicroelectronics.X-CUBE-AZRTOS-H7.3.4.0
2025-11-05 19:38:34,089 [WARN] PackLoader:240 - Cannot read IP mode file for STMicroelectronics.X-CUBE-DISPLAY.3.0.0
2025-11-05 19:38:34,361 [WARN] PackLoader:240 - Cannot read IP mode file for STMicroelectronics.X-CUBE-BLE1.7.0.0
2025-11-05 19:38:34,370 [WARN] PackLoader:240 - Cannot read IP mode file for STMicroelectronics.X-CUBE-NFC10.1.0.0
2025-11-05 19:38:34,380 [WARN] PackLoader:240 - Cannot read IP mode file for STMicroelectronics.X-CUBE-BLEMGR.4.0.0
2025-11-05 19:38:34,386 [ERROR] Engine:466 - C:\Users\racin\.stm32cubemx\thirdparties\pdsc\STMicroelectronics.X-CUBE-ST60.1.1.0.pdsc: PDSC version is not supported
2025-11-05 19:38:34,393 [WARN] PackLoader:240 - Cannot read IP mode file for emotas.I-CUBE-CANOPEN.1.3.0
2025-11-05 19:38:34,399 [WARN] PackLoader:240 - Cannot read IP mode file for STMicroelectronics.X-CUBE-GNSS1.7.1.0
2025-11-05 19:38:34,405 [WARN] ConditionMgr:438 - getConditionDescription Invalid condition id : Cortex-A Device cause : null
2025-11-05 19:38:34,436 [WARN] ConditionMgr:1039 - genDependencies : Invalid condition id : Cortex-A Device cause : null
2025-11-05 19:38:34,437 [WARN] ConditionMgr:1039 - genDependencies : Invalid condition id : Cortex-A Device cause : null
2025-11-05 19:38:34,437 [WARN] ConditionMgr:1039 - genDependencies : Invalid condition id : Cortex-A Device cause : null
2025-11-05 19:38:34,445 [WARN] PackLoader:240 - Cannot read IP mode file for STMicroelectronics.X-CUBE-BLEMGR.3.1.0
2025-11-05 19:38:34,451 [WARN] PackLoader:240 - Cannot read IP mode file for STMicroelectronics.X-CUBE-AI.10.0.0
2025-11-05 19:38:34,455 [ERROR] Engine:466 - C:\Users\racin\.stm32cubemx\thirdparties\pdsc\STMicroelectronics.FP-SNS-STBOX1.2.1.0.pdsc: PDSC version is not supported
2025-11-05 19:38:34,459 [WARN] PackLoader:240 - Cannot read IP mode file for STMicroelectronics.FP-SNS-SMARTAG2.1.2.0
2025-11-05 19:38:34,461 [ERROR] Engine:466 - C:\Users\racin\.stm32cubemx\thirdparties\pdsc\STMicroelectronics.FP-SNS-FLIGHT1.5.1.0.pdsc: PDSC version is not supported
2025-11-05 19:38:34,540 [WARN] PackLoader:240 - Cannot read IP mode file for STMicroelectronics.X-CUBE-MEMS1.11.1.0
2025-11-05 19:38:34,695 [INFO] LogOutputStream:77 - [STDOUT_REDIRECT] 1 : Invalid condition id : UX_CORESTACK_Condition cause : null
2025-11-05 19:38:34,695 [INFO] LogOutputStream:77 - [STDOUT_REDIRECT] 1 : Invalid condition id : UX_CORESTACK_Condition cause : null
2025-11-05 19:38:34,696 [INFO] LogOutputStream:77 - [STDOUT_REDIRECT] 1 : Invalid condition id : UX_CORESTACK_Condition cause : null
2025-11-05 19:38:34,699 [INFO] LogOutputStream:77 - [STDOUT_REDIRECT] 1 : Invalid condition id : UX_CORESTACK_Condition cause : null
2025-11-05 19:38:34,700 [INFO] LogOutputStream:77 - [STDOUT_REDIRECT] 1 : Invalid condition id : UX_CORESTACK_Condition cause : null
2025-11-05 19:38:34,703 [WARN] PackLoader:240 - Cannot read IP mode file for STMicroelectronics.X-CUBE-AZRTOS-WL.2.0.0
2025-11-05 19:38:34,707 [WARN] PackLoader:240 - Cannot read IP mode file for STMicroelectronics.FP-SNS-MOTENV1.5.0.0
2025-11-05 19:38:34,712 [WARN] PackLoader:240 - Cannot read IP mode file for wolfSSL.I-CUBE-wolfMQTT.1.19.0
2025-11-05 19:38:34,719 [WARN] PackLoader:240 - Cannot read IP mode file for WES.I-CUBE-Cesium.1.3.0
2025-11-05 19:38:34,723 [WARN] PackLoader:240 - Cannot read IP mode file for STMicroelectronics.X-CUBE-BLE2.3.3.0
2025-11-05 19:38:34,728 [WARN] PackLoader:240 - Cannot read IP mode file for STMicroelectronics.X-CUBE-NFC9.1.0.0
2025-11-05 19:38:34,733 [WARN] PackLoader:240 - Cannot read IP mode file for STMicroelectronics.X-CUBE-BLE1.7.1.0
2025-11-05 19:38:34,739 [WARN] PackLoader:240 - Cannot read IP mode file for STMicroelectronics.X-CUBE-TCPP.4.1.0
2025-11-05 19:38:34,744 [WARN] PackLoader:240 - Cannot read IP mode file for STMicroelectronics.X-CUBE-EEPRMA1.5.2.0
2025-11-05 19:38:34,748 [ERROR] Engine:466 - C:\Users\racin\.stm32cubemx\thirdparties\pdsc\STMicroelectronics.X-CUBE-ST67W61.1.1.0.pdsc: PDSC version is not supported
2025-11-05 19:38:34,752 [WARN] PackLoader:240 - Cannot read IP mode file for STMicroelectronics.X-CUBE-AI.10.1.0
2025-11-05 19:38:34,776 [WARN] PackLoader:240 - Cannot read IP mode file for STMicroelectronics.X-CUBE-ALGOBUILD.1.3.0
2025-11-05 19:38:34,815 [WARN] PackLoader:240 - Cannot read IP mode file for STMicroelectronics.X-CUBE-MEMS1.11.2.0
2025-11-05 19:38:35,013 [WARN] PackLoader:240 - Cannot read IP mode file for STMicroelectronics.X-CUBE-AZRTOS-G0.1.1.0
2025-11-05 19:38:35,023 [WARN] PackLoader:240 - Cannot read IP mode file for STMicroelectronics.X-CUBE-SAFEA1.1.2.2
2025-11-05 19:38:35,033 [WARN] PackLoader:240 - Cannot read IP mode file for STMicroelectronics.X-CUBE-NFC4.3.0.0
2025-11-05 19:38:35,045 [WARN] PackLoader:240 - Cannot read IP mode file for EmbeddedOffice.I-CUBE-FS-RTOS.1.0.1
2025-11-05 19:38:35,046 [ERROR] ConditionMgr:805 - Attr not supported : Dmpu
2025-11-05 19:38:35,046 [ERROR] ConditionMgr:805 - Attr not supported : Dmpu
2025-11-05 19:38:35,047 [ERROR] ConditionMgr:805 - Attr not supported : Dmpu
2025-11-05 19:38:35,048 [ERROR] ConditionMgr:805 - Attr not supported : Dmpu
2025-11-05 19:38:35,048 [ERROR] ConditionMgr:805 - Attr not supported : Dmpu
2025-11-05 19:38:35,048 [ERROR] ConditionMgr:805 - Attr not supported : Dmpu
2025-11-05 19:38:35,048 [ERROR] ConditionMgr:805 - Attr not supported : Dmpu
2025-11-05 19:38:35,049 [ERROR] ConditionMgr:805 - Attr not supported : Dmpu
2025-11-05 19:38:35,049 [ERROR] ConditionMgr:805 - Attr not supported : Dmpu
2025-11-05 19:38:35,049 [ERROR] ConditionMgr:805 - Attr not supported : Dmpu
2025-11-05 19:38:35,049 [ERROR] ConditionMgr:805 - Attr not supported : Dmpu
2025-11-05 19:38:35,049 [ERROR] ConditionMgr:805 - Attr not supported : Dmpu
2025-11-05 19:38:35,049 [ERROR] ConditionMgr:805 - Attr not supported : Dmpu
2025-11-05 19:38:35,050 [ERROR] ConditionMgr:805 - Attr not supported : Dmpu
2025-11-05 19:38:35,051 [ERROR] ConditionMgr:805 - Attr not supported : Dmpu
2025-11-05 19:38:35,052 [ERROR] ConditionMgr:805 - Attr not supported : Dmpu
2025-11-05 19:38:35,052 [ERROR] ConditionMgr:805 - Attr not supported : Dmpu
2025-11-05 19:38:35,052 [ERROR] ConditionMgr:805 - Attr not supported : Dmpu
2025-11-05 19:38:35,052 [ERROR] ConditionMgr:805 - Attr not supported : Dmpu
2025-11-05 19:38:35,053 [ERROR] ConditionMgr:805 - Attr not supported : Dmpu
2025-11-05 19:38:35,053 [ERROR] ConditionMgr:805 - Attr not supported : Dmpu
2025-11-05 19:38:35,053 [ERROR] ConditionMgr:805 - Attr not supported : Dmpu
2025-11-05 19:38:35,053 [ERROR] ConditionMgr:805 - Attr not supported : Dmpu
2025-11-05 19:38:35,053 [ERROR] ConditionMgr:805 - Attr not supported : Dmpu
2025-11-05 19:38:35,053 [ERROR] ConditionMgr:805 - Attr not supported : Dmpu
2025-11-05 19:38:35,053 [ERROR] ConditionMgr:805 - Attr not supported : Dmpu
2025-11-05 19:38:35,053 [ERROR] ConditionMgr:805 - Attr not supported : Dmpu
2025-11-05 19:38:35,053 [ERROR] ConditionMgr:805 - Attr not supported : Dmpu
2025-11-05 19:38:35,053 [ERROR] ConditionMgr:805 - Attr not supported : Dmpu
2025-11-05 19:38:35,053 [ERROR] ConditionMgr:805 - Attr not supported : Dmpu
2025-11-05 19:38:35,053 [ERROR] ConditionMgr:805 - Attr not supported : Dmpu
2025-11-05 19:38:35,053 [ERROR] ConditionMgr:805 - Attr not supported : Dmpu
2025-11-05 19:38:35,053 [ERROR] ConditionMgr:805 - Attr not supported : Dmpu
2025-11-05 19:38:35,053 [ERROR] ConditionMgr:805 - Attr not supported : Dmpu
2025-11-05 19:38:35,053 [ERROR] ConditionMgr:805 - Attr not supported : Dmpu
2025-11-05 19:38:35,053 [ERROR] ConditionMgr:805 - Attr not supported : Dmpu
2025-11-05 19:38:35,054 [ERROR] ConditionMgr:805 - Attr not supported : Dmpu
2025-11-05 19:38:35,054 [ERROR] ConditionMgr:805 - Attr not supported : Dmpu
2025-11-05 19:38:35,054 [ERROR] ConditionMgr:805 - Attr not supported : Dmpu
2025-11-05 19:38:35,054 [ERROR] ConditionMgr:805 - Attr not supported : Dmpu
2025-11-05 19:38:35,054 [ERROR] ConditionMgr:805 - Attr not supported : Dmpu
2025-11-05 19:38:35,054 [ERROR] ConditionMgr:805 - Attr not supported : Dmpu
2025-11-05 19:38:35,054 [ERROR] ConditionMgr:805 - Attr not supported : Dmpu
2025-11-05 19:38:35,054 [ERROR] ConditionMgr:805 - Attr not supported : Dmpu
2025-11-05 19:38:35,054 [ERROR] ConditionMgr:805 - Attr not supported : Dmpu
2025-11-05 19:38:35,055 [ERROR] ConditionMgr:805 - Attr not supported : Dmpu
2025-11-05 19:38:35,055 [ERROR] ConditionMgr:805 - Attr not supported : Dmpu
2025-11-05 19:38:35,055 [ERROR] ConditionMgr:805 - Attr not supported : Dmpu
2025-11-05 19:38:35,055 [ERROR] ConditionMgr:805 - Attr not supported : Dmpu
2025-11-05 19:38:35,055 [ERROR] ConditionMgr:805 - Attr not supported : Dmpu
2025-11-05 19:38:35,055 [ERROR] ConditionMgr:805 - Attr not supported : Dmpu
2025-11-05 19:38:35,055 [ERROR] ConditionMgr:805 - Attr not supported : Dmpu
2025-11-05 19:38:35,055 [ERROR] ConditionMgr:805 - Attr not supported : Dmpu
2025-11-05 19:38:35,055 [ERROR] ConditionMgr:805 - Attr not supported : Dmpu
2025-11-05 19:38:35,056 [ERROR] ConditionMgr:805 - Attr not supported : Dmpu
2025-11-05 19:38:35,056 [ERROR] ConditionMgr:805 - Attr not supported : Dmpu
2025-11-05 19:38:35,056 [ERROR] ConditionMgr:805 - Attr not supported : Dmpu
2025-11-05 19:38:35,056 [ERROR] ConditionMgr:805 - Attr not supported : Dmpu
2025-11-05 19:38:35,056 [ERROR] ConditionMgr:805 - Attr not supported : Dmpu
2025-11-05 19:38:35,056 [ERROR] ConditionMgr:805 - Attr not supported : Dmpu
2025-11-05 19:38:35,056 [ERROR] ConditionMgr:805 - Attr not supported : Dmpu
2025-11-05 19:38:35,056 [ERROR] ConditionMgr:805 - Attr not supported : Dmpu
2025-11-05 19:38:35,056 [ERROR] ConditionMgr:805 - Attr not supported : Dmpu
2025-11-05 19:38:35,056 [ERROR] ConditionMgr:805 - Attr not supported : Dmpu
2025-11-05 19:38:35,067 [WARN] PackLoader:240 - Cannot read IP mode file for STMicroelectronics.X-CUBE-WB05N.2.0.0
2025-11-05 19:38:35,071 [ERROR] Engine:466 - C:\Users\racin\.stm32cubemx\thirdparties\pdsc\STMicroelectronics.X-CUBE-TCPP.4.2.0.pdsc: PDSC version is not supported
2025-11-05 19:38:35,079 [WARN] PackLoader:240 - Cannot read IP mode file for RealThread.X-CUBE-RT-Thread_Nano.4.1.1
2025-11-05 19:38:35,106 [WARN] PackLoader:240 - Cannot read IP mode file for wolfSSL.I-CUBE-wolfSSL.5.7.0
2025-11-05 19:38:35,111 [WARN] PackLoader:240 - Cannot read IP mode file for STMicroelectronics.FP-ATR-SIGFOX1.3.2.0
2025-11-05 19:38:35,116 [WARN] PackLoader:240 - Cannot read IP mode file for STMicroelectronics.X-CUBE-EEPRMA1.5.1.0
2025-11-05 19:38:35,123 [WARN] PackLoader:240 - Cannot read IP mode file for ITTIA_DB.I-CUBE-ITTIADB.8.9.0
2025-11-05 19:38:35,125 [ERROR] Engine:466 - C:\Users\racin\.stm32cubemx\thirdparties\pdsc\STMicroelectronics.X-CUBE-ST67W61.1.0.0.pdsc: PDSC version is not supported
2025-11-05 19:38:35,129 [WARN] PackLoader:240 - Cannot read IP mode file for STMicroelectronics.X-CUBE-AI.10.2.0
2025-11-05 19:38:35,153 [WARN] PackLoader:240 - Cannot read IP mode file for SEGGER.I-CUBE-embOS.1.3.1
2025-11-05 19:38:35,189 [WARN] PackLoader:240 - Cannot read IP mode file for STMicroelectronics.X-CUBE-ALGOBUILD.1.4.0
2025-11-05 19:38:35,260 [WARN] PackLoader:240 - Cannot read IP mode file for STMicroelectronics.X-CUBE-MEMS1.11.3.0
2025-11-05 19:38:35,399 [WARN] PackLoader:240 - Cannot read IP mode file for STMicroelectronics.X-CUBE-AI.9.1.0
2025-11-05 19:38:35,404 [WARN] PackLoader:240 - Cannot read IP mode file for STMicroelectronics.X-CUBE-PM33A1.1.0.0
2025-11-05 19:38:35,409 [WARN] PackLoader:240 - Cannot read IP mode file for STMicroelectronics.X-CUBE-GNSS1.6.0.0
2025-11-05 19:38:35,423 [WARN] PackLoader:240 - Cannot read IP mode file for STMicroelectronics.X-CUBE-AZRTOS-F4.1.1.0
2025-11-05 19:38:35,426 [ERROR] Engine:466 - C:\Users\racin\.stm32cubemx\thirdparties\pdsc\Avnet-IotConnect.X-CUBE-IoTC-DA16k-PMOD.1.0.0.pdsc: PDSC version is not supported
2025-11-05 19:38:35,430 [WARN] PackLoader:240 - Cannot read IP mode file for STMicroelectronics.X-CUBE-ISPU.2.1.0
2025-11-05 19:38:35,435 [ERROR] Engine:466 - C:\Users\racin\.stm32cubemx\thirdparties\pdsc\STMicroelectronics.X-CUBE-IPS.3.2.0.pdsc: PDSC version is not supported
2025-11-05 19:38:35,439 [WARN] PackLoader:240 - Cannot read IP mode file for STMicroelectronics.X-CUBE-FREERTOS.1.2.0
2025-11-05 19:38:35,446 [WARN] PackLoader:240 - Cannot read IP mode file for STMicroelectronics.X-CUBE-NFC12.1.0.0
2025-11-05 19:38:35,462 [WARN] PackLoader:240 - Cannot read IP mode file for STMicroelectronics.X-CUBE-AZRTOS-L5.2.0.0
2025-11-05 19:38:35,480 [WARN] PackLoader:240 - Cannot read IP mode file for STMicroelectronics.X-CUBE-NFC6.3.1.0
2025-11-05 19:38:35,486 [WARN] PackLoader:240 - Cannot read IP mode file for STMicroelectronics.X-CUBE-DPower.1.2.0
2025-11-05 19:38:35,510 [WARN] PackLoader:240 - Cannot read IP mode file for STMicroelectronics.X-CUBE-AI.9.0.0
2025-11-05 19:38:35,515 [WARN] PackLoader:240 - Cannot read IP mode file for STMicroelectronics.X-CUBE-FREERTOS.1.3.1
2025-11-05 19:38:35,520 [WARN] PackLoader:240 - Cannot read IP mode file for STMicroelectronics.X-CUBE-FREERTOS.1.3.0
2025-11-05 19:38:35,525 [WARN] PackLoader:240 - Cannot read IP mode file for STMicroelectronics.X-CUBE-NFC7.1.0.1
2025-11-05 19:38:35,529 [WARN] PackLoader:240 - Cannot read IP mode file for wolfSSL.I-CUBE-wolfTPM.3.2.0
2025-11-05 19:38:35,531 [WARN] PackLoader:240 - Cannot read IP mode file for STMicroelectronics.X-CUBE-TOUCHGFX.4.26.0
2025-11-05 19:38:35,535 [ERROR] Engine:466 - C:\Users\racin\.stm32cubemx\thirdparties\pdsc\STMicroelectronics.FP-SNS-STAIOTCFT.1.0.0.pdsc: PDSC version is not supported
2025-11-05 19:38:35,540 [WARN] PackLoader:240 - Cannot read IP mode file for STMicroelectronics.X-CUBE-DPower.1.3.0
2025-11-05 19:38:35,543 [WARN] PackLoader:240 - Cannot read IP mode file for STMicroelectronics.X-CUBE-AI.8.1.0
2025-11-05 19:38:35,559 [WARN] ConditionMgr:438 - getConditionDescription Invalid condition id : LAN8742 Phy interface Condition cause : null
2025-11-05 19:38:35,560 [WARN] PackLoader:240 - Cannot read IP mode file for STMicroelectronics.X-CUBE-AZRTOS-L4.2.0.0
2025-11-05 19:38:35,561 [WARN] ConditionMgr:1039 - genDependencies : Invalid condition id : LAN8742 Phy interface Condition cause : null
2025-11-05 19:38:35,561 [WARN] ConditionMgr:1039 - genDependencies : Invalid condition id : LAN8742 Phy interface Condition cause : null
2025-11-05 19:38:35,562 [WARN] ConditionMgr:1039 - genDependencies : Invalid condition id : LAN8742 Phy interface Condition cause : null
2025-11-05 19:38:35,570 [WARN] PackLoader:240 - Cannot read IP mode file for STMicroelectronics.X-CUBE-SFXS2LP1.4.0.0
2025-11-05 19:38:35,585 [WARN] PackLoader:240 - Cannot read IP mode file for STMicroelectronics.X-CUBE-AZRTOS-H7.3.3.0
2025-11-05 19:38:35,590 [ERROR] Engine:466 - C:\Users\racin\.stm32cubemx\thirdparties\pdsc\STMicroelectronics.X-CUBE-BLEMGR.4.1.0.pdsc: PDSC version is not supported
2025-11-05 19:38:35,598 [WARN] PackLoader:240 - Cannot read IP mode file for STMicroelectronics.X-CUBE-IPS.3.0.0
2025-11-05 19:38:35,611 [WARN] ConditionMgr:438 - getConditionDescription Invalid condition id : UX DEVICE CLASS RTOS Condition cause : null
2025-11-05 19:38:35,611 [WARN] ConditionMgr:438 - getConditionDescription Invalid condition id : UX DEVICE CLASS RTOS Condition cause : null
2025-11-05 19:38:35,613 [WARN] PackLoader:240 - Cannot read IP mode file for STMicroelectronics.X-CUBE-AZRTOS-WB.2.0.0
2025-11-05 19:38:35,613 [WARN] ConditionMgr:1039 - genDependencies : Invalid condition id : UX DEVICE CLASS RTOS Condition cause : null
2025-11-05 19:38:35,613 [WARN] ConditionMgr:1039 - genDependencies : Invalid condition id : UX DEVICE CLASS RTOS Condition cause : null
2025-11-05 19:38:35,614 [WARN] ConditionMgr:1039 - genDependencies : Invalid condition id : UX DEVICE CLASS RTOS Condition cause : null
2025-11-05 19:38:35,614 [WARN] ConditionMgr:1039 - genDependencies : Invalid condition id : UX DEVICE CLASS RTOS Condition cause : null
2025-11-05 19:38:35,614 [WARN] ConditionMgr:1039 - genDependencies : Invalid condition id : UX DEVICE CLASS RTOS Condition cause : null
2025-11-05 19:38:35,634 [WARN] PackLoader:240 - Cannot read IP mode file for STMicroelectronics.X-CUBE-GNSS1.7.0.0
2025-11-05 19:38:35,639 [WARN] PackLoader:240 - Cannot read IP mode file for STMicroelectronics.X-CUBE-GNSS1.7.0.1
2025-11-05 19:38:35,642 [WARN] PackLoader:240 - Cannot read IP mode file for STMicroelectronics.X-CUBE-TOUCHGFX.4.25.0
2025-11-05 19:38:35,647 [WARN] PackLoader:240 - Cannot read IP mode file for STMicroelectronics.FP-SNS-STBOX1.2.0.0
2025-11-05 19:38:35,656 [WARN] PackLoader:240 - Cannot read IP mode file for STMicroelectronics.X-CUBE-SUBG2.5.0.0
2025-11-05 19:38:35,675 [WARN] PackLoader:240 - Cannot read IP mode file for STMicroelectronics.X-CUBE-AZRTOS-H7RS.1.1.0
2025-11-05 19:38:35,680 [WARN] PackLoader:240 - Cannot read IP mode file for Cesanta.I-CUBE-Mongoose.7.13.0
2025-11-05 19:38:35,691 [WARN] PackLoader:240 - Cannot read IP mode file for STMicroelectronics.X-CUBE-AZRTOS-G4.2.0.0
2025-11-05 19:38:35,695 [WARN] PackLoader:240 - Cannot read IP mode file for STMicroelectronics.X-CUBE-NFC7.2.0.0
2025-11-05 19:38:35,699 [WARN] PackLoader:240 - Cannot read IP mode file for STMicroelectronics.FP-SNS-MOTENVWB1.1.3.1
2025-11-05 19:38:35,703 [WARN] PackLoader:240 - Cannot read IP mode file for STMicroelectronics.X-CUBE-ISPU.2.0.0
2025-11-05 19:38:35,707 [ERROR] Engine:466 - C:\Users\racin\.stm32cubemx\thirdparties\pdsc\STMicroelectronics.X-CUBE-IPS.3.1.0.pdsc: PDSC version is not supported
2025-11-05 19:38:35,710 [WARN] PackLoader:240 - Cannot read IP mode file for STMicroelectronics.X-CUBE-ALS.1.0.2
2025-11-05 19:38:35,760 [WARN] PackLoader:240 - Cannot read IP mode file for STMicroelectronics.X-CUBE-MEMS1.10.0.0
2025-11-05 19:38:35,853 [WARN] PackLoader:240 - Cannot read IP mode file for STMicroelectronics.X-CUBE-FREERTOS.1.1.0
2025-11-05 19:38:35,885 [WARN] PackLoader:240 - Cannot read IP mode file for STMicroelectronics.X-CUBE-TOUCHGFX.4.24.0
2025-11-05 19:38:35,888 [WARN] PackLoader:240 - Cannot read IP mode file for STMicroelectronics.X-CUBE-TOUCHGFX.4.24.1
2025-11-05 19:38:35,893 [WARN] PackLoader:240 - Cannot read IP mode file for STMicroelectronics.X-CUBE-STSE01.1.0.0
2025-11-05 19:38:35,899 [WARN] PackLoader:240 - Cannot read IP mode file for portGmbH.I-Cube-SoM-uGOAL.1.1.0
2025-11-05 19:38:35,903 [WARN] PackLoader:240 - Cannot read IP mode file for STMicroelectronics.X-CUBE-ALS.1.0.1
2025-11-05 19:38:35,916 [WARN] PackLoader:240 - Cannot read IP mode file for STMicroelectronics.X-CUBE-AZRTOS-H7RS.1.0.0
2025-11-05 19:38:35,922 [WARN] PackLoader:240 - Cannot read IP mode file for STMicroelectronics.FP-ATR-ASTRA1.2.0.0
2025-11-05 19:38:35,930 [WARN] PackLoader:240 - Cannot read IP mode file for STMicroelectronics.X-CUBE-TOF1.3.4.2
2025-11-05 19:38:35,942 [ERROR] Engine:466 - C:\Users\racin\.stm32cubemx\thirdparties\pdsc\STMicroelectronics.X-CUBE-TOF1.3.4.3.pdsc: PDSC version is not supported
2025-11-05 19:38:35,951 [WARN] PackLoader:240 - Cannot read IP mode file for STMicroelectronics.X-CUBE-TOF1.3.4.1
2025-11-05 19:38:35,972 [WARN] PackLoader:240 - Cannot read IP mode file for STMicroelectronics.X-CUBE-AZRTOS-H7.3.2.0
2025-11-05 19:38:36,084 [WARN] PackLoader:240 - Cannot read IP mode file for Infineon.AIROC-Wi-Fi-Bluetooth-STM32.1.6.0
2025-11-05 19:38:36,091 [WARN] PackLoader:240 - Cannot read IP mode file for wolfSSL.I-CUBE-wolfSSH.1.4.17
2025-11-05 19:38:36,092 [INFO] ThirdParty:978 - Integrity check success = true
2025-11-05 19:38:36,092 [INFO] IntegrityCheckThread:100 - exiting critical section [integrity check]
2025-11-05 19:38:36,092 [INFO] IntegrityCheckThread:103 - End integrity checks thread
2025-11-05 19:38:36,772 [INFO] WebApp:779 - Register for checkConnection events
2025-11-05 19:38:36,773 [INFO] WebApp:414 - Apply proxy settings
2025-11-05 19:38:36,773 [INFO] WebApp:499 - Chromium requires no authentication
2025-11-05 19:38:36,796 [INFO] WebApp:442 - Direct internet connection detected
2025-11-05 19:38:37,184 [INFO] WebApp:192 - Starting web application
2025-11-05 19:38:37,184 [INFO] WebApp:544 - Web application path used C:\ST\STM32CubeIDE_1.15.0\STM32CubeIDE\plugins\com.st.stm32cube.common.mx_6.11.0.202403141607\db\plugins\mcufinder\reactClient1\index.html
2025-11-05 19:48:54,078 [INFO] McuFinderGlobals:63 - Set McuFinder mode to 2 (CubeIDE integrated)
2025-11-05 19:48:54,122 [INFO] MainUpdater:2873 - connection check result : 10
2025-11-05 19:48:54,162 [INFO] McuFinderGlobals:76 - Set McuFinderConnectedMode to true
2025-11-05 19:48:54,592 [INFO] ServerAccessManage:473 - Download File mcusAds.json._tmp_
2025-11-05 19:48:54,702 [INFO] LoadUrlFilesThread:156 - End of LoadUrlFiles Thread
2025-11-05 19:48:55,132 [INFO] ServerAccessManage:473 - Download File cube-finder-db.zip
2025-11-05 19:49:01,469 [INFO] FileExtend:240 - Unzip File : cube-finder-db.zip
2025-11-05 19:49:01,470 [INFO] FileExtend:255 - Standard Zip Deflate
2025-11-05 19:49:02,678 [INFO] LoadUrlFilesThread:156 - End of LoadUrlFiles Thread
2025-11-05 19:49:02,879 [INFO] ServerAccessManage:473 - Download File crdb.zip
2025-11-05 19:49:03,051 [INFO] FileExtend:240 - Unzip File : crdb.zip
2025-11-05 19:49:03,052 [INFO] FileExtend:255 - Standard Zip Deflate
2025-11-05 19:49:03,224 [INFO] LoadUrlFilesThread:156 - End of LoadUrlFiles Thread
2025-11-05 19:49:03,312 [INFO] ServerAccessManage:473 - Download File tutoVideoDB.zip
2025-11-05 19:49:03,340 [INFO] FileExtend:240 - Unzip File : tutoVideoDB.zip
2025-11-05 19:49:03,341 [INFO] FileExtend:255 - Standard Zip Deflate
2025-11-05 19:49:03,468 [INFO] LoadUrlFilesThread:156 - End of LoadUrlFiles Thread
2025-11-05 19:49:03,474 [WARN] DbFile:41 - Overriding database path with different value: C:\Users\racin\.stmcufinder\plugins\mcufinder/ => C:\Users\racin\.stmcufinder\plugins\mcufinder
2025-11-05 19:49:03,514 [INFO] ServerAccessManage:473 - Download File api_config.json
2025-11-05 19:49:03,624 [INFO] LoadUrlFilesThread:156 - End of LoadUrlFiles Thread
2025-11-05 19:49:03,625 [INFO] DbMcusAds:53 - JSON generation date=Thu Oct 02 11:36:05 CEST 2025 (1759397765645)
2025-11-05 19:49:03,676 [INFO] LoadUrlFilesThread:185 - End of LoadServerUrlFiles without Thread
2025-11-05 19:49:03,677 [INFO] TargetSelectorAdapter:259 - Refresh data is successful
2025-11-05 19:49:03,891 [INFO] ApiDb:581 - Connected to CubeFinder SQLite database (C:\Users\racin\.stmcufinder\plugins\mcufinder\mcu\cube-finder-db.db)
2025-11-05 19:49:03,989 [INFO] ApiDb:668 - CubeFinder database Data Model version=2.1
2025-11-05 19:49:03,989 [INFO] ApiDb:669 - CubeFinder database Configuration version=3.0.39
2025-11-05 19:49:03,991 [INFO] ApiDb:670 - CubeFinder database generation date=2025-10-27 (1761571959)
2025-11-05 19:49:03,991 [INFO] ApiDb:671 - CubeFinder database FW Pack versions=[FP-ATR-ASTRA1_V2.0.0, FP-SNS-FLIGHT1_V5.1.0, FP-SNS-MOTENV1_V5.0.0, FP-SNS-MOTENVWB1_V1.4.0, FP-SNS-SMARTAG2_V1.2.0, FP-SNS-STBOX1_V2.1.0, STM32Cube_FW_C0_V1.4.0, STM32Cube_FW_F4_V1.28.3, STM32Cube_FW_F7_V1.17.4, STM32Cube_FW_G0_V1.6.2, STM32Cube_FW_G4_V1.6.1, STM32Cube_FW_H5_V1.5.0, STM32Cube_FW_H7RS_V1.2.0, STM32Cube_FW_H7_V1.12.1, STM32Cube_FW_L0_V1.12.2, STM32Cube_FW_L4_V1.18.1, STM32Cube_FW_L5_V1.5.1, STM32Cube_FW_N6_V1.2.0, STM32Cube_FW_U0_V1.3.0, STM32Cube_FW_U3_V1.2.1, STM32Cube_FW_U5_V1.8.0, STM32Cube_FW_WB0_V1.3.0, STM32Cube_FW_WBA_V1.7.0, STM32Cube_FW_WB_V1.23.0, STM32Cube_FW_WL3_V1.2.0, STM32Cube_FW_WL_V1.3.1, X-CUBE-ALGOBUILD_V1.4.0, X-CUBE-ALS_V1.0.2, X-CUBE-AZRTOS-F4_V1.1.0, X-CUBE-AZRTOS-F7_V1.1.0, X-CUBE-AZRTOS-G0_V1.1.0, X-CUBE-AZRTOS-G4_V2.0.0, X-CUBE-AZRTOS-H7RS_V1.1.0, X-CUBE-AZRTOS-H7_V3.4.0, X-CUBE-AZRTOS-L4_V2.0.0, X-CUBE-AZRTOS-L5_V2.0.0, X-CUBE-AZRTOS-WB_V2.0.0, X-CUBE-AZRTOS-WL_V2.0.0, X-CUBE-BLE1_V7.1.0, X-CUBE-BLE2_V3.3.0, X-CUBE-BLEMGR_V4.1.0, X-CUBE-EEPRMA1_V5.2.0, X-CUBE-FREERTOS_V1.3.1, X-CUBE-GNSS1_V6.0.0, X-CUBE-MEMS1_V11.3.0, X-CUBE-NFC4_V3.0.0, X-CUBE-NFC7_V2.0.0, X-CUBE-SFXS2LP1_V4.0.0, X-CUBE-ST67W61_V1.1.0, X-CUBE-SUBG2_V5.0.0, X-CUBE-TOF1_V3.4.3]
2025-11-05 19:49:06,708 [INFO] ApiDb:240 - Found 483 in-development CPN: [B-G473E-ZEST1S, B-WB1M-WPAN1, B-WL5M-SUBG1, NUCLEO-C031C6, NUCLEO-H503RB, NUCLEO-H533RE, NUCLEO-H563ZI, NUCLEO-H7S3L8, NUCLEO-U031R8, NUCLEO-U083RC, NUCLEO-U545RE-Q, NUCLEO-U5A5ZJ-Q, NUCLEO-WBA52CG, NUCLEO-WBA55CG, STEVAL-PROTEUS1, STEVAL-SMARTAG2, STEVAL-STWINBX1, STM320518-EVAL, STM32C0116-DK, STM32C011D6Y3TR, STM32C011D6Y6TR, STM32C011F4P3, STM32C011F4P6, STM32C011F4U3, STM32C011F4U6TR, STM32C011F6P3, STM32C011F6P6, STM32C011F6U3, STM32C011F6U6TR, STM32C011J4M3, STM32C011J4M6, STM32C011J6M3, STM32C011J6M6, STM32C0316-DK, STM32C031C4T3, STM32C031C4T6, STM32C031C4U3, STM32C031C4U6, STM32C031C6T3, STM32C031C6T6, STM32C031C6U3, STM32C031C6U6, STM32C031F4P3, STM32C031F4P6, STM32C031F6P3, STM32C031F6P6, STM32C031G4U3, STM32C031G4U6, STM32C031G6U3, STM32C031G6U6, STM32C031K4T3, STM32C031K4T6, STM32C031K4U3, STM32C031K4U6, STM32C031K6T3, STM32C031K6T6, STM32C031K6U3, STM32C031K6U6, STM32G071K8TXN, STM32G071K8UXN, STM32G081GBU6N, STM32G081KBT6N, STM32G081KBUXN, STM32G0B1CCT6N, STM32G0B1KCT6, STM32G0B1NEY6TR, STM32G0B1RCT6N, STM32G0C1CCT6, STM32G0C1CCT6N, STM32G0C1CCU6N, STM32G0C1CET6N, STM32G0C1CEU6N, STM32G0C1KCT6, STM32G0C1NEY6TR, STM32G0C1RCI6N, STM32G0C1RCT6N, STM32G0C1REI6N, STM32G0C1RET6N, STM32G0C1VCI6, STM32G0C1VEI6, STM32G471CCT6, STM32G471CCU6, STM32G471CET3, STM32G471CET6, STM32G471CEU3, STM32G471CEU6, STM32G471MCT6, STM32G471MET3, STM32G471MET6, STM32G471MEY6TR, STM32G471QCT6, STM32G471QET3, STM32G471RCT6, STM32G471RET3, STM32G471RET6, STM32G471VCH6, STM32G471VCI6, STM32G471VCT6, STM32G471VEH3, STM32G471VEH6, STM32G471VEI3, STM32G471VEI6, STM32G471VET3, STM32G471VET6, STM32G474CCT6, STM32H503CBT6, STM32H503CBU6, STM32H503EBY6TR, STM32H503KBU6, STM32H503RBT6, STM32H523CCT6, STM32H523CCU6, STM32H523CET6, STM32H523CEU6, STM32H523HEY6TR, STM32H523RCT6, STM32H523RET6, STM32H523VCI6, STM32H523VCT6, STM32H523VEI6, STM32H523VET6, STM32H523ZCJ6, STM32H523ZCT6, STM32H523ZEJ6, STM32H523ZET6, STM32H533CET6, STM32H533CEU6, STM32H533HEY6TR, STM32H533RET6, STM32H533VEI6, STM32H533VET6, STM32H533ZEJ6, STM32H533ZET6, STM32H562AGI6, STM32H562AII6, STM32H562IGK6, STM32H562IGT6, STM32H562IIK6, STM32H562IIT6, STM32H562RGT6, STM32H562RGV6, STM32H562RIT6, STM32H562RIV6, STM32H562VGT6, STM32H562VIT6, STM32H562ZGT6, STM32H562ZIT6, STM32H563AGI6, STM32H563AII3Q, STM32H563AII6, STM32H563IGK6, STM32H563IGT6, STM32H563IIK3Q, STM32H563IIK6, STM32H563IIT3Q, STM32H563IIT6, STM32H563MIY3QTR, STM32H563RGT6, STM32H563RGV6, STM32H563RIT6, STM32H563RIV6, STM32H563VGT6, STM32H563VIT3Q, STM32H563VIT6, STM32H563ZGT6, STM32H563ZIT3Q, STM32H563ZIT6, STM32H573AII3Q, STM32H573AII6, STM32H573I-DK, STM32H573IIK3Q, STM32H573IIK6, STM32H573IIT3Q, STM32H573IIT6, STM32H573MIY3QTR, STM32H573RIT6, STM32H573RIV6, STM32H573VIT3Q, STM32H573VIT6, STM32H573ZIT3Q, STM32H573ZIT6, STM32H7R3A8I6, STM32H7R3I8K6, STM32H7R3I8T6, STM32H7R3L8H6, STM32H7R3L8H6H, STM32H7R3R8V6, STM32H7R3V8H6, STM32H7R3V8T6, STM32H7R3V8Y6, STM32H7R3Z8J6, STM32H7R3Z8T6, STM32H7R7A8I6, STM32H7R7I8K6, STM32H7R7I8T6, STM32H7R7L8H6, STM32H7R7L8H6H, STM32H7R7Z8J6, STM32H7S3A8I6, STM32H7S3I8K6, STM32H7S3I8T6, STM32H7S3L8H6, STM32H7S3L8H6H, STM32H7S3R8V6, STM32H7S3V8H6, STM32H7S3V8T6, STM32H7S3V8Y6, STM32H7S3Z8J6, STM32H7S3Z8T6, STM32H7S78-DK, STM32H7S7A8I6, STM32H7S7I8K6, STM32H7S7I8T6, STM32H7S7L8H6, STM32H7S7L8H6H, STM32H7S7Z8J6, STM32L4R5QGI6STR, STM32MP131AAE3, STM32MP131AAF3, STM32MP131AAG3, STM32MP131CAE3, STM32MP131CAF3, STM32MP131CAG3, STM32MP131DAE7, STM32MP131DAF7, STM32MP131DAG7, STM32MP131FAE7, STM32MP131FAF7, STM32MP131FAG7, STM32MP133AAE3, STM32MP133AAF3, STM32MP133AAG3, STM32MP133CAE3, STM32MP133CAF3, STM32MP133CAG3, STM32MP133DAE7, STM32MP133DAF7, STM32MP133DAG7, STM32MP133FAE7, STM32MP133FAF7, STM32MP133FAG7, STM32MP135AAE3, STM32MP135AAF3, STM32MP135AAG3, STM32MP135CAE3, STM32MP135CAF3, STM32MP135CAG3, STM32MP135DAE7, STM32MP135DAF7, STM32MP135DAG7, STM32MP135F-DK, STM32MP135FAE7, STM32MP135FAF7, STM32MP135FAF7T, STM32MP135FAF7U, STM32MP135FAG7, STM32U031C6T6, STM32U031C6U6, STM32U031C8T6, STM32U031C8U6, STM32U031F4P6, STM32U031F6P6, STM32U031F8P6, STM32U031G6Y6TR, STM32U031G8Y6TR, STM32U031K4U6, STM32U031K6U6, STM32U031K8U6, STM32U031R6I6, STM32U031R6T6, STM32U031R8I6, STM32U031R8T6, STM32U073C8T6, STM32U073C8U6, STM32U073CBT6, STM32U073CBU6, STM32U073CCT6, STM32U073CCU6, STM32U073H8Y6TR, STM32U073HBY6TR, STM32U073HCY6TR, STM32U073K8U6, STM32U073KBU6, STM32U073KCU6, STM32U073M8I6, STM32U073M8T6, STM32U073MBI6, STM32U073MBT6, STM32U073MCI6, STM32U073MCT6, STM32U073R8I6, STM32U073R8T6, STM32U073RBI6, STM32U073RBT6, STM32U073RCI6, STM32U073RCT6, STM32U083C-DK, STM32U083CCT6, STM32U083CCU6, STM32U083HCY6TR, STM32U083KCU6, STM32U083MCI6, STM32U083MCT6, STM32U083RCI6, STM32U083RCT6, STM32U535CBT6, STM32U535CBT6Q, STM32U535CBU6, STM32U535CBU6Q, STM32U535CCT6, STM32U535CCT6Q, STM32U535CCU6, STM32U535CCU6Q, STM32U535CET6, STM32U535CET6Q, STM32U535CEU6, STM32U535CEU6Q, STM32U535JEY6QTR, STM32U535NCY6QTR, STM32U535NEY6QTR, STM32U535RBI6, STM32U535RBI6Q, STM32U535RBT6, STM32U535RBT6Q, STM32U535RCI6, STM32U535RCI6Q, STM32U535RCT6, STM32U535RCT6Q, STM32U535REI6, STM32U535REI6Q, STM32U535RET6, STM32U535RET6Q, STM32U535VCI6, STM32U535VCI6Q, STM32U535VCT6, STM32U535VCT6Q, STM32U535VEI6, STM32U535VEI6Q, STM32U535VET6, STM32U535VET6Q, STM32U545CET6, STM32U545CET6Q, STM32U545CEU6, STM32U545CEU6Q, STM32U545JEY6QTR, STM32U545NEY6QTR, STM32U545REI6, STM32U545REI6Q, STM32U545RET6, STM32U545RET6Q, STM32U545VEI6, STM32U545VEI6Q, STM32U545VET6, STM32U545VET6Q, STM32U595AIH6, STM32U595AIH6Q, STM32U595AJH6, STM32U595AJH6Q, STM32U595QII6, STM32U595QII6Q, STM32U595QJI6, STM32U595QJI6Q, STM32U595RIT6, STM32U595RIT6Q, STM32U595RJT6, STM32U595RJT6Q, STM32U595VIT6, STM32U595VIT6Q, STM32U595VJT6, STM32U595VJT6Q, STM32U595ZIT6, STM32U595ZIT6Q, STM32U595ZIY6QTR, STM32U595ZJT6, STM32U595ZJT6Q, STM32U595ZJY6QTR, STM32U599BJY6QTR, STM32U599NIH6Q, STM32U599NJH6Q, STM32U599VIT6Q, STM32U599VJT6, STM32U599VJT6Q, STM32U599ZIT6Q, STM32U599ZIY6QTR, STM32U599ZJT6Q, STM32U599ZJY6QTR, STM32U5A5AJH6, STM32U5A5AJH6Q, STM32U5A5QII3Q , STM32U5A5QJI6, STM32U5A5QJI6Q, STM32U5A5RJT6, STM32U5A5RJT6Q, STM32U5A5VJT6, STM32U5A5VJT6Q, STM32U5A5ZJT6, STM32U5A5ZJT6Q, STM32U5A5ZJY6QTR, STM32U5A9BJY6QTR, STM32U5A9J-DK, STM32U5A9NJH6Q, STM32U5A9VJT6Q, STM32U5A9ZJT6Q, STM32U5A9ZJY6QTR, STM32U5F7VIT6, STM32U5F7VIT6Q, STM32U5F7VJT6, STM32U5F7VJT6Q, STM32U5F9BJY6QTR, STM32U5F9NJH6Q, STM32U5F9VIT6Q, STM32U5F9VJT6Q, STM32U5F9ZIJ6QTR, STM32U5F9ZIT6Q, STM32U5F9ZJJ6QTR, STM32U5F9ZJT6Q, STM32U5G7VJT6, STM32U5G7VJT6Q, STM32U5G9BJY6QTR, STM32U5G9J-DK1, STM32U5G9J-DK2, STM32U5G9NJH6Q, STM32U5G9VJT6Q, STM32U5G9ZJJ6QTR, STM32U5G9ZJT6Q, STM32WB1MMCH6, STM32WBA50KEU6, STM32WBA50KEU6TR, STM32WBA50KGU6, STM32WBA50KGU6TR, STM32WBA52CEU6, STM32WBA52CEU6TR, STM32WBA52CEU7, STM32WBA52CEU7TR, STM32WBA52CGU6, STM32WBA52CGU6TR, STM32WBA52CGU6U, STM32WBA52CGU7, STM32WBA52CGU7TR, STM32WBA52KEU6, STM32WBA52KEU6TR, STM32WBA52KGU6, STM32WBA52KGU6TR, STM32WBA54CEU6, STM32WBA54CEU6TR, STM32WBA54CEU7, STM32WBA54CEU7TR, STM32WBA54CGU6, STM32WBA54CGU6TR, STM32WBA54CGU7, STM32WBA54CGU7TR, STM32WBA54KEU6, STM32WBA54KEU6TR, STM32WBA54KEU7, STM32WBA54KEU7TR, STM32WBA54KGU6, STM32WBA54KGU6TR, STM32WBA54KGU7, STM32WBA54KGU7TR, STM32WBA55CEU6, STM32WBA55CEU6TR, STM32WBA55CEU7, STM32WBA55CEU7TR, STM32WBA55CGU6, STM32WBA55CGU6TR, STM32WBA55CGU6U, STM32WBA55CGU7, STM32WBA55CGU7TR, STM32WBA55G-DK1, STM32WBA55HEF6, STM32WBA55HEF7, STM32WBA55HGF6, STM32WBA55HGF7, STM32WBA55UEI6, STM32WBA55UEI6TR, STM32WBA55UEI7, STM32WBA55UEI7TR, STM32WBA55UGI6, STM32WBA55UGI6TR, STM32WBA55UGI7, STM32WBA55UGI7TR, STM32WL5MOCH6, STM32WL5MOCH6TR]
2025-11-05 19:49:06,713 [INFO] DbMcus:218 - Found 4733 MCUs, 4733 are supported
2025-11-05 19:49:06,715 [INFO] ApiDb:423 - Load user favorites file C:\Users\racin/.stm32cubeide/favorites.mcus.txt: 0 item(s)
2025-11-05 19:49:06,715 [INFO] ApiDb:427 - User favorites MCUs=[]
2025-11-05 19:49:06,715 [INFO] DbMcus:224 - Set 0 / 0 favorites MCUs
2025-11-05 19:49:07,322 [INFO] ApiDb:668 - CubeFinder database Data Model version=2.1
2025-11-05 19:49:07,322 [INFO] ApiDb:669 - CubeFinder database Configuration version=3.0.39
2025-11-05 19:49:07,322 [INFO] ApiDb:670 - CubeFinder database generation date=2025-10-27 (1761571959)
2025-11-05 19:49:07,322 [INFO] ApiDb:671 - CubeFinder database FW Pack versions=[FP-ATR-ASTRA1_V2.0.0, FP-SNS-FLIGHT1_V5.1.0, FP-SNS-MOTENV1_V5.0.0, FP-SNS-MOTENVWB1_V1.4.0, FP-SNS-SMARTAG2_V1.2.0, FP-SNS-STBOX1_V2.1.0, STM32Cube_FW_C0_V1.4.0, STM32Cube_FW_F4_V1.28.3, STM32Cube_FW_F7_V1.17.4, STM32Cube_FW_G0_V1.6.2, STM32Cube_FW_G4_V1.6.1, STM32Cube_FW_H5_V1.5.0, STM32Cube_FW_H7RS_V1.2.0, STM32Cube_FW_H7_V1.12.1, STM32Cube_FW_L0_V1.12.2, STM32Cube_FW_L4_V1.18.1, STM32Cube_FW_L5_V1.5.1, STM32Cube_FW_N6_V1.2.0, STM32Cube_FW_U0_V1.3.0, STM32Cube_FW_U3_V1.2.1, STM32Cube_FW_U5_V1.8.0, STM32Cube_FW_WB0_V1.3.0, STM32Cube_FW_WBA_V1.7.0, STM32Cube_FW_WB_V1.23.0, STM32Cube_FW_WL3_V1.2.0, STM32Cube_FW_WL_V1.3.1, X-CUBE-ALGOBUILD_V1.4.0, X-CUBE-ALS_V1.0.2, X-CUBE-AZRTOS-F4_V1.1.0, X-CUBE-AZRTOS-F7_V1.1.0, X-CUBE-AZRTOS-G0_V1.1.0, X-CUBE-AZRTOS-G4_V2.0.0, X-CUBE-AZRTOS-H7RS_V1.1.0, X-CUBE-AZRTOS-H7_V3.4.0, X-CUBE-AZRTOS-L4_V2.0.0, X-CUBE-AZRTOS-L5_V2.0.0, X-CUBE-AZRTOS-WB_V2.0.0, X-CUBE-AZRTOS-WL_V2.0.0, X-CUBE-BLE1_V7.1.0, X-CUBE-BLE2_V3.3.0, X-CUBE-BLEMGR_V4.1.0, X-CUBE-EEPRMA1_V5.2.0, X-CUBE-FREERTOS_V1.3.1, X-CUBE-GNSS1_V6.0.0, X-CUBE-MEMS1_V11.3.0, X-CUBE-NFC4_V3.0.0, X-CUBE-NFC7_V2.0.0, X-CUBE-SFXS2LP1_V4.0.0, X-CUBE-ST67W61_V1.1.0, X-CUBE-SUBG2_V5.0.0, X-CUBE-TOF1_V3.4.3]
2025-11-05 19:49:07,386 [INFO] DbBoardsSqlite:226 - include board P-NUCLEO-WB55-NUCLEO as a kit item of type 'Nucleo-64'
2025-11-05 19:49:07,387 [INFO] DbBoardsSqlite:226 - include board P-NUCLEO-WB55-USBDONGLE as a kit item of type 'Nucleo USB Dongle'
2025-11-05 19:49:07,387 [INFO] DbBoardsSqlite:226 - include board STEVAL-IDP005V1 as a kit item of type 'Evaluation Board'
2025-11-05 19:49:07,387 [INFO] DbBoardsSqlite:226 - include board STEVAL-IDP005V2 as a kit item of type 'Evaluation Board'
2025-11-05 19:49:07,480 [INFO] ApiDb:240 - Found 483 in-development CPN: [B-G473E-ZEST1S, B-WB1M-WPAN1, B-WL5M-SUBG1, NUCLEO-C031C6, NUCLEO-H503RB, NUCLEO-H533RE, NUCLEO-H563ZI, NUCLEO-H7S3L8, NUCLEO-U031R8, NUCLEO-U083RC, NUCLEO-U545RE-Q, NUCLEO-U5A5ZJ-Q, NUCLEO-WBA52CG, NUCLEO-WBA55CG, STEVAL-PROTEUS1, STEVAL-SMARTAG2, STEVAL-STWINBX1, STM320518-EVAL, STM32C0116-DK, STM32C011D6Y3TR, STM32C011D6Y6TR, STM32C011F4P3, STM32C011F4P6, STM32C011F4U3, STM32C011F4U6TR, STM32C011F6P3, STM32C011F6P6, STM32C011F6U3, STM32C011F6U6TR, STM32C011J4M3, STM32C011J4M6, STM32C011J6M3, STM32C011J6M6, STM32C0316-DK, STM32C031C4T3, STM32C031C4T6, STM32C031C4U3, STM32C031C4U6, STM32C031C6T3, STM32C031C6T6, STM32C031C6U3, STM32C031C6U6, STM32C031F4P3, STM32C031F4P6, STM32C031F6P3, STM32C031F6P6, STM32C031G4U3, STM32C031G4U6, STM32C031G6U3, STM32C031G6U6, STM32C031K4T3, STM32C031K4T6, STM32C031K4U3, STM32C031K4U6, STM32C031K6T3, STM32C031K6T6, STM32C031K6U3, STM32C031K6U6, STM32G071K8TXN, STM32G071K8UXN, STM32G081GBU6N, STM32G081KBT6N, STM32G081KBUXN, STM32G0B1CCT6N, STM32G0B1KCT6, STM32G0B1NEY6TR, STM32G0B1RCT6N, STM32G0C1CCT6, STM32G0C1CCT6N, STM32G0C1CCU6N, STM32G0C1CET6N, STM32G0C1CEU6N, STM32G0C1KCT6, STM32G0C1NEY6TR, STM32G0C1RCI6N, STM32G0C1RCT6N, STM32G0C1REI6N, STM32G0C1RET6N, STM32G0C1VCI6, STM32G0C1VEI6, STM32G471CCT6, STM32G471CCU6, STM32G471CET3, STM32G471CET6, STM32G471CEU3, STM32G471CEU6, STM32G471MCT6, STM32G471MET3, STM32G471MET6, STM32G471MEY6TR, STM32G471QCT6, STM32G471QET3, STM32G471RCT6, STM32G471RET3, STM32G471RET6, STM32G471VCH6, STM32G471VCI6, STM32G471VCT6, STM32G471VEH3, STM32G471VEH6, STM32G471VEI3, STM32G471VEI6, STM32G471VET3, STM32G471VET6, STM32G474CCT6, STM32H503CBT6, STM32H503CBU6, STM32H503EBY6TR, STM32H503KBU6, STM32H503RBT6, STM32H523CCT6, STM32H523CCU6, STM32H523CET6, STM32H523CEU6, STM32H523HEY6TR, STM32H523RCT6, STM32H523RET6, STM32H523VCI6, STM32H523VCT6, STM32H523VEI6, STM32H523VET6, STM32H523ZCJ6, STM32H523ZCT6, STM32H523ZEJ6, STM32H523ZET6, STM32H533CET6, STM32H533CEU6, STM32H533HEY6TR, STM32H533RET6, STM32H533VEI6, STM32H533VET6, STM32H533ZEJ6, STM32H533ZET6, STM32H562AGI6, STM32H562AII6, STM32H562IGK6, STM32H562IGT6, STM32H562IIK6, STM32H562IIT6, STM32H562RGT6, STM32H562RGV6, STM32H562RIT6, STM32H562RIV6, STM32H562VGT6, STM32H562VIT6, STM32H562ZGT6, STM32H562ZIT6, STM32H563AGI6, STM32H563AII3Q, STM32H563AII6, STM32H563IGK6, STM32H563IGT6, STM32H563IIK3Q, STM32H563IIK6, STM32H563IIT3Q, STM32H563IIT6, STM32H563MIY3QTR, STM32H563RGT6, STM32H563RGV6, STM32H563RIT6, STM32H563RIV6, STM32H563VGT6, STM32H563VIT3Q, STM32H563VIT6, STM32H563ZGT6, STM32H563ZIT3Q, STM32H563ZIT6, STM32H573AII3Q, STM32H573AII6, STM32H573I-DK, STM32H573IIK3Q, STM32H573IIK6, STM32H573IIT3Q, STM32H573IIT6, STM32H573MIY3QTR, STM32H573RIT6, STM32H573RIV6, STM32H573VIT3Q, STM32H573VIT6, STM32H573ZIT3Q, STM32H573ZIT6, STM32H7R3A8I6, STM32H7R3I8K6, STM32H7R3I8T6, STM32H7R3L8H6, STM32H7R3L8H6H, STM32H7R3R8V6, STM32H7R3V8H6, STM32H7R3V8T6, STM32H7R3V8Y6, STM32H7R3Z8J6, STM32H7R3Z8T6, STM32H7R7A8I6, STM32H7R7I8K6, STM32H7R7I8T6, STM32H7R7L8H6, STM32H7R7L8H6H, STM32H7R7Z8J6, STM32H7S3A8I6, STM32H7S3I8K6, STM32H7S3I8T6, STM32H7S3L8H6, STM32H7S3L8H6H, STM32H7S3R8V6, STM32H7S3V8H6, STM32H7S3V8T6, STM32H7S3V8Y6, STM32H7S3Z8J6, STM32H7S3Z8T6, STM32H7S78-DK, STM32H7S7A8I6, STM32H7S7I8K6, STM32H7S7I8T6, STM32H7S7L8H6, STM32H7S7L8H6H, STM32H7S7Z8J6, STM32L4R5QGI6STR, STM32MP131AAE3, STM32MP131AAF3, STM32MP131AAG3, STM32MP131CAE3, STM32MP131CAF3, STM32MP131CAG3, STM32MP131DAE7, STM32MP131DAF7, STM32MP131DAG7, STM32MP131FAE7, STM32MP131FAF7, STM32MP131FAG7, STM32MP133AAE3, STM32MP133AAF3, STM32MP133AAG3, STM32MP133CAE3, STM32MP133CAF3, STM32MP133CAG3, STM32MP133DAE7, STM32MP133DAF7, STM32MP133DAG7, STM32MP133FAE7, STM32MP133FAF7, STM32MP133FAG7, STM32MP135AAE3, STM32MP135AAF3, STM32MP135AAG3, STM32MP135CAE3, STM32MP135CAF3, STM32MP135CAG3, STM32MP135DAE7, STM32MP135DAF7, STM32MP135DAG7, STM32MP135F-DK, STM32MP135FAE7, STM32MP135FAF7, STM32MP135FAF7T, STM32MP135FAF7U, STM32MP135FAG7, STM32U031C6T6, STM32U031C6U6, STM32U031C8T6, STM32U031C8U6, STM32U031F4P6, STM32U031F6P6, STM32U031F8P6, STM32U031G6Y6TR, STM32U031G8Y6TR, STM32U031K4U6, STM32U031K6U6, STM32U031K8U6, STM32U031R6I6, STM32U031R6T6, STM32U031R8I6, STM32U031R8T6, STM32U073C8T6, STM32U073C8U6, STM32U073CBT6, STM32U073CBU6, STM32U073CCT6, STM32U073CCU6, STM32U073H8Y6TR, STM32U073HBY6TR, STM32U073HCY6TR, STM32U073K8U6, STM32U073KBU6, STM32U073KCU6, STM32U073M8I6, STM32U073M8T6, STM32U073MBI6, STM32U073MBT6, STM32U073MCI6, STM32U073MCT6, STM32U073R8I6, STM32U073R8T6, STM32U073RBI6, STM32U073RBT6, STM32U073RCI6, STM32U073RCT6, STM32U083C-DK, STM32U083CCT6, STM32U083CCU6, STM32U083HCY6TR, STM32U083KCU6, STM32U083MCI6, STM32U083MCT6, STM32U083RCI6, STM32U083RCT6, STM32U535CBT6, STM32U535CBT6Q, STM32U535CBU6, STM32U535CBU6Q, STM32U535CCT6, STM32U535CCT6Q, STM32U535CCU6, STM32U535CCU6Q, STM32U535CET6, STM32U535CET6Q, STM32U535CEU6, STM32U535CEU6Q, STM32U535JEY6QTR, STM32U535NCY6QTR, STM32U535NEY6QTR, STM32U535RBI6, STM32U535RBI6Q, STM32U535RBT6, STM32U535RBT6Q, STM32U535RCI6, STM32U535RCI6Q, STM32U535RCT6, STM32U535RCT6Q, STM32U535REI6, STM32U535REI6Q, STM32U535RET6, STM32U535RET6Q, STM32U535VCI6, STM32U535VCI6Q, STM32U535VCT6, STM32U535VCT6Q, STM32U535VEI6, STM32U535VEI6Q, STM32U535VET6, STM32U535VET6Q, STM32U545CET6, STM32U545CET6Q, STM32U545CEU6, STM32U545CEU6Q, STM32U545JEY6QTR, STM32U545NEY6QTR, STM32U545REI6, STM32U545REI6Q, STM32U545RET6, STM32U545RET6Q, STM32U545VEI6, STM32U545VEI6Q, STM32U545VET6, STM32U545VET6Q, STM32U595AIH6, STM32U595AIH6Q, STM32U595AJH6, STM32U595AJH6Q, STM32U595QII6, STM32U595QII6Q, STM32U595QJI6, STM32U595QJI6Q, STM32U595RIT6, STM32U595RIT6Q, STM32U595RJT6, STM32U595RJT6Q, STM32U595VIT6, STM32U595VIT6Q, STM32U595VJT6, STM32U595VJT6Q, STM32U595ZIT6, STM32U595ZIT6Q, STM32U595ZIY6QTR, STM32U595ZJT6, STM32U595ZJT6Q, STM32U595ZJY6QTR, STM32U599BJY6QTR, STM32U599NIH6Q, STM32U599NJH6Q, STM32U599VIT6Q, STM32U599VJT6, STM32U599VJT6Q, STM32U599ZIT6Q, STM32U599ZIY6QTR, STM32U599ZJT6Q, STM32U599ZJY6QTR, STM32U5A5AJH6, STM32U5A5AJH6Q, STM32U5A5QII3Q , STM32U5A5QJI6, STM32U5A5QJI6Q, STM32U5A5RJT6, STM32U5A5RJT6Q, STM32U5A5VJT6, STM32U5A5VJT6Q, STM32U5A5ZJT6, STM32U5A5ZJT6Q, STM32U5A5ZJY6QTR, STM32U5A9BJY6QTR, STM32U5A9J-DK, STM32U5A9NJH6Q, STM32U5A9VJT6Q, STM32U5A9ZJT6Q, STM32U5A9ZJY6QTR, STM32U5F7VIT6, STM32U5F7VIT6Q, STM32U5F7VJT6, STM32U5F7VJT6Q, STM32U5F9BJY6QTR, STM32U5F9NJH6Q, STM32U5F9VIT6Q, STM32U5F9VJT6Q, STM32U5F9ZIJ6QTR, STM32U5F9ZIT6Q, STM32U5F9ZJJ6QTR, STM32U5F9ZJT6Q, STM32U5G7VJT6, STM32U5G7VJT6Q, STM32U5G9BJY6QTR, STM32U5G9J-DK1, STM32U5G9J-DK2, STM32U5G9NJH6Q, STM32U5G9VJT6Q, STM32U5G9ZJJ6QTR, STM32U5G9ZJT6Q, STM32WB1MMCH6, STM32WBA50KEU6, STM32WBA50KEU6TR, STM32WBA50KGU6, STM32WBA50KGU6TR, STM32WBA52CEU6, STM32WBA52CEU6TR, STM32WBA52CEU7, STM32WBA52CEU7TR, STM32WBA52CGU6, STM32WBA52CGU6TR, STM32WBA52CGU6U, STM32WBA52CGU7, STM32WBA52CGU7TR, STM32WBA52KEU6, STM32WBA52KEU6TR, STM32WBA52KGU6, STM32WBA52KGU6TR, STM32WBA54CEU6, STM32WBA54CEU6TR, STM32WBA54CEU7, STM32WBA54CEU7TR, STM32WBA54CGU6, STM32WBA54CGU6TR, STM32WBA54CGU7, STM32WBA54CGU7TR, STM32WBA54KEU6, STM32WBA54KEU6TR, STM32WBA54KEU7, STM32WBA54KEU7TR, STM32WBA54KGU6, STM32WBA54KGU6TR, STM32WBA54KGU7, STM32WBA54KGU7TR, STM32WBA55CEU6, STM32WBA55CEU6TR, STM32WBA55CEU7, STM32WBA55CEU7TR, STM32WBA55CGU6, STM32WBA55CGU6TR, STM32WBA55CGU6U, STM32WBA55CGU7, STM32WBA55CGU7TR, STM32WBA55G-DK1, STM32WBA55HEF6, STM32WBA55HEF7, STM32WBA55HGF6, STM32WBA55HGF7, STM32WBA55UEI6, STM32WBA55UEI6TR, STM32WBA55UEI7, STM32WBA55UEI7TR, STM32WBA55UGI6, STM32WBA55UGI6TR, STM32WBA55UGI7, STM32WBA55UGI7TR, STM32WL5MOCH6, STM32WL5MOCH6TR]
2025-11-05 19:49:07,537 [INFO] BoardInfo:889 - No configuration file found for board B-WBA5M-WPAN
2025-11-05 19:49:07,538 [INFO] DbBoards:161 - Board is not supported: B-WBA5M-WPAN
2025-11-05 19:49:07,543 [INFO] BoardInfo:889 - No configuration file found for board NUCLEO-C051C8
2025-11-05 19:49:07,543 [INFO] DbBoards:161 - Board is not supported: NUCLEO-C051C8
2025-11-05 19:49:07,545 [INFO] BoardInfo:889 - No configuration file found for board NUCLEO-C071RB
2025-11-05 19:49:07,545 [INFO] DbBoards:161 - Board is not supported: NUCLEO-C071RB
2025-11-05 19:49:07,547 [INFO] BoardInfo:889 - No configuration file found for board NUCLEO-C092RC
2025-11-05 19:49:07,547 [INFO] DbBoards:161 - Board is not supported: NUCLEO-C092RC
2025-11-05 19:49:07,656 [INFO] BoardInfo:889 - No configuration file found for board NUCLEO-N657X0-Q
2025-11-05 19:49:07,657 [INFO] DbBoards:161 - Board is not supported: NUCLEO-N657X0-Q
2025-11-05 19:49:07,660 [INFO] BoardInfo:889 - No configuration file found for board NUCLEO-U385RG-Q
2025-11-05 19:49:07,661 [INFO] DbBoards:161 - Board is not supported: NUCLEO-U385RG-Q
2025-11-05 19:49:07,666 [INFO] BoardInfo:889 - No configuration file found for board NUCLEO-WB05KZ
2025-11-05 19:49:07,668 [INFO] DbBoards:161 - Board is not supported: NUCLEO-WB05KZ
2025-11-05 19:49:07,670 [INFO] BoardInfo:889 - No configuration file found for board NUCLEO-WB07CC
2025-11-05 19:49:07,671 [INFO] DbBoards:161 - Board is not supported: NUCLEO-WB07CC
2025-11-05 19:49:07,672 [INFO] BoardInfo:889 - No configuration file found for board NUCLEO-WB09KE
2025-11-05 19:49:07,673 [INFO] DbBoards:161 - Board is not supported: NUCLEO-WB09KE
2025-11-05 19:49:07,680 [INFO] BoardInfo:889 - No configuration file found for board NUCLEO-WBA65RI
2025-11-05 19:49:07,680 [INFO] DbBoards:161 - Board is not supported: NUCLEO-WBA65RI
2025-11-05 19:49:07,682 [INFO] BoardInfo:889 - No configuration file found for board NUCLEO-WL33CC1
2025-11-05 19:49:07,686 [INFO] DbBoards:161 - Board is not supported: NUCLEO-WL33CC1
2025-11-05 19:49:07,687 [INFO] BoardInfo:889 - No configuration file found for board NUCLEO-WL33CC2
2025-11-05 19:49:07,688 [INFO] DbBoards:161 - Board is not supported: NUCLEO-WL33CC2
2025-11-05 19:49:07,695 [INFO] BoardInfo:889 - No configuration file found for board P-NUCLEO-WB55
2025-11-05 19:49:07,695 [INFO] DbBoards:161 - Kit is not supported: P-NUCLEO-WB55
2025-11-05 19:49:07,702 [INFO] BoardInfo:889 - No configuration file found for board STEVAL-BFA001V1B
2025-11-05 19:49:07,702 [INFO] DbBoards:161 - Kit is not supported: STEVAL-BFA001V1B
2025-11-05 19:49:07,704 [INFO] BoardInfo:889 - No configuration file found for board STEVAL-BFA001V2B
2025-11-05 19:49:07,704 [INFO] DbBoards:161 - Kit is not supported: STEVAL-BFA001V2B
2025-11-05 19:49:07,863 [INFO] BoardInfo:889 - No configuration file found for board STM32MP257F-DK
2025-11-05 19:49:07,863 [INFO] DbBoards:161 - Board is not supported: STM32MP257F-DK
2025-11-05 19:49:07,864 [INFO] BoardInfo:889 - No configuration file found for board STM32MP257F-EV1
2025-11-05 19:49:07,865 [INFO] DbBoards:161 - Board is not supported: STM32MP257F-EV1
2025-11-05 19:49:07,867 [INFO] BoardInfo:889 - No configuration file found for board STM32N6570-DK
2025-11-05 19:49:07,868 [INFO] DbBoards:161 - Board is not supported: STM32N6570-DK
2025-11-05 19:49:07,881 [INFO] BoardInfo:889 - No configuration file found for board STM32WBA65I-DK1
2025-11-05 19:49:07,882 [INFO] DbBoards:161 - Board is not supported: STM32WBA65I-DK1
2025-11-05 19:49:07,882 [INFO] DbBoards:168 - Found 211 boards, 192 are supported
2025-11-05 19:49:07,882 [INFO] DbBoards:169 - Found 211 boards, 8 of them is supported for  Bsp
2025-11-05 19:49:07,886 [INFO] ApiDb:423 - Load user favorites file C:\Users\racin/.stm32cubeide/favorites.boards.txt: 0 item(s)
2025-11-05 19:49:07,886 [INFO] ApiDb:427 - User favorites Boards=[]
2025-11-05 19:49:07,887 [INFO] DbBoards:198 - Set 0 / 0 favorites Boards
2025-11-05 19:49:07,890 [INFO] ApiDb:668 - CubeFinder database Data Model version=2.1
2025-11-05 19:49:07,890 [INFO] ApiDb:669 - CubeFinder database Configuration version=3.0.39
2025-11-05 19:49:07,890 [INFO] ApiDb:670 - CubeFinder database generation date=2025-10-27 (1761571959)
2025-11-05 19:49:07,890 [INFO] ApiDb:671 - CubeFinder database FW Pack versions=[FP-ATR-ASTRA1_V2.0.0, FP-SNS-FLIGHT1_V5.1.0, FP-SNS-MOTENV1_V5.0.0, FP-SNS-MOTENVWB1_V1.4.0, FP-SNS-SMARTAG2_V1.2.0, FP-SNS-STBOX1_V2.1.0, STM32Cube_FW_C0_V1.4.0, STM32Cube_FW_F4_V1.28.3, STM32Cube_FW_F7_V1.17.4, STM32Cube_FW_G0_V1.6.2, STM32Cube_FW_G4_V1.6.1, STM32Cube_FW_H5_V1.5.0, STM32Cube_FW_H7RS_V1.2.0, STM32Cube_FW_H7_V1.12.1, STM32Cube_FW_L0_V1.12.2, STM32Cube_FW_L4_V1.18.1, STM32Cube_FW_L5_V1.5.1, STM32Cube_FW_N6_V1.2.0, STM32Cube_FW_U0_V1.3.0, STM32Cube_FW_U3_V1.2.1, STM32Cube_FW_U5_V1.8.0, STM32Cube_FW_WB0_V1.3.0, STM32Cube_FW_WBA_V1.7.0, STM32Cube_FW_WB_V1.23.0, STM32Cube_FW_WL3_V1.2.0, STM32Cube_FW_WL_V1.3.1, X-CUBE-ALGOBUILD_V1.4.0, X-CUBE-ALS_V1.0.2, X-CUBE-AZRTOS-F4_V1.1.0, X-CUBE-AZRTOS-F7_V1.1.0, X-CUBE-AZRTOS-G0_V1.1.0, X-CUBE-AZRTOS-G4_V2.0.0, X-CUBE-AZRTOS-H7RS_V1.1.0, X-CUBE-AZRTOS-H7_V3.4.0, X-CUBE-AZRTOS-L4_V2.0.0, X-CUBE-AZRTOS-L5_V2.0.0, X-CUBE-AZRTOS-WB_V2.0.0, X-CUBE-AZRTOS-WL_V2.0.0, X-CUBE-BLE1_V7.1.0, X-CUBE-BLE2_V3.3.0, X-CUBE-BLEMGR_V4.1.0, X-CUBE-EEPRMA1_V5.2.0, X-CUBE-FREERTOS_V1.3.1, X-CUBE-GNSS1_V6.0.0, X-CUBE-MEMS1_V11.3.0, X-CUBE-NFC4_V3.0.0, X-CUBE-NFC7_V2.0.0, X-CUBE-SFXS2LP1_V4.0.0, X-CUBE-ST67W61_V1.1.0, X-CUBE-SUBG2_V5.0.0, X-CUBE-TOF1_V3.4.3]
2025-11-05 19:49:08,923 [ERROR] DbExamplesSqlite:437 - Missing JSON key: board_cpn
2025-11-05 19:49:08,924 [ERROR] DbExamplesSqlite:437 - Missing JSON key: board_cpn
2025-11-05 19:49:08,924 [ERROR] DbExamplesSqlite:437 - Missing JSON key: board_cpn
2025-11-05 19:49:08,924 [ERROR] DbExamplesSqlite:437 - Missing JSON key: board_cpn
2025-11-05 19:49:10,064 [ERROR] DbExamplesSqlite:437 - Missing JSON key: board_cpn
2025-11-05 19:49:10,064 [ERROR] DbExamplesSqlite:437 - Missing JSON key: board_cpn
2025-11-05 19:49:10,126 [INFO] DbExamplesSqlite:395 - Ignored 33 examples not supported by CubeIDE
2025-11-05 19:49:10,126 [INFO] DbExamplesSqlite:396 - Found 10875 examples active
2025-11-05 19:49:10,127 [INFO] DbExamplesSqlite:397 - Found 0 examples obsolete
2025-11-05 19:49:10,129 [INFO] DbExamplesSqlite:398 - Found 0 examples under development
2025-11-05 19:49:10,129 [INFO] DbExamplesSqlite:399 - Found 65 examples not building
2025-11-05 19:49:10,170 [INFO] DbExamples:125 - Found 10907 examples
2025-11-05 19:49:10,441 [INFO] DbExamples:222 - Found 134 boards with related examples
2025-11-05 19:49:10,442 [INFO] DbExamples:235 - Found 111 MCUs with related examples
2025-11-05 19:49:10,510 [INFO] ApiDb:414 - User favorites file not found: C:\Users\racin/.stm32cubeide/favorites.examples.txt
2025-11-05 19:49:10,510 [INFO] DbExamples:250 - Set 0 / 0 favorites Examples
2025-11-05 19:49:11,728 [INFO] McuFinderGlobals:76 - Set McuFinderConnectedMode to true
2025-11-05 19:49:11,742 [INFO] MultiScanPanel:200 - Auto-refresh data requested => check proxy status ongoing
2025-11-05 19:49:11,745 [INFO] FinderPluginLoader:95 - Searching for filters in installed packs
2025-11-05 19:49:15,182 [INFO] LoadUrlFilesThread:185 - End of LoadServerUrlFiles without Thread
2025-11-05 19:49:15,298 [INFO] DetailPanel:341 - Set advertising image to C:/Users/racin/STM32Cube/Repository/\en.mcu-finder-stm32n6dk.jpg
2025-11-05 19:50:03,009 [INFO] McuFinderGlobals:76 - Set McuFinderConnectedMode to true
2025-11-05 19:50:03,658 [INFO] ApiDb:448 - Save user favorites file C:\Users\racin/.stm32cubeide/favorites.mcus.txt: 0 item(s)
2025-11-05 19:50:03,658 [INFO] ApiDb:452 - User favorites MCUs=[]
