2025-05-25 14:59:43,499 [INFO] Activator:176 - 


2025-05-25 14:59:43,501 [INFO] Activator:177 - !SESSION log4j initialized
2025-05-25 14:59:47,347 [INFO] LogOutputStream:77 - [STDOUT_REDIRECT] 
2025-05-25 14:59:59,067 [INFO] ApplicationProperties:184 - Using Application install path: C:\ST\STM32CubeIDE_1.15.1\STM32CubeIDE\plugins\com.st.stm32cube.common.mx_6.11.1.202404110753
2025-05-25 14:59:59,099 [INFO] DbMcusXml:78 - Set database path to: C:\ST\STM32CubeIDE_1.15.1\STM32CubeIDE\plugins\com.st.stm32cube.common.mx_6.11.1.202404110753\\db\/mcu/
2025-05-25 14:59:59,101 [INFO] ApiDb:274 - Set plugin database path to: C:\ST\STM32CubeIDE_1.15.1\STM32CubeIDE\plugins\com.st.stm32cube.common.mx_6.11.1.202404110753\\db\/plugins/boardmanager/
2025-05-25 14:59:59,101 [WARN] ApiDb:259 - Overriding images path with different value:  => C:\ST\STM32CubeIDE_1.15.1\STM32CubeIDE\plugins\com.st.stm32cube.common.mx_6.11.1.202404110753\\db\/plugins/mcufinder/images/
2025-05-25 14:59:59,116 [INFO] ApiDb:250 - Set database path to: C:\Users\shoot\.stmcufinder\plugins\mcufinder//mcu/
2025-05-25 14:59:59,117 [INFO] DbMcusAds:125 - Set database path to: C:\Users\shoot\.stmcufinder\plugins\mcufinder//mcu/
2025-05-25 14:59:59,184 [INFO] CrossReferenceDbSqlite:203 - Set database path to: C:\Users\shoot\.stmcufinder\plugins\mcufinder//mcu/cs/
2025-05-25 14:59:59,486 [INFO] RulesReader:64 - Compatibility file has been processed (297 Rules)
2025-05-25 14:59:59,658 [INFO] DbMcusXml:78 - Set database path to: C:\ST\STM32CubeIDE_1.15.1\STM32CubeIDE\plugins\com.st.stm32cube.common.mx_6.11.1.202404110753\\db\/mcu/
2025-05-25 14:59:59,658 [INFO] ApiDb:274 - Set plugin database path to: C:\ST\STM32CubeIDE_1.15.1\STM32CubeIDE\plugins\com.st.stm32cube.common.mx_6.11.1.202404110753\\db\/plugins/boardmanager/
2025-05-25 14:59:59,659 [INFO] ApiDb:261 - Set plugin images path to: C:\ST\STM32CubeIDE_1.15.1\STM32CubeIDE\plugins\com.st.stm32cube.common.mx_6.11.1.202404110753\\db\/plugins/mcufinder/images/
2025-05-25 14:59:59,659 [WARN] DbFile:41 - Overriding database path with different value: C:\Users\shoot\.stmcufinder\plugins\mcufinder/ => C:\Users\shoot\.stmcufinder\plugins\mcufinder
2025-05-25 14:59:59,659 [INFO] ApiDb:250 - Set database path to: C:\Users\shoot\.stmcufinder\plugins\mcufinder//mcu/
2025-05-25 14:59:59,660 [WARN] DbFile:41 - Overriding database path with different value: C:\Users\shoot\.stmcufinder\plugins\mcufinder/ => C:\Users\shoot\.stmcufinder\plugins\mcufinder
2025-05-25 14:59:59,660 [INFO] DbMcusAds:125 - Set database path to: C:\Users\shoot\.stmcufinder\plugins\mcufinder//mcu/
2025-05-25 14:59:59,660 [WARN] DbFile:41 - Overriding database path with different value: C:\Users\shoot\.stmcufinder\plugins\mcufinder/ => C:\Users\shoot\.stmcufinder\plugins\mcufinder
2025-05-25 14:59:59,660 [WARN] DbFile:41 - Overriding database path with different value: C:\Users\shoot\.stmcufinder\plugins\mcufinder/ => C:\Users\shoot\.stmcufinder\plugins\mcufinder
2025-05-25 14:59:59,660 [INFO] CrossReferenceDbSqlite:203 - Set database path to: C:\Users\shoot\.stmcufinder\plugins\mcufinder//mcu/cs/
2025-05-25 14:59:59,791 [INFO] MainPanel:264 - HeapMemory: 268435456
2025-05-25 14:59:59,924 [INFO] DbMcusXml:78 - Set database path to: C:\ST\STM32CubeIDE_1.15.1\STM32CubeIDE\plugins\com.st.stm32cube.common.mx_6.11.1.202404110753\\db\/mcu/
2025-05-25 14:59:59,924 [INFO] ApiDb:274 - Set plugin database path to: C:\ST\STM32CubeIDE_1.15.1\STM32CubeIDE\plugins\com.st.stm32cube.common.mx_6.11.1.202404110753\\db\/plugins/boardmanager/
2025-05-25 14:59:59,924 [INFO] ApiDb:261 - Set plugin images path to: C:\ST\STM32CubeIDE_1.15.1\STM32CubeIDE\plugins\com.st.stm32cube.common.mx_6.11.1.202404110753\\db\/plugins/mcufinder/images/
2025-05-25 14:59:59,925 [WARN] DbFile:41 - Overriding database path with different value: C:\Users\shoot\.stmcufinder\plugins\mcufinder/ => C:\Users\shoot\.stmcufinder\plugins\mcufinder
2025-05-25 14:59:59,925 [INFO] ApiDb:250 - Set database path to: C:\Users\shoot\.stmcufinder\plugins\mcufinder//mcu/
2025-05-25 14:59:59,925 [WARN] DbFile:41 - Overriding database path with different value: C:\Users\shoot\.stmcufinder\plugins\mcufinder/ => C:\Users\shoot\.stmcufinder\plugins\mcufinder
2025-05-25 14:59:59,925 [INFO] DbMcusAds:125 - Set database path to: C:\Users\shoot\.stmcufinder\plugins\mcufinder//mcu/
2025-05-25 14:59:59,925 [WARN] DbFile:41 - Overriding database path with different value: C:\Users\shoot\.stmcufinder\plugins\mcufinder/ => C:\Users\shoot\.stmcufinder\plugins\mcufinder
2025-05-25 14:59:59,925 [WARN] DbFile:41 - Overriding database path with different value: C:\Users\shoot\.stmcufinder\plugins\mcufinder/ => C:\Users\shoot\.stmcufinder\plugins\mcufinder
2025-05-25 14:59:59,926 [INFO] CrossReferenceDbSqlite:203 - Set database path to: C:\Users\shoot\.stmcufinder\plugins\mcufinder//mcu/cs/
2025-05-25 14:59:59,954 [INFO] ApplicationProperties:184 - Using Application install path: C:\ST\STM32CubeIDE_1.15.1\STM32CubeIDE\plugins\com.st.stm32cube.common.mx_6.11.1.202404110753
2025-05-25 14:59:59,956 [INFO] PluginManage:196 - Search for loadable plugins [exclusion list=, ]
2025-05-25 14:59:59,960 [INFO] PluginManage:310 - Check plugin analytics
2025-05-25 15:00:06,280 [INFO] AnalyticsPlugin:253 - Accepted Software Licenses: 
2025-05-25 15:00:06,280 [INFO] AnalyticsPlugin:255 - Accepted CMSIS Pack Licenses: 
2025-05-25 15:00:06,280 [INFO] AnalyticsPlugin:257 - Accepted Firmware Licenses: FW.F7.1.17.0
2025-05-25 15:00:06,284 [INFO] PluginManage:359 - Loaded plugin analytics (category:tool,tabindex:-1)
2025-05-25 15:00:06,284 [INFO] PluginManage:310 - Check plugin cadmodel
2025-05-25 15:00:06,312 [INFO] CADModel:105 - Init CAD model plugin
2025-05-25 15:00:06,313 [INFO] PluginManage:359 - Loaded plugin cadmodel (category:power,tabindex:5)
2025-05-25 15:00:06,313 [INFO] PluginManage:310 - Check plugin clock
2025-05-25 15:00:06,346 [INFO] PluginManage:359 - Loaded plugin clock (category:base,tabindex:2)
2025-05-25 15:00:06,346 [INFO] PluginManage:310 - Check plugin ddr
2025-05-25 15:00:06,349 [INFO] PluginManage:359 - Loaded plugin ddr (category:tool,tabindex:6)
2025-05-25 15:00:06,349 [INFO] PluginManage:310 - Check plugin filemanager
2025-05-25 15:00:06,593 [INFO] PluginManage:359 - Loaded plugin filemanager (category:base,tabindex:10)
2025-05-25 15:00:06,593 [INFO] PluginManage:310 - Check plugin ipmanager
2025-05-25 15:00:06,610 [INFO] PluginManage:359 - Loaded plugin ipmanager (category:base,tabindex:5)
2025-05-25 15:00:06,610 [INFO] PluginManage:310 - Check plugin lpbam
2025-05-25 15:00:06,641 [INFO] PluginManage:359 - Loaded plugin lpbam (category:base,tabindex:0)
2025-05-25 15:00:06,642 [INFO] PluginManage:310 - Check plugin memorymap
2025-05-25 15:00:06,699 [INFO] PluginManage:359 - Loaded plugin memorymap (category:base,tabindex:4)
2025-05-25 15:00:06,699 [INFO] PluginManage:310 - Check plugin pinoutandconfiguration
2025-05-25 15:00:06,736 [INFO] PluginManage:359 - Loaded plugin pinoutandconfiguration (category:base,tabindex:1)
2025-05-25 15:00:06,737 [INFO] PluginManage:310 - Check plugin pinoutconfig
2025-05-25 15:00:06,896 [WARN] SupportedApi:132 - Cannot load RTOS API schema: s4s-elt-must-match.1: The content of 'definitions' must match (annotation?, (simpleType | complexType)?, (unique | key | keyref)*)). A problem was found starting at: attribute.
2025-05-25 15:00:07,128 [INFO] PluginManage:359 - Loaded plugin pinoutconfig (category:base,tabindex:0)
2025-05-25 15:00:07,128 [INFO] PluginManage:310 - Check plugin power
2025-05-25 15:00:07,163 [INFO] PluginManage:359 - Loaded plugin power (category:power,tabindex:4)
2025-05-25 15:00:07,164 [INFO] PluginManage:310 - Check plugin projectmanager
2025-05-25 15:00:07,190 [INFO] PluginManage:359 - Loaded plugin projectmanager (category:projectmanager,tabindex:3)
2025-05-25 15:00:07,190 [INFO] PluginManage:310 - Check plugin thirdparty
2025-05-25 15:00:07,683 [WARN] IntegrityCheckThread:84 - waiting for thirdparty lock release [integrity check]
2025-05-25 15:00:07,683 [INFO] IntegrityCheckThread:86 - entering critical section [integrity check]
2025-05-25 15:00:07,683 [INFO] PluginManage:359 - Loaded plugin thirdparty (category:base,tabindex:-1)
2025-05-25 15:00:07,684 [INFO] PluginManage:310 - Check plugin tools
2025-05-25 15:00:07,684 [INFO] ThirdPartyUpdaterWithRetryManager:70 - Updater plugin not ready yet. [1/15]
2025-05-25 15:00:07,752 [INFO] PluginManage:359 - Loaded plugin tools (category:base,tabindex:7)
2025-05-25 15:00:07,753 [INFO] PluginManage:310 - Check plugin tutovideos
2025-05-25 15:00:08,098 [INFO] PluginManage:359 - Loaded plugin tutovideos (category:base,tabindex:-1)
2025-05-25 15:00:08,098 [INFO] PluginManage:310 - Check plugin updater
2025-05-25 15:00:08,115 [INFO] PluginManage:359 - Loaded plugin updater (category:base,tabindex:12)
2025-05-25 15:00:08,115 [INFO] PluginManage:310 - Check plugin userauth
2025-05-25 15:00:08,124 [INFO] UserAuth:114 - Init User Auth plugin
2025-05-25 15:00:08,124 [INFO] PluginManage:359 - Loaded plugin userauth (category:base,tabindex:14)
2025-05-25 15:00:08,126 [INFO] PluginManage:283 - PluginManage : Loaded plugins [17]
2025-05-25 15:00:08,504 [INFO] PinOutPanel:1561 - setPackage(No Configuration,No Configuration)
2025-05-25 15:00:08,641 [INFO] CADModel:165 - CPN selected for project level
2025-05-25 15:00:08,642 [INFO] CADModel:114 - Register for checkConnection events
2025-05-25 15:00:08,693 [INFO] IPUIPlugin:80 - create IPUIPlugin
2025-05-25 15:00:08,693 [INFO] PluginManager:220 - loadIPPluginJar : add adc
2025-05-25 15:00:08,757 [INFO] IPUIPlugin:80 - create IPUIPlugin
2025-05-25 15:00:08,757 [INFO] PluginManager:220 - loadIPPluginJar : add aes
2025-05-25 15:00:08,828 [INFO] IPUIPlugin:80 - create IPUIPlugin
2025-05-25 15:00:08,828 [INFO] PluginManager:220 - loadIPPluginJar : add can
2025-05-25 15:00:08,873 [INFO] IPUIPlugin:80 - create IPUIPlugin
2025-05-25 15:00:08,874 [INFO] PluginManager:220 - loadIPPluginJar : add comp
2025-05-25 15:00:08,944 [INFO] IPUIPlugin:80 - create IPUIPlugin
2025-05-25 15:00:08,944 [INFO] PluginManager:220 - loadIPPluginJar : add cryp
2025-05-25 15:00:09,001 [INFO] IPUIPlugin:80 - create IPUIPlugin
2025-05-25 15:00:09,003 [INFO] PluginManager:220 - loadIPPluginJar : add dfsdm
2025-05-25 15:00:09,022 [INFO] IPUIPlugin:80 - create IPUIPlugin
2025-05-25 15:00:09,024 [INFO] PluginManager:220 - loadIPPluginJar : add dma
2025-05-25 15:00:09,089 [INFO] IPUIPlugin:80 - create IPUIPlugin
2025-05-25 15:00:09,089 [INFO] PluginManager:220 - loadIPPluginJar : add dma3
2025-05-25 15:00:09,143 [INFO] IPUIPlugin:80 - create IPUIPlugin
2025-05-25 15:00:09,143 [INFO] PluginManager:220 - loadIPPluginJar : add extmemmanager
2025-05-25 15:00:09,169 [INFO] IPUIPlugin:80 - create IPUIPlugin
2025-05-25 15:00:09,169 [INFO] PluginManager:220 - loadIPPluginJar : add fatfs
2025-05-25 15:00:09,224 [INFO] IPUIPlugin:80 - create IPUIPlugin
2025-05-25 15:00:09,224 [INFO] PluginManager:220 - loadIPPluginJar : add fmc
2025-05-25 15:00:09,241 [INFO] IPUIPlugin:80 - create IPUIPlugin
2025-05-25 15:00:09,241 [INFO] PluginManager:220 - loadIPPluginJar : add freertos
2025-05-25 15:00:09,268 [INFO] IPUIPlugin:80 - create IPUIPlugin
2025-05-25 15:00:09,268 [INFO] PluginManager:220 - loadIPPluginJar : add genericplugin
2025-05-25 15:00:09,385 [INFO] IPUIPlugin:80 - create IPUIPlugin
2025-05-25 15:00:09,385 [INFO] PluginManager:220 - loadIPPluginJar : add gfxmmu
2025-05-25 15:00:09,565 [INFO] IPUIPlugin:80 - create IPUIPlugin
2025-05-25 15:00:09,565 [INFO] PluginManager:220 - loadIPPluginJar : add gic
2025-05-25 15:00:09,578 [INFO] IPUIPlugin:80 - create IPUIPlugin
2025-05-25 15:00:09,578 [INFO] PluginManager:220 - loadIPPluginJar : add gpio
2025-05-25 15:00:09,714 [INFO] IPUIPlugin:80 - create IPUIPlugin
2025-05-25 15:00:09,714 [INFO] PluginManager:220 - loadIPPluginJar : add gtzc
2025-05-25 15:00:09,755 [INFO] IPUIPlugin:80 - create IPUIPlugin
2025-05-25 15:00:09,755 [INFO] PluginManager:220 - loadIPPluginJar : add hash
2025-05-25 15:00:09,820 [INFO] IPUIPlugin:80 - create IPUIPlugin
2025-05-25 15:00:09,820 [INFO] PluginManager:220 - loadIPPluginJar : add i2c
2025-05-25 15:00:09,868 [INFO] IPUIPlugin:80 - create IPUIPlugin
2025-05-25 15:00:09,868 [INFO] PluginManager:220 - loadIPPluginJar : add i2s
2025-05-25 15:00:09,920 [INFO] IPUIPlugin:80 - create IPUIPlugin
2025-05-25 15:00:09,920 [INFO] PluginManager:220 - loadIPPluginJar : add i3c
2025-05-25 15:00:10,056 [INFO] IPUIPlugin:80 - create IPUIPlugin
2025-05-25 15:00:10,056 [INFO] PluginManager:220 - loadIPPluginJar : add ipddr
2025-05-25 15:00:10,170 [INFO] IPUIPlugin:80 - create IPUIPlugin
2025-05-25 15:00:10,170 [INFO] PluginManager:220 - loadIPPluginJar : add linkedlist
2025-05-25 15:00:10,215 [INFO] IPUIPlugin:80 - create IPUIPlugin
2025-05-25 15:00:10,215 [INFO] PluginManager:220 - loadIPPluginJar : add lorawan
2025-05-25 15:00:10,274 [INFO] IPUIPlugin:80 - create IPUIPlugin
2025-05-25 15:00:10,274 [INFO] PluginManager:220 - loadIPPluginJar : add ltdc
2025-05-25 15:00:10,289 [INFO] IPUIPlugin:80 - create IPUIPlugin
2025-05-25 15:00:10,289 [INFO] PluginManager:220 - loadIPPluginJar : add mdma
2025-05-25 15:00:10,304 [INFO] IPUIPlugin:80 - create IPUIPlugin
2025-05-25 15:00:10,304 [INFO] PluginManager:220 - loadIPPluginJar : add nvic
2025-05-25 15:00:10,350 [INFO] IPUIPlugin:80 - create IPUIPlugin
2025-05-25 15:00:10,350 [INFO] PluginManager:220 - loadIPPluginJar : add opamp
2025-05-25 15:00:10,426 [INFO] IPUIPlugin:80 - create IPUIPlugin
2025-05-25 15:00:10,426 [INFO] PluginManager:220 - loadIPPluginJar : add openamp
2025-05-25 15:00:10,483 [INFO] IPUIPlugin:80 - create IPUIPlugin
2025-05-25 15:00:10,484 [INFO] PluginManager:220 - loadIPPluginJar : add pdm2pcm
2025-05-25 15:00:10,501 [INFO] IPUIPlugin:80 - create IPUIPlugin
2025-05-25 15:00:10,503 [INFO] PluginManager:220 - loadIPPluginJar : add plateformsettings
2025-05-25 15:00:10,532 [INFO] IPUIPlugin:80 - create IPUIPlugin
2025-05-25 15:00:10,532 [INFO] PluginManager:220 - loadIPPluginJar : add quadspi
2025-05-25 15:00:10,548 [INFO] IPUIPlugin:80 - create IPUIPlugin
2025-05-25 15:00:10,548 [INFO] PluginManager:220 - loadIPPluginJar : add resmgrutility
2025-05-25 15:00:10,613 [INFO] IPUIPlugin:80 - create IPUIPlugin
2025-05-25 15:00:10,613 [INFO] PluginManager:220 - loadIPPluginJar : add sai
2025-05-25 15:00:10,667 [INFO] IPUIPlugin:80 - create IPUIPlugin
2025-05-25 15:00:10,667 [INFO] PluginManager:220 - loadIPPluginJar : add spi
2025-05-25 15:00:10,686 [INFO] ThirdPartyUpdaterWithRetryManager:70 - Updater plugin not ready yet. [2/15]
2025-05-25 15:00:10,748 [INFO] IPUIPlugin:80 - create IPUIPlugin
2025-05-25 15:00:10,748 [INFO] PluginManager:220 - loadIPPluginJar : add stm32_wpan
2025-05-25 15:00:10,777 [INFO] IPUIPlugin:80 - create IPUIPlugin
2025-05-25 15:00:10,778 [INFO] PluginManager:220 - loadIPPluginJar : add tim
2025-05-25 15:00:10,850 [INFO] IPUIPlugin:80 - create IPUIPlugin
2025-05-25 15:00:10,851 [INFO] PluginManager:220 - loadIPPluginJar : add touchsensing
2025-05-25 15:00:10,879 [INFO] IPUIPlugin:80 - create IPUIPlugin
2025-05-25 15:00:10,879 [INFO] PluginManager:220 - loadIPPluginJar : add tracer_emb
2025-05-25 15:00:10,908 [INFO] IPUIPlugin:80 - create IPUIPlugin
2025-05-25 15:00:10,909 [INFO] PluginManager:220 - loadIPPluginJar : add ts
2025-05-25 15:00:10,936 [INFO] IPUIPlugin:80 - create IPUIPlugin
2025-05-25 15:00:10,936 [INFO] PluginManager:220 - loadIPPluginJar : add tsc
2025-05-25 15:00:10,966 [INFO] IPUIPlugin:80 - create IPUIPlugin
2025-05-25 15:00:10,966 [INFO] PluginManager:220 - loadIPPluginJar : add ucpd
2025-05-25 15:00:11,020 [INFO] IPUIPlugin:80 - create IPUIPlugin
2025-05-25 15:00:11,021 [INFO] PluginManager:220 - loadIPPluginJar : add usart
2025-05-25 15:00:11,072 [INFO] IPUIPlugin:80 - create IPUIPlugin
2025-05-25 15:00:11,072 [INFO] PluginManager:220 - loadIPPluginJar : add usbx
2025-05-25 15:00:11,226 [INFO] CADModel:165 - CPN selected for project level
2025-05-25 15:00:11,226 [INFO] CADModel:114 - Register for checkConnection events
2025-05-25 15:00:11,227 [FATAL] Updater:308 - Updater called before beeing initialized
2025-05-25 15:00:11,227 [ERROR] CADModel:125 - Updater not yet initialized, retry later 
2025-05-25 15:00:11,396 [INFO] CADModel:165 - CPN selected for project level
2025-05-25 15:00:11,396 [INFO] CADModel:114 - Register for checkConnection events
2025-05-25 15:00:11,396 [FATAL] Updater:308 - Updater called before beeing initialized
2025-05-25 15:00:11,396 [ERROR] CADModel:125 - Updater not yet initialized, retry later 
2025-05-25 15:00:11,399 [FATAL] Updater:308 - Updater called before beeing initialized
2025-05-25 15:00:11,542 [FATAL] Updater:308 - Updater called before beeing initialized
2025-05-25 15:00:11,560 [INFO] DbMcusAds:53 - JSON generation date=Thu Mar 06 15:54:21 CET 2025 (1741272861825)
2025-05-25 15:00:11,560 [FATAL] Updater:308 - Updater called before beeing initialized
2025-05-25 15:00:11,658 [WARN] DetailPanel:346 - Failed to get advertising image, set to default
2025-05-25 15:00:11,757 [FATAL] Updater:308 - Updater called before beeing initialized
2025-05-25 15:00:11,759 [FATAL] Updater:308 - Updater called before beeing initialized
2025-05-25 15:00:11,759 [FATAL] Updater:308 - Updater called before beeing initialized
2025-05-25 15:00:11,759 [WARN] DetailPanel:346 - Failed to get advertising image, set to default
2025-05-25 15:00:11,760 [FATAL] Updater:308 - Updater called before beeing initialized
2025-05-25 15:00:11,838 [ERROR] Updater:1120 - MainUpdater not yet initialized. External WinMGr cannot be set.
2025-05-25 15:00:11,851 [INFO] Updater:1056 - Updater Version found : 6.11.1
2025-05-25 15:00:11,868 [INFO] ApplicationProperties:184 - Using Application install path: C:\ST\STM32CubeIDE_1.15.1\STM32CubeIDE\plugins\com.st.stm32cube.common.mx_6.11.1.202404110753
2025-05-25 15:00:13,451 [ERROR] LogOutputStream:75 - [STDERR_REDIRECT] May 25, 2025 3:00:13 PM java.util.prefs.WindowsPreferences <init>
2025-05-25 15:00:13,452 [ERROR] LogOutputStream:75 - [STDERR_REDIRECT] WARNING: Could not open/create prefs root node Software\JavaSoft\Prefs at root 0xffffffff80000002. Windows RegCreateKeyEx(...) returned error code 5.
2025-05-25 15:00:13,453 [ERROR] LogOutputStream:75 - [STDERR_REDIRECT] 
2025-05-25 15:00:13,687 [INFO] ThirdPartyUpdaterWithRetryManager:70 - Updater plugin not ready yet. [3/15]
2025-05-25 15:00:13,898 [INFO] MainUpdater:2873 - connection check result : 10
2025-05-25 15:00:13,898 [INFO] MainUpdater:3567 - Updater definition file requires update
2025-05-25 15:00:13,899 [INFO] MainUpdater:290 - Updater Check For Update Now.
2025-05-25 15:00:13,900 [INFO] MicroXplorer:498 - Change Database Version : DB.6.0.111
2025-05-25 15:00:13,921 [INFO] McuFinderGlobals:63 - Set McuFinder mode to 2 (CubeIDE integrated)
2025-05-25 15:00:13,937 [INFO] UserAuth:415 - Internet connection configuration mode: 1
2025-05-25 15:00:13,964 [INFO] JxBrowserEngine:152 - Initiate JxBrowser Engine with user profile folder
2025-05-25 15:00:13,967 [INFO] ServerAccessManage:473 - Download File updaters.zip
2025-05-25 15:00:14,084 [INFO] FileExtend:240 - Unzip File : updaters.zip
2025-05-25 15:00:14,084 [INFO] FileExtend:255 - Standard Zip Deflate
2025-05-25 15:00:15,478 [INFO] ServerAccessManage:473 - Download File PacksControlFlags.xml
2025-05-25 15:00:15,647 [INFO] ServerAccessManage:473 - Download File cubemx.pidx
2025-05-25 15:00:15,991 [INFO] McuFinderGlobals:63 - Set McuFinder mode to 2 (CubeIDE integrated)
2025-05-25 15:00:16,670 [INFO] ServerAccessManage:473 - Download File STMicroelectronics.X-CUBE-FREERTOS.pdsc
2025-05-25 15:00:16,687 [WARN] MainUpdater:1194 - Updater busy. Cannot search thirdparties
2025-05-25 15:00:16,687 [INFO] ThirdPartyUpdaterWithRetryManager:96 - Updater plugin is busy. [1/15]
2025-05-25 15:00:17,470 [INFO] ServerAccessManage:473 - Download File STMicroelectronics.X-CUBE-ST60.pdsc
2025-05-25 15:00:18,663 [WARN] PackLoader:240 - Cannot read IP mode file for STMicroelectronics.X-CUBE-FREERTOS.1.3.1
2025-05-25 15:00:18,669 [WARN] PopulateThirdPartyThread:106 - Error when creating pack: C:/Users/shoot/.stm32cubemx/thirdparties/pdsc/STMicroelectronics.X-CUBE-ST60.pdsc
2025-05-25 15:00:18,669 [INFO] PopulateThirdPartyThread:66 - Ending populate Thread
2025-05-25 15:00:18,671 [INFO] ThirdParty:1030 - CMSIS Pack Vendor :STMicroelectronics X-CUBE-FREERTOS 1.3.1
2025-05-25 15:00:18,671 [INFO] LoadServerUpdatesThread:375 - End of LoadServerUpdate Thread
2025-05-25 15:00:18,818 [INFO] CheckServerUpdateThread:120 - End of CheckServer Thread
2025-05-25 15:00:19,067 [INFO] MainUpdater:2873 - connection check result : 10
2025-05-25 15:00:19,081 [INFO] MainUpdater:2873 - connection check result : 10
2025-05-25 15:00:19,373 [INFO] MicroXplorer:468 - Change Database Path : 
2025-05-25 15:00:19,373 [INFO] MicroXplorer:498 - Change Database Version : DB.6.0.111
2025-05-25 15:00:19,380 [WARN] ThirdParty:871 - waiting for thirdparty lock release [close project]
2025-05-25 15:00:20,178 [WARN] PackLoader:240 - Cannot read IP mode file for STMicroelectronics.FP-SNS-MOTENVWB1.1.4.0
2025-05-25 15:00:20,187 [WARN] PackLoader:240 - Cannot read IP mode file for STMicroelectronics.FP-ATR-ASTRA1.2.0.2
2025-05-25 15:00:20,212 [WARN] PackLoader:240 - Cannot read IP mode file for STMicroelectronics.X-CUBE-SMBUS.2.1.0
2025-05-25 15:00:20,240 [WARN] PackLoader:240 - Cannot read IP mode file for STMicroelectronics.X-CUBE-WB05N.1.1.0
2025-05-25 15:00:20,244 [ERROR] Engine:466 - C:\Users\shoot\.stm32cubemx\thirdparties\pdsc\STMicroelectronics.X-CUBE-ST60.1.0.0.pdsc: PDSC version is not supported
2025-05-25 15:00:20,265 [WARN] PackLoader:240 - Cannot read IP mode file for STMicroelectronics.X-CUBE-TOUCHGFX.4.23.2
2025-05-25 15:00:20,316 [WARN] PackLoader:240 - Cannot read IP mode file for STMicroelectronics.X-CUBE-AZRTOS-F7.1.1.0
2025-05-25 15:00:20,408 [WARN] PackLoader:240 - Cannot read IP mode file for STMicroelectronics.X-CUBE-MEMS1.11.0.0
2025-05-25 15:00:20,584 [WARN] PackLoader:240 - Cannot read IP mode file for STMicroelectronics.FP-SNS-FLIGHT1.5.0.2
2025-05-25 15:00:20,604 [WARN] PackLoader:240 - Cannot read IP mode file for STMicroelectronics.X-CUBE-DISPLAY.3.0.0
2025-05-25 15:00:20,628 [WARN] PackLoader:240 - Cannot read IP mode file for STMicroelectronics.X-CUBE-BLE1.7.0.0
2025-05-25 15:00:20,649 [WARN] PackLoader:240 - Cannot read IP mode file for STMicroelectronics.X-CUBE-NFC10.1.0.0
2025-05-25 15:00:20,674 [WARN] PackLoader:240 - Cannot read IP mode file for STMicroelectronics.X-CUBE-BLEMGR.4.0.0
2025-05-25 15:00:20,698 [WARN] PackLoader:240 - Cannot read IP mode file for emotas.I-CUBE-CANOPEN.1.3.0
2025-05-25 15:00:20,720 [WARN] PackLoader:240 - Cannot read IP mode file for STMicroelectronics.X-CUBE-BLEMGR.3.1.0
2025-05-25 15:00:20,742 [WARN] PackLoader:240 - Cannot read IP mode file for STMicroelectronics.X-CUBE-AI.10.0.0
2025-05-25 15:00:20,765 [WARN] PackLoader:240 - Cannot read IP mode file for STMicroelectronics.FP-SNS-SMARTAG2.1.2.0
2025-05-25 15:00:20,768 [ERROR] Engine:466 - C:\Users\shoot\.stm32cubemx\thirdparties\pdsc\STMicroelectronics.FP-SNS-FLIGHT1.5.1.0.pdsc: PDSC version is not supported
2025-05-25 15:00:20,837 [WARN] PackLoader:240 - Cannot read IP mode file for STMicroelectronics.X-CUBE-MEMS1.11.1.0
2025-05-25 15:00:20,995 [INFO] LogOutputStream:77 - [STDOUT_REDIRECT] 1 : Invalid condition id : UX_CORESTACK_Condition cause : null
2025-05-25 15:00:20,996 [INFO] LogOutputStream:77 - [STDOUT_REDIRECT] 1 : Invalid condition id : UX_CORESTACK_Condition cause : null
2025-05-25 15:00:20,997 [INFO] LogOutputStream:77 - [STDOUT_REDIRECT] 1 : Invalid condition id : UX_CORESTACK_Condition cause : null
2025-05-25 15:00:20,998 [INFO] LogOutputStream:77 - [STDOUT_REDIRECT] 1 : Invalid condition id : UX_CORESTACK_Condition cause : null
2025-05-25 15:00:21,000 [INFO] LogOutputStream:77 - [STDOUT_REDIRECT] 1 : Invalid condition id : UX_CORESTACK_Condition cause : null
2025-05-25 15:00:21,003 [WARN] PackLoader:240 - Cannot read IP mode file for STMicroelectronics.X-CUBE-AZRTOS-WL.2.0.0
2025-05-25 15:00:21,023 [WARN] PackLoader:240 - Cannot read IP mode file for STMicroelectronics.FP-SNS-MOTENV1.5.0.0
2025-05-25 15:00:21,030 [WARN] PackLoader:240 - Cannot read IP mode file for wolfSSL.I-CUBE-wolfMQTT.1.19.0
2025-05-25 15:00:21,050 [WARN] PackLoader:240 - Cannot read IP mode file for WES.I-CUBE-Cesium.1.3.0
2025-05-25 15:00:21,069 [WARN] PackLoader:240 - Cannot read IP mode file for STMicroelectronics.X-CUBE-BLE2.3.3.0
2025-05-25 15:00:21,088 [WARN] PackLoader:240 - Cannot read IP mode file for STMicroelectronics.X-CUBE-NFC9.1.0.0
2025-05-25 15:00:21,107 [WARN] PackLoader:240 - Cannot read IP mode file for STMicroelectronics.X-CUBE-BLE1.7.1.0
2025-05-25 15:00:21,128 [WARN] PackLoader:240 - Cannot read IP mode file for STMicroelectronics.X-CUBE-TCPP.4.1.0
2025-05-25 15:00:21,148 [WARN] PackLoader:240 - Cannot read IP mode file for STMicroelectronics.X-CUBE-ALGOBUILD.1.3.0
2025-05-25 15:00:21,226 [WARN] PackLoader:240 - Cannot read IP mode file for STMicroelectronics.X-CUBE-MEMS1.11.2.0
2025-05-25 15:00:21,398 [WARN] PackLoader:240 - Cannot read IP mode file for STMicroelectronics.X-CUBE-AZRTOS-G0.1.1.0
2025-05-25 15:00:21,418 [WARN] PackLoader:240 - Cannot read IP mode file for STMicroelectronics.X-CUBE-SAFEA1.1.2.2
2025-05-25 15:00:21,438 [WARN] PackLoader:240 - Cannot read IP mode file for STMicroelectronics.X-CUBE-NFC4.3.0.0
2025-05-25 15:00:21,466 [WARN] PackLoader:240 - Cannot read IP mode file for wolfSSL.I-CUBE-wolfMQTT.1.18.0
2025-05-25 15:00:21,526 [WARN] PackLoader:240 - Cannot read IP mode file for EmbeddedOffice.I-CUBE-FS-RTOS.1.0.1
2025-05-25 15:00:21,527 [ERROR] ConditionMgr:805 - Attr not supported : Dmpu
2025-05-25 15:00:21,527 [ERROR] ConditionMgr:805 - Attr not supported : Dmpu
2025-05-25 15:00:21,527 [ERROR] ConditionMgr:805 - Attr not supported : Dmpu
2025-05-25 15:00:21,527 [ERROR] ConditionMgr:805 - Attr not supported : Dmpu
2025-05-25 15:00:21,527 [ERROR] ConditionMgr:805 - Attr not supported : Dmpu
2025-05-25 15:00:21,527 [ERROR] ConditionMgr:805 - Attr not supported : Dmpu
2025-05-25 15:00:21,527 [ERROR] ConditionMgr:805 - Attr not supported : Dmpu
2025-05-25 15:00:21,527 [ERROR] ConditionMgr:805 - Attr not supported : Dmpu
2025-05-25 15:00:21,528 [ERROR] ConditionMgr:805 - Attr not supported : Dmpu
2025-05-25 15:00:21,528 [ERROR] ConditionMgr:805 - Attr not supported : Dmpu
2025-05-25 15:00:21,528 [ERROR] ConditionMgr:805 - Attr not supported : Dmpu
2025-05-25 15:00:21,528 [ERROR] ConditionMgr:805 - Attr not supported : Dmpu
2025-05-25 15:00:21,528 [ERROR] ConditionMgr:805 - Attr not supported : Dmpu
2025-05-25 15:00:21,528 [ERROR] ConditionMgr:805 - Attr not supported : Dmpu
2025-05-25 15:00:21,528 [ERROR] ConditionMgr:805 - Attr not supported : Dmpu
2025-05-25 15:00:21,528 [ERROR] ConditionMgr:805 - Attr not supported : Dmpu
2025-05-25 15:00:21,528 [ERROR] ConditionMgr:805 - Attr not supported : Dmpu
2025-05-25 15:00:21,528 [ERROR] ConditionMgr:805 - Attr not supported : Dmpu
2025-05-25 15:00:21,528 [ERROR] ConditionMgr:805 - Attr not supported : Dmpu
2025-05-25 15:00:21,528 [ERROR] ConditionMgr:805 - Attr not supported : Dmpu
2025-05-25 15:00:21,528 [ERROR] ConditionMgr:805 - Attr not supported : Dmpu
2025-05-25 15:00:21,528 [ERROR] ConditionMgr:805 - Attr not supported : Dmpu
2025-05-25 15:00:21,529 [ERROR] ConditionMgr:805 - Attr not supported : Dmpu
2025-05-25 15:00:21,529 [ERROR] ConditionMgr:805 - Attr not supported : Dmpu
2025-05-25 15:00:21,529 [ERROR] ConditionMgr:805 - Attr not supported : Dmpu
2025-05-25 15:00:21,529 [ERROR] ConditionMgr:805 - Attr not supported : Dmpu
2025-05-25 15:00:21,529 [ERROR] ConditionMgr:805 - Attr not supported : Dmpu
2025-05-25 15:00:21,529 [ERROR] ConditionMgr:805 - Attr not supported : Dmpu
2025-05-25 15:00:21,529 [ERROR] ConditionMgr:805 - Attr not supported : Dmpu
2025-05-25 15:00:21,529 [ERROR] ConditionMgr:805 - Attr not supported : Dmpu
2025-05-25 15:00:21,529 [ERROR] ConditionMgr:805 - Attr not supported : Dmpu
2025-05-25 15:00:21,529 [ERROR] ConditionMgr:805 - Attr not supported : Dmpu
2025-05-25 15:00:21,529 [ERROR] ConditionMgr:805 - Attr not supported : Dmpu
2025-05-25 15:00:21,529 [ERROR] ConditionMgr:805 - Attr not supported : Dmpu
2025-05-25 15:00:21,529 [ERROR] ConditionMgr:805 - Attr not supported : Dmpu
2025-05-25 15:00:21,529 [ERROR] ConditionMgr:805 - Attr not supported : Dmpu
2025-05-25 15:00:21,529 [ERROR] ConditionMgr:805 - Attr not supported : Dmpu
2025-05-25 15:00:21,530 [ERROR] ConditionMgr:805 - Attr not supported : Dmpu
2025-05-25 15:00:21,530 [ERROR] ConditionMgr:805 - Attr not supported : Dmpu
2025-05-25 15:00:21,530 [ERROR] ConditionMgr:805 - Attr not supported : Dmpu
2025-05-25 15:00:21,530 [ERROR] ConditionMgr:805 - Attr not supported : Dmpu
2025-05-25 15:00:21,530 [ERROR] ConditionMgr:805 - Attr not supported : Dmpu
2025-05-25 15:00:21,530 [ERROR] ConditionMgr:805 - Attr not supported : Dmpu
2025-05-25 15:00:21,530 [ERROR] ConditionMgr:805 - Attr not supported : Dmpu
2025-05-25 15:00:21,530 [ERROR] ConditionMgr:805 - Attr not supported : Dmpu
2025-05-25 15:00:21,530 [ERROR] ConditionMgr:805 - Attr not supported : Dmpu
2025-05-25 15:00:21,530 [ERROR] ConditionMgr:805 - Attr not supported : Dmpu
2025-05-25 15:00:21,530 [ERROR] ConditionMgr:805 - Attr not supported : Dmpu
2025-05-25 15:00:21,530 [ERROR] ConditionMgr:805 - Attr not supported : Dmpu
2025-05-25 15:00:21,530 [ERROR] ConditionMgr:805 - Attr not supported : Dmpu
2025-05-25 15:00:21,530 [ERROR] ConditionMgr:805 - Attr not supported : Dmpu
2025-05-25 15:00:21,531 [ERROR] ConditionMgr:805 - Attr not supported : Dmpu
2025-05-25 15:00:21,531 [ERROR] ConditionMgr:805 - Attr not supported : Dmpu
2025-05-25 15:00:21,531 [ERROR] ConditionMgr:805 - Attr not supported : Dmpu
2025-05-25 15:00:21,531 [ERROR] ConditionMgr:805 - Attr not supported : Dmpu
2025-05-25 15:00:21,531 [ERROR] ConditionMgr:805 - Attr not supported : Dmpu
2025-05-25 15:00:21,531 [ERROR] ConditionMgr:805 - Attr not supported : Dmpu
2025-05-25 15:00:21,531 [ERROR] ConditionMgr:805 - Attr not supported : Dmpu
2025-05-25 15:00:21,531 [ERROR] ConditionMgr:805 - Attr not supported : Dmpu
2025-05-25 15:00:21,531 [ERROR] ConditionMgr:805 - Attr not supported : Dmpu
2025-05-25 15:00:21,531 [ERROR] ConditionMgr:805 - Attr not supported : Dmpu
2025-05-25 15:00:21,531 [ERROR] ConditionMgr:805 - Attr not supported : Dmpu
2025-05-25 15:00:21,531 [ERROR] ConditionMgr:805 - Attr not supported : Dmpu
2025-05-25 15:00:21,531 [ERROR] ConditionMgr:805 - Attr not supported : Dmpu
2025-05-25 15:00:21,590 [WARN] PackLoader:240 - Cannot read IP mode file for STMicroelectronics.X-CUBE-WB05N.2.0.0
2025-05-25 15:00:21,607 [ERROR] Engine:466 - C:\Users\shoot\.stm32cubemx\thirdparties\pdsc\STMicroelectronics.X-CUBE-TCPP.4.2.0.pdsc: PDSC version is not supported
2025-05-25 15:00:21,629 [WARN] PackLoader:240 - Cannot read IP mode file for RealThread.X-CUBE-RT-Thread_Nano.4.1.1
2025-05-25 15:00:21,647 [WARN] PackLoader:240 - Cannot read IP mode file for wolfSSL.I-CUBE-wolfSSL.5.7.0
2025-05-25 15:00:21,652 [WARN] PackLoader:240 - Cannot read IP mode file for STMicroelectronics.FP-ATR-SIGFOX1.3.2.0
2025-05-25 15:00:21,659 [WARN] ConditionMgr:438 - getConditionDescription Invalid condition id : Cortex-A Device cause : null
2025-05-25 15:00:21,690 [WARN] ConditionMgr:1039 - genDependencies : Invalid condition id : Cortex-A Device cause : null
2025-05-25 15:00:21,690 [WARN] ConditionMgr:1039 - genDependencies : Invalid condition id : Cortex-A Device cause : null
2025-05-25 15:00:21,690 [WARN] ConditionMgr:1039 - genDependencies : Invalid condition id : Cortex-A Device cause : null
2025-05-25 15:00:21,710 [WARN] PackLoader:240 - Cannot read IP mode file for STMicroelectronics.X-CUBE-EEPRMA1.5.1.0
2025-05-25 15:00:21,735 [WARN] PackLoader:240 - Cannot read IP mode file for ITTIA_DB.I-CUBE-ITTIADB.8.9.0
2025-05-25 15:00:21,789 [WARN] PackLoader:240 - Cannot read IP mode file for SEGGER.I-CUBE-embOS.1.3.1
2025-05-25 15:00:21,844 [WARN] PackLoader:240 - Cannot read IP mode file for STMicroelectronics.X-CUBE-ALGOBUILD.1.4.0
2025-05-25 15:00:21,866 [WARN] PackLoader:240 - Cannot read IP mode file for STMicroelectronics.X-CUBE-AI.9.1.0
2025-05-25 15:00:21,888 [WARN] PackLoader:240 - Cannot read IP mode file for STMicroelectronics.X-CUBE-GNSS1.6.0.0
2025-05-25 15:00:21,944 [WARN] PackLoader:240 - Cannot read IP mode file for STMicroelectronics.X-CUBE-AZRTOS-F4.1.1.0
2025-05-25 15:00:21,967 [ERROR] Engine:466 - C:\Users\shoot\.stm32cubemx\thirdparties\pdsc\Avnet-IotConnect.X-CUBE-IoTC-DA16k-PMOD.1.0.0.pdsc: PDSC version is not supported
2025-05-25 15:00:21,990 [WARN] PackLoader:240 - Cannot read IP mode file for STMicroelectronics.X-CUBE-ISPU.2.1.0
2025-05-25 15:00:22,012 [WARN] PackLoader:240 - Cannot read IP mode file for STMicroelectronics.X-CUBE-FREERTOS.1.2.0
2025-05-25 15:00:22,075 [WARN] PackLoader:240 - Cannot read IP mode file for STMicroelectronics.X-CUBE-AZRTOS-L5.2.0.0
2025-05-25 15:00:22,116 [WARN] PackLoader:240 - Cannot read IP mode file for STMicroelectronics.X-CUBE-NFC6.3.1.0
2025-05-25 15:00:22,152 [WARN] PackLoader:240 - Cannot read IP mode file for STMicroelectronics.X-CUBE-DPower.1.2.0
2025-05-25 15:00:22,184 [WARN] PackLoader:240 - Cannot read IP mode file for STMicroelectronics.X-CUBE-AI.9.0.0
2025-05-25 15:00:22,193 [WARN] PackLoader:240 - Cannot read IP mode file for STMicroelectronics.X-CUBE-FREERTOS.1.3.1
2025-05-25 15:00:22,222 [WARN] PackLoader:240 - Cannot read IP mode file for STMicroelectronics.X-CUBE-FREERTOS.1.3.0
2025-05-25 15:00:22,255 [WARN] PackLoader:240 - Cannot read IP mode file for STMicroelectronics.X-CUBE-NFC7.1.0.1
2025-05-25 15:00:22,264 [WARN] PackLoader:240 - Cannot read IP mode file for wolfSSL.I-CUBE-wolfTPM.3.2.0
2025-05-25 15:00:22,288 [WARN] PackLoader:240 - Cannot read IP mode file for STMicroelectronics.X-CUBE-DPower.1.3.0
2025-05-25 15:00:22,346 [WARN] ConditionMgr:438 - getConditionDescription Invalid condition id : LAN8742 Phy interface Condition cause : null
2025-05-25 15:00:22,346 [WARN] PackLoader:240 - Cannot read IP mode file for STMicroelectronics.X-CUBE-AZRTOS-L4.2.0.0
2025-05-25 15:00:22,347 [WARN] ConditionMgr:1039 - genDependencies : Invalid condition id : LAN8742 Phy interface Condition cause : null
2025-05-25 15:00:22,348 [WARN] ConditionMgr:1039 - genDependencies : Invalid condition id : LAN8742 Phy interface Condition cause : null
2025-05-25 15:00:22,349 [WARN] ConditionMgr:1039 - genDependencies : Invalid condition id : LAN8742 Phy interface Condition cause : null
2025-05-25 15:00:22,379 [WARN] PackLoader:240 - Cannot read IP mode file for STMicroelectronics.X-CUBE-SFXS2LP1.4.0.0
2025-05-25 15:00:22,429 [WARN] PackLoader:240 - Cannot read IP mode file for STMicroelectronics.X-CUBE-AZRTOS-H7.3.3.0
2025-05-25 15:00:22,464 [WARN] PackLoader:240 - Cannot read IP mode file for STMicroelectronics.X-CUBE-IPS.3.0.0
2025-05-25 15:00:22,488 [INFO] WebApp:161 - Instantiating new browser for Auth
2025-05-25 15:00:22,506 [WARN] ConditionMgr:438 - getConditionDescription Invalid condition id : UX DEVICE CLASS RTOS Condition cause : null
2025-05-25 15:00:22,507 [WARN] ConditionMgr:438 - getConditionDescription Invalid condition id : UX DEVICE CLASS RTOS Condition cause : null
2025-05-25 15:00:22,512 [WARN] PackLoader:240 - Cannot read IP mode file for STMicroelectronics.X-CUBE-AZRTOS-WB.2.0.0
2025-05-25 15:00:22,513 [WARN] ConditionMgr:1039 - genDependencies : Invalid condition id : UX DEVICE CLASS RTOS Condition cause : null
2025-05-25 15:00:22,513 [WARN] ConditionMgr:1039 - genDependencies : Invalid condition id : UX DEVICE CLASS RTOS Condition cause : null
2025-05-25 15:00:22,514 [WARN] ConditionMgr:1039 - genDependencies : Invalid condition id : UX DEVICE CLASS RTOS Condition cause : null
2025-05-25 15:00:22,515 [WARN] ConditionMgr:1039 - genDependencies : Invalid condition id : UX DEVICE CLASS RTOS Condition cause : null
2025-05-25 15:00:22,515 [WARN] ConditionMgr:1039 - genDependencies : Invalid condition id : UX DEVICE CLASS RTOS Condition cause : null
2025-05-25 15:00:22,548 [WARN] PackLoader:240 - Cannot read IP mode file for STMicroelectronics.X-CUBE-GNSS1.7.0.0
2025-05-25 15:00:22,583 [WARN] PackLoader:240 - Cannot read IP mode file for STMicroelectronics.X-CUBE-GNSS1.7.0.1
2025-05-25 15:00:22,614 [WARN] PackLoader:240 - Cannot read IP mode file for STMicroelectronics.X-CUBE-TOUCHGFX.4.25.0
2025-05-25 15:00:22,637 [WARN] PackLoader:240 - Cannot read IP mode file for STMicroelectronics.FP-SNS-STBOX1.2.0.0
2025-05-25 15:00:22,667 [WARN] PackLoader:240 - Cannot read IP mode file for STMicroelectronics.X-CUBE-SUBG2.5.0.0
2025-05-25 15:00:22,712 [WARN] PackLoader:240 - Cannot read IP mode file for STMicroelectronics.X-CUBE-AZRTOS-H7RS.1.1.0
2025-05-25 15:00:22,720 [WARN] PackLoader:240 - Cannot read IP mode file for Cesanta.I-CUBE-Mongoose.7.13.0
2025-05-25 15:00:22,757 [WARN] PackLoader:240 - Cannot read IP mode file for STMicroelectronics.X-CUBE-AZRTOS-G4.2.0.0
2025-05-25 15:00:22,784 [WARN] PackLoader:240 - Cannot read IP mode file for STMicroelectronics.X-CUBE-NFC7.2.0.0
2025-05-25 15:00:22,807 [WARN] PackLoader:240 - Cannot read IP mode file for STMicroelectronics.X-CUBE-ISPU.2.0.0
2025-05-25 15:00:22,828 [ERROR] Engine:466 - C:\Users\shoot\.stm32cubemx\thirdparties\pdsc\STMicroelectronics.X-CUBE-IPS.3.1.0.pdsc: PDSC version is not supported
2025-05-25 15:00:22,855 [WARN] PackLoader:240 - Cannot read IP mode file for STMicroelectronics.X-CUBE-ALS.1.0.2
2025-05-25 15:00:22,919 [WARN] PackLoader:240 - Cannot read IP mode file for STMicroelectronics.X-CUBE-MEMS1.10.0.0
2025-05-25 15:00:23,037 [WARN] PackLoader:240 - Cannot read IP mode file for STMicroelectronics.X-CUBE-TOUCHGFX.4.24.0
2025-05-25 15:00:23,053 [WARN] PackLoader:240 - Cannot read IP mode file for STMicroelectronics.X-CUBE-TOUCHGFX.4.24.2
2025-05-25 15:00:23,069 [WARN] PackLoader:240 - Cannot read IP mode file for STMicroelectronics.X-CUBE-TOUCHGFX.4.24.1
2025-05-25 15:00:23,087 [WARN] PackLoader:240 - Cannot read IP mode file for portGmbH.I-Cube-SoM-uGOAL.1.1.0
2025-05-25 15:00:23,106 [WARN] PackLoader:240 - Cannot read IP mode file for STMicroelectronics.X-CUBE-ALS.1.0.1
2025-05-25 15:00:23,140 [WARN] PackLoader:240 - Cannot read IP mode file for STMicroelectronics.X-CUBE-AZRTOS-H7RS.1.0.0
2025-05-25 15:00:23,157 [WARN] PackLoader:240 - Cannot read IP mode file for STMicroelectronics.FP-ATR-ASTRA1.2.0.0
2025-05-25 15:00:23,191 [WARN] PackLoader:240 - Cannot read IP mode file for STMicroelectronics.X-CUBE-TOF1.3.4.2
2025-05-25 15:00:23,230 [ERROR] Engine:466 - C:\Users\shoot\.stm32cubemx\thirdparties\pdsc\STMicroelectronics.X-CUBE-TOF1.3.4.3.pdsc: PDSC version is not supported
2025-05-25 15:00:23,263 [WARN] PackLoader:240 - Cannot read IP mode file for STMicroelectronics.X-CUBE-TOF1.3.4.1
2025-05-25 15:00:23,321 [WARN] PackLoader:240 - Cannot read IP mode file for STMicroelectronics.X-CUBE-AZRTOS-H7.3.2.0
2025-05-25 15:00:23,370 [WARN] PackLoader:240 - Cannot read IP mode file for Infineon.AIROC-Wi-Fi-Bluetooth-STM32.1.6.0
2025-05-25 15:00:23,386 [WARN] PackLoader:240 - Cannot read IP mode file for wolfSSL.I-CUBE-wolfSSH.1.4.17
2025-05-25 15:00:23,387 [INFO] ThirdParty:978 - Integrity check success = true
2025-05-25 15:00:23,387 [INFO] IntegrityCheckThread:100 - exiting critical section [integrity check]
2025-05-25 15:00:23,387 [INFO] IntegrityCheckThread:103 - End integrity checks thread
2025-05-25 15:00:23,387 [INFO] ThirdParty:873 - entering critical section [close project]
2025-05-25 15:00:23,388 [INFO] ThirdParty:883 - exiting critical section [close project]
2025-05-25 15:00:23,391 [INFO] PinOutPanel:1561 - setPackage(No Configuration,No Configuration)
2025-05-25 15:00:23,395 [INFO] UtilMem:75 - Begin LoadConfig() Used Memory: 570663512 Bytes (696254464)
2025-05-25 15:00:23,411 [INFO] MicroXplorer:468 - Change Database Path : C:/Users/shoot/.stm32cubemx/databases/DB.6.0.110/db/
2025-05-25 15:00:23,411 [INFO] MicroXplorer:498 - Change Database Version : DB.6.0.110
2025-05-25 15:00:23,677 [INFO] WebApp:779 - Register for checkConnection events
2025-05-25 15:00:23,677 [INFO] WebApp:414 - Apply proxy settings
2025-05-25 15:00:23,677 [INFO] WebApp:499 - Chromium requires no authentication
2025-05-25 15:00:23,689 [INFO] WebApp:442 - Direct internet connection detected
2025-05-25 15:00:23,922 [INFO] WebApp:192 - Starting web application
2025-05-25 15:00:23,922 [INFO] WebApp:544 - Web application path used C:\ST\STM32CubeIDE_1.15.1\STM32CubeIDE\plugins\com.st.stm32cube.common.mx_6.11.1.202404110753\db\plugins\mcufinder\reactClient1\index.html
2025-05-25 15:00:24,858 [INFO] OpenFileManager:312 - Change cursor
2025-05-25 15:00:24,937 [INFO] Mcu:2021 - Initializing MCU STM32F767VITx STM32F767VITx STM32F767VIT7
2025-05-25 15:00:28,388 [INFO] Context:663 - Trying to add GPIOservice into a context  which must be forbidden
2025-05-25 15:00:29,436 [INFO] RtosManager:555 - Registered RTOS mode: class=CMSIS, group=RTOS, mode=CMSIS_V1, owner=FREERTOS
2025-05-25 15:00:29,436 [INFO] RtosManager:555 - Registered RTOS mode: class=CMSIS, group=RTOS2, mode=CMSIS_V2, owner=FREERTOS
2025-05-25 15:00:29,436 [INFO] RtosManager:555 - Registered RTOS mode: class=RTOS, group=Core, mode=CMSIS_V1, owner=FREERTOS
2025-05-25 15:00:29,436 [INFO] RtosManager:555 - Registered RTOS mode: class=RTOS, group=Core, mode=CMSIS_V2, owner=FREERTOS
2025-05-25 15:00:29,437 [WARN] ModelIntegratedComponent:184 - Missing modes for component STMicroelectronics:FreeRTOS:0.0.1:STMicroelectronics:RTOS:FreeRTOS:Core:::10.2.0:
2025-05-25 15:00:29,442 [WARN] ModelIntegratedComponent:63 - No mode defined for component null
2025-05-25 15:00:29,443 [WARN] ModelIntegratedComponent:63 - No mode defined for component null
2025-05-25 15:00:29,443 [WARN] ModelIntegratedComponent:63 - No mode defined for component null
2025-05-25 15:00:29,443 [WARN] ModelIntegratedComponent:63 - No mode defined for component null
2025-05-25 15:00:29,443 [WARN] ModelIntegratedComponent:63 - No mode defined for component null
2025-05-25 15:00:29,443 [WARN] ModelIntegratedComponent:63 - No mode defined for component null
2025-05-25 15:00:29,443 [WARN] ModelIntegratedComponent:63 - No mode defined for component null
2025-05-25 15:00:29,443 [WARN] ModelIntegratedComponent:63 - No mode defined for component null
2025-05-25 15:00:29,443 [WARN] ModelIntegratedComponent:63 - No mode defined for component null
2025-05-25 15:00:29,443 [WARN] ModelIntegratedComponent:63 - No mode defined for component null
2025-05-25 15:00:29,443 [WARN] ModelIntegratedComponent:63 - No mode defined for component null
2025-05-25 15:00:29,443 [WARN] ModelIntegratedComponent:63 - No mode defined for component null
2025-05-25 15:00:29,443 [WARN] ModelIntegratedComponent:63 - No mode defined for component null
2025-05-25 15:00:29,443 [WARN] ModelIntegratedComponent:63 - No mode defined for component null
2025-05-25 15:00:29,443 [WARN] ModelIntegratedComponent:63 - No mode defined for component null
2025-05-25 15:00:29,443 [WARN] ModelIntegratedComponent:63 - No mode defined for component null
2025-05-25 15:00:29,444 [WARN] ModelIntegratedComponent:63 - No mode defined for component null
2025-05-25 15:00:29,444 [WARN] ModelIntegratedComponent:63 - No mode defined for component null
2025-05-25 15:00:29,444 [WARN] ModelIntegratedComponent:63 - No mode defined for component null
2025-05-25 15:00:29,444 [WARN] ModelIntegratedComponent:63 - No mode defined for component null
2025-05-25 15:00:29,444 [WARN] ModelIntegratedComponent:63 - No mode defined for component null
2025-05-25 15:00:29,444 [WARN] ModelIntegratedComponent:63 - No mode defined for component null
2025-05-25 15:00:29,444 [WARN] ModelIntegratedComponent:63 - No mode defined for component null
2025-05-25 15:00:29,444 [WARN] ModelIntegratedComponent:63 - No mode defined for component null
2025-05-25 15:00:29,444 [WARN] ModelIntegratedComponent:63 - No mode defined for component null
2025-05-25 15:00:29,444 [WARN] ModelIntegratedComponent:63 - No mode defined for component null
2025-05-25 15:00:29,444 [WARN] ModelIntegratedComponent:63 - No mode defined for component null
2025-05-25 15:00:29,444 [WARN] ModelIntegratedComponent:63 - No mode defined for component null
2025-05-25 15:00:29,444 [WARN] ModelIntegratedComponent:63 - No mode defined for component null
2025-05-25 15:00:29,444 [WARN] ModelIntegratedComponent:63 - No mode defined for component null
2025-05-25 15:00:29,444 [WARN] ModelIntegratedComponent:63 - No mode defined for component null
2025-05-25 15:00:29,444 [WARN] ModelIntegratedComponent:63 - No mode defined for component null
2025-05-25 15:00:29,445 [WARN] ModelIntegratedComponent:63 - No mode defined for component null
2025-05-25 15:00:29,445 [WARN] ModelIntegratedComponent:63 - No mode defined for component null
2025-05-25 15:00:29,724 [INFO] ThirdPartyModel:298 - Start build external matchings
2025-05-25 15:00:31,188 [INFO] ThirdPartyModel:316 - End build external matchings
2025-05-25 15:00:31,231 [INFO] ImportTextPane:194 - (OptionalMessage_ERROR) IP (DMA) : Parameter (Instance) has Id (ADC1) currently not set
2025-05-25 15:00:31,232 [INFO] ImportTextPane:194 - (OptionalMessage_ERROR) IP (DMA) : Parameter (Channel) has Id (ADC1) currently not set
2025-05-25 15:00:31,232 [INFO] ImportTextPane:194 - (OptionalMessage_ERROR) IP (DMA) : Parameter (Direction) has Id (ADC1) currently not set
2025-05-25 15:00:31,232 [INFO] ImportTextPane:194 - (OptionalMessage_ERROR) IP (DMA) : Parameter (PeriphInc) has Id (ADC1) currently not set
2025-05-25 15:00:31,232 [INFO] ImportTextPane:194 - (OptionalMessage_ERROR) IP (DMA) : Parameter (MemInc) has Id (ADC1) currently not set
2025-05-25 15:00:31,232 [INFO] ImportTextPane:194 - (OptionalMessage_ERROR) IP (DMA) : Parameter (PeriphDataAlignment) has Id (ADC1) currently not set
2025-05-25 15:00:31,233 [INFO] ImportTextPane:194 - (OptionalMessage_ERROR) IP (DMA) : Parameter (MemDataAlignment) has Id (ADC1) currently not set
2025-05-25 15:00:31,233 [INFO] ImportTextPane:194 - (OptionalMessage_ERROR) IP (DMA) : Parameter (Mode) has Id (ADC1) currently not set
2025-05-25 15:00:31,233 [INFO] ImportTextPane:194 - (OptionalMessage_ERROR) IP (DMA) : Parameter (Priority) has Id (ADC1) currently not set
2025-05-25 15:00:31,233 [INFO] ImportTextPane:194 - (OptionalMessage_ERROR) IP (DMA) : Parameter (FIFOMode) has Id (ADC1) currently not set
2025-05-25 15:00:31,233 [INFO] ImportTextPane:194 - (OptionalMessage_ERROR) IP (DMA) : Parameter (Instance) has Id (ADC2) currently not set
2025-05-25 15:00:31,233 [INFO] ImportTextPane:194 - (OptionalMessage_ERROR) IP (DMA) : Parameter (Channel) has Id (ADC2) currently not set
2025-05-25 15:00:31,233 [INFO] ImportTextPane:194 - (OptionalMessage_ERROR) IP (DMA) : Parameter (Direction) has Id (ADC2) currently not set
2025-05-25 15:00:31,233 [INFO] ImportTextPane:194 - (OptionalMessage_ERROR) IP (DMA) : Parameter (PeriphInc) has Id (ADC2) currently not set
2025-05-25 15:00:31,233 [INFO] ImportTextPane:194 - (OptionalMessage_ERROR) IP (DMA) : Parameter (MemInc) has Id (ADC2) currently not set
2025-05-25 15:00:31,233 [INFO] ImportTextPane:194 - (OptionalMessage_ERROR) IP (DMA) : Parameter (PeriphDataAlignment) has Id (ADC2) currently not set
2025-05-25 15:00:31,234 [INFO] ImportTextPane:194 - (OptionalMessage_ERROR) IP (DMA) : Parameter (MemDataAlignment) has Id (ADC2) currently not set
2025-05-25 15:00:31,234 [INFO] ImportTextPane:194 - (OptionalMessage_ERROR) IP (DMA) : Parameter (Mode) has Id (ADC2) currently not set
2025-05-25 15:00:31,234 [INFO] ImportTextPane:194 - (OptionalMessage_ERROR) IP (DMA) : Parameter (Priority) has Id (ADC2) currently not set
2025-05-25 15:00:31,234 [INFO] ImportTextPane:194 - (OptionalMessage_ERROR) IP (DMA) : Parameter (FIFOMode) has Id (ADC2) currently not set
2025-05-25 15:00:31,236 [INFO] ImportTextPane:194 - (OptionalMessage_ERROR) IP (RCC) : Invalid parameter (FamilyName)
2025-05-25 15:00:31,238 [INFO] ImportTextPane:194 - (OptionalMessage_ERROR) IP (RCC) : Parameter (RNGFreq_Value) has invalid value (200000000)
2025-05-25 15:00:31,238 [INFO] ImportTextPane:194 - (OptionalMessage_ERROR) IP (RCC) : Parameter (SDMMC2Freq_Value) has invalid value (200000000)
2025-05-25 15:00:31,239 [INFO] ImportTextPane:194 - (OptionalMessage_ERROR) IP (RCC) : Parameter (SDMMCFreq_Value) has invalid value (200000000)
2025-05-25 15:00:31,239 [INFO] ImportTextPane:194 - (OptionalMessage_ERROR) IP (RCC) : Parameter (USBFreq_Value) has invalid value (200000000)
2025-05-25 15:00:31,918 [INFO] ApiDb:581 - Connected to CubeFinder SQLite database (C:\Users\shoot\.stmcufinder\plugins\mcufinder\mcu\cube-finder-db.db)
2025-05-25 15:00:32,045 [INFO] ApiDb:668 - CubeFinder database Data Model version=2.1
2025-05-25 15:00:32,045 [INFO] ApiDb:669 - CubeFinder database Configuration version=3.0.39
2025-05-25 15:00:32,046 [INFO] ApiDb:670 - CubeFinder database generation date=2025-03-24 (1742811287)
2025-05-25 15:00:32,046 [INFO] ApiDb:671 - CubeFinder database FW Pack versions=[FP-ATR-ASTRA1_V2.0.0, FP-SNS-FLIGHT1_V5.0.2, FP-SNS-MOTENV1_V5.0.0, FP-SNS-MOTENVWB1_V1.4.0, FP-SNS-SMARTAG2_V1.2.0, FP-SNS-STBOX1_V2.0.0, STM32Cube_FW_C0_V1.4.0, STM32Cube_FW_F4_V1.28.1, STM32Cube_FW_F7_V1.17.2, STM32Cube_FW_G0_V1.6.2, STM32Cube_FW_G4_V1.6.1, STM32Cube_FW_H5_V1.5.0, STM32Cube_FW_H7RS_V1.2.0, STM32Cube_FW_H7_V1.12.1, STM32Cube_FW_L0_V1.12.2, STM32Cube_FW_L4_V1.18.1, STM32Cube_FW_L5_V1.5.1, STM32Cube_FW_N6_V1.1.0, STM32Cube_FW_U0_V1.2.0, STM32Cube_FW_U3_V1.1.0, STM32Cube_FW_U5_V1.7.0, STM32Cube_FW_WB0_V1.2.0, STM32Cube_FW_WBA_V1.6.0, STM32Cube_FW_WB_V1.22.0, STM32Cube_FW_WL3_V1.1.0, STM32Cube_FW_WL_V1.3.1, X-CUBE-ALGOBUILD_V1.4.0, X-CUBE-ALS_V1.0.2, X-CUBE-AZRTOS-F4_V1.1.0, X-CUBE-AZRTOS-F7_V1.1.0, X-CUBE-AZRTOS-G0_V1.1.0, X-CUBE-AZRTOS-G4_V2.0.0, X-CUBE-AZRTOS-H7RS_V1.0.0, X-CUBE-AZRTOS-H7_V3.3.0, X-CUBE-AZRTOS-L4_V2.0.0, X-CUBE-AZRTOS-L5_V2.0.0, X-CUBE-AZRTOS-WB_V2.0.0, X-CUBE-AZRTOS-WL_V2.0.0, X-CUBE-BLE1_V7.1.0, X-CUBE-BLE2_V3.3.0, X-CUBE-BLEMGR_V4.0.0, X-CUBE-EEPRMA1_V5.1.0, X-CUBE-FREERTOS_V1.3.0, X-CUBE-GNSS1_V6.0.0, X-CUBE-MEMS1_V11.1.0, X-CUBE-NFC4_V3.0.0, X-CUBE-NFC7_V1.0.1, X-CUBE-SFXS2LP1_V4.0.0, X-CUBE-SUBG2_V5.0.0, X-CUBE-TOF1_V3.4.2]
2025-05-25 15:00:32,194 [INFO] DbBoardsSqlite:226 - include board P-NUCLEO-WB55-NUCLEO as a kit item of type 'Nucleo-64'
2025-05-25 15:00:32,194 [INFO] DbBoardsSqlite:226 - include board P-NUCLEO-WB55-USBDONGLE as a kit item of type 'Nucleo USB Dongle'
2025-05-25 15:00:32,194 [INFO] DbBoardsSqlite:226 - include board STEVAL-IDP005V1 as a kit item of type 'Evaluation Board'
2025-05-25 15:00:32,194 [INFO] DbBoardsSqlite:226 - include board STEVAL-IDP005V2 as a kit item of type 'Evaluation Board'
2025-05-25 15:00:33,110 [INFO] ApiDb:240 - Found 483 in-development CPN: [B-G473E-ZEST1S, B-WB1M-WPAN1, B-WL5M-SUBG1, NUCLEO-C031C6, NUCLEO-H503RB, NUCLEO-H533RE, NUCLEO-H563ZI, NUCLEO-H7S3L8, NUCLEO-U031R8, NUCLEO-U083RC, NUCLEO-U545RE-Q, NUCLEO-U5A5ZJ-Q, NUCLEO-WBA52CG, NUCLEO-WBA55CG, STEVAL-PROTEUS1, STEVAL-SMARTAG2, STEVAL-STWINBX1, STM320518-EVAL, STM32C0116-DK, STM32C011D6Y3TR, STM32C011D6Y6TR, STM32C011F4P3, STM32C011F4P6, STM32C011F4U3, STM32C011F4U6TR, STM32C011F6P3, STM32C011F6P6, STM32C011F6U3, STM32C011F6U6TR, STM32C011J4M3, STM32C011J4M6, STM32C011J6M3, STM32C011J6M6, STM32C0316-DK, STM32C031C4T3, STM32C031C4T6, STM32C031C4U3, STM32C031C4U6, STM32C031C6T3, STM32C031C6T6, STM32C031C6U3, STM32C031C6U6, STM32C031F4P3, STM32C031F4P6, STM32C031F6P3, STM32C031F6P6, STM32C031G4U3, STM32C031G4U6, STM32C031G6U3, STM32C031G6U6, STM32C031K4T3, STM32C031K4T6, STM32C031K4U3, STM32C031K4U6, STM32C031K6T3, STM32C031K6T6, STM32C031K6U3, STM32C031K6U6, STM32G071K8TXN, STM32G071K8UXN, STM32G081GBU6N, STM32G081KBT6N, STM32G081KBUXN, STM32G0B1CCT6N, STM32G0B1KCT6, STM32G0B1NEY6TR, STM32G0B1RCT6N, STM32G0C1CCT6, STM32G0C1CCT6N, STM32G0C1CCU6N, STM32G0C1CET6N, STM32G0C1CEU6N, STM32G0C1KCT6, STM32G0C1NEY6TR, STM32G0C1RCI6N, STM32G0C1RCT6N, STM32G0C1REI6N, STM32G0C1RET6N, STM32G0C1VCI6, STM32G0C1VEI6, STM32G471CCT6, STM32G471CCU6, STM32G471CET3, STM32G471CET6, STM32G471CEU3, STM32G471CEU6, STM32G471MCT6, STM32G471MET3, STM32G471MET6, STM32G471MEY6TR, STM32G471QCT6, STM32G471QET3, STM32G471RCT6, STM32G471RET3, STM32G471RET6, STM32G471VCH6, STM32G471VCI6, STM32G471VCT6, STM32G471VEH3, STM32G471VEH6, STM32G471VEI3, STM32G471VEI6, STM32G471VET3, STM32G471VET6, STM32G474CCT6, STM32H503CBT6, STM32H503CBU6, STM32H503EBY6TR, STM32H503KBU6, STM32H503RBT6, STM32H523CCT6, STM32H523CCU6, STM32H523CET6, STM32H523CEU6, STM32H523HEY6TR, STM32H523RCT6, STM32H523RET6, STM32H523VCI6, STM32H523VCT6, STM32H523VEI6, STM32H523VET6, STM32H523ZCJ6, STM32H523ZCT6, STM32H523ZEJ6, STM32H523ZET6, STM32H533CET6, STM32H533CEU6, STM32H533HEY6TR, STM32H533RET6, STM32H533VEI6, STM32H533VET6, STM32H533ZEJ6, STM32H533ZET6, STM32H562AGI6, STM32H562AII6, STM32H562IGK6, STM32H562IGT6, STM32H562IIK6, STM32H562IIT6, STM32H562RGT6, STM32H562RGV6, STM32H562RIT6, STM32H562RIV6, STM32H562VGT6, STM32H562VIT6, STM32H562ZGT6, STM32H562ZIT6, STM32H563AGI6, STM32H563AII3Q, STM32H563AII6, STM32H563IGK6, STM32H563IGT6, STM32H563IIK3Q, STM32H563IIK6, STM32H563IIT3Q, STM32H563IIT6, STM32H563MIY3QTR, STM32H563RGT6, STM32H563RGV6, STM32H563RIT6, STM32H563RIV6, STM32H563VGT6, STM32H563VIT3Q, STM32H563VIT6, STM32H563ZGT6, STM32H563ZIT3Q, STM32H563ZIT6, STM32H573AII3Q, STM32H573AII6, STM32H573I-DK, STM32H573IIK3Q, STM32H573IIK6, STM32H573IIT3Q, STM32H573IIT6, STM32H573MIY3QTR, STM32H573RIT6, STM32H573RIV6, STM32H573VIT3Q, STM32H573VIT6, STM32H573ZIT3Q, STM32H573ZIT6, STM32H7R3A8I6, STM32H7R3I8K6, STM32H7R3I8T6, STM32H7R3L8H6, STM32H7R3L8H6H, STM32H7R3R8V6, STM32H7R3V8H6, STM32H7R3V8T6, STM32H7R3V8Y6, STM32H7R3Z8J6, STM32H7R3Z8T6, STM32H7R7A8I6, STM32H7R7I8K6, STM32H7R7I8T6, STM32H7R7L8H6, STM32H7R7L8H6H, STM32H7R7Z8J6, STM32H7S3A8I6, STM32H7S3I8K6, STM32H7S3I8T6, STM32H7S3L8H6, STM32H7S3L8H6H, STM32H7S3R8V6, STM32H7S3V8H6, STM32H7S3V8T6, STM32H7S3V8Y6, STM32H7S3Z8J6, STM32H7S3Z8T6, STM32H7S78-DK, STM32H7S7A8I6, STM32H7S7I8K6, STM32H7S7I8T6, STM32H7S7L8H6, STM32H7S7L8H6H, STM32H7S7Z8J6, STM32L4R5QGI6STR, STM32MP131AAE3, STM32MP131AAF3, STM32MP131AAG3, STM32MP131CAE3, STM32MP131CAF3, STM32MP131CAG3, STM32MP131DAE7, STM32MP131DAF7, STM32MP131DAG7, STM32MP131FAE7, STM32MP131FAF7, STM32MP131FAG7, STM32MP133AAE3, STM32MP133AAF3, STM32MP133AAG3, STM32MP133CAE3, STM32MP133CAF3, STM32MP133CAG3, STM32MP133DAE7, STM32MP133DAF7, STM32MP133DAG7, STM32MP133FAE7, STM32MP133FAF7, STM32MP133FAG7, STM32MP135AAE3, STM32MP135AAF3, STM32MP135AAG3, STM32MP135CAE3, STM32MP135CAF3, STM32MP135CAG3, STM32MP135DAE7, STM32MP135DAF7, STM32MP135DAG7, STM32MP135F-DK, STM32MP135FAE7, STM32MP135FAF7, STM32MP135FAF7T, STM32MP135FAF7U, STM32MP135FAG7, STM32U031C6T6, STM32U031C6U6, STM32U031C8T6, STM32U031C8U6, STM32U031F4P6, STM32U031F6P6, STM32U031F8P6, STM32U031G6Y6TR, STM32U031G8Y6TR, STM32U031K4U6, STM32U031K6U6, STM32U031K8U6, STM32U031R6I6, STM32U031R6T6, STM32U031R8I6, STM32U031R8T6, STM32U073C8T6, STM32U073C8U6, STM32U073CBT6, STM32U073CBU6, STM32U073CCT6, STM32U073CCU6, STM32U073H8Y6TR, STM32U073HBY6TR, STM32U073HCY6TR, STM32U073K8U6, STM32U073KBU6, STM32U073KCU6, STM32U073M8I6, STM32U073M8T6, STM32U073MBI6, STM32U073MBT6, STM32U073MCI6, STM32U073MCT6, STM32U073R8I6, STM32U073R8T6, STM32U073RBI6, STM32U073RBT6, STM32U073RCI6, STM32U073RCT6, STM32U083C-DK, STM32U083CCT6, STM32U083CCU6, STM32U083HCY6TR, STM32U083KCU6, STM32U083MCI6, STM32U083MCT6, STM32U083RCI6, STM32U083RCT6, STM32U535CBT6, STM32U535CBT6Q, STM32U535CBU6, STM32U535CBU6Q, STM32U535CCT6, STM32U535CCT6Q, STM32U535CCU6, STM32U535CCU6Q, STM32U535CET6, STM32U535CET6Q, STM32U535CEU6, STM32U535CEU6Q, STM32U535JEY6QTR, STM32U535NCY6QTR, STM32U535NEY6QTR, STM32U535RBI6, STM32U535RBI6Q, STM32U535RBT6, STM32U535RBT6Q, STM32U535RCI6, STM32U535RCI6Q, STM32U535RCT6, STM32U535RCT6Q, STM32U535REI6, STM32U535REI6Q, STM32U535RET6, STM32U535RET6Q, STM32U535VCI6, STM32U535VCI6Q, STM32U535VCT6, STM32U535VCT6Q, STM32U535VEI6, STM32U535VEI6Q, STM32U535VET6, STM32U535VET6Q, STM32U545CET6, STM32U545CET6Q, STM32U545CEU6, STM32U545CEU6Q, STM32U545JEY6QTR, STM32U545NEY6QTR, STM32U545REI6, STM32U545REI6Q, STM32U545RET6, STM32U545RET6Q, STM32U545VEI6, STM32U545VEI6Q, STM32U545VET6, STM32U545VET6Q, STM32U595AIH6, STM32U595AIH6Q, STM32U595AJH6, STM32U595AJH6Q, STM32U595QII6, STM32U595QII6Q, STM32U595QJI6, STM32U595QJI6Q, STM32U595RIT6, STM32U595RIT6Q, STM32U595RJT6, STM32U595RJT6Q, STM32U595VIT6, STM32U595VIT6Q, STM32U595VJT6, STM32U595VJT6Q, STM32U595ZIT6, STM32U595ZIT6Q, STM32U595ZIY6QTR, STM32U595ZJT6, STM32U595ZJT6Q, STM32U595ZJY6QTR, STM32U599BJY6QTR, STM32U599NIH6Q, STM32U599NJH6Q, STM32U599VIT6Q, STM32U599VJT6, STM32U599VJT6Q, STM32U599ZIT6Q, STM32U599ZIY6QTR, STM32U599ZJT6Q, STM32U599ZJY6QTR, STM32U5A5AJH6, STM32U5A5AJH6Q, STM32U5A5QII3Q , STM32U5A5QJI6, STM32U5A5QJI6Q, STM32U5A5RJT6, STM32U5A5RJT6Q, STM32U5A5VJT6, STM32U5A5VJT6Q, STM32U5A5ZJT6, STM32U5A5ZJT6Q, STM32U5A5ZJY6QTR, STM32U5A9BJY6QTR, STM32U5A9J-DK, STM32U5A9NJH6Q, STM32U5A9VJT6Q, STM32U5A9ZJT6Q, STM32U5A9ZJY6QTR, STM32U5F7VIT6, STM32U5F7VIT6Q, STM32U5F7VJT6, STM32U5F7VJT6Q, STM32U5F9BJY6QTR, STM32U5F9NJH6Q, STM32U5F9VIT6Q, STM32U5F9VJT6Q, STM32U5F9ZIJ6QTR, STM32U5F9ZIT6Q, STM32U5F9ZJJ6QTR, STM32U5F9ZJT6Q, STM32U5G7VJT6, STM32U5G7VJT6Q, STM32U5G9BJY6QTR, STM32U5G9J-DK1, STM32U5G9J-DK2, STM32U5G9NJH6Q, STM32U5G9VJT6Q, STM32U5G9ZJJ6QTR, STM32U5G9ZJT6Q, STM32WB1MMCH6, STM32WBA50KEU6, STM32WBA50KEU6TR, STM32WBA50KGU6, STM32WBA50KGU6TR, STM32WBA52CEU6, STM32WBA52CEU6TR, STM32WBA52CEU7, STM32WBA52CEU7TR, STM32WBA52CGU6, STM32WBA52CGU6TR, STM32WBA52CGU6U, STM32WBA52CGU7, STM32WBA52CGU7TR, STM32WBA52KEU6, STM32WBA52KEU6TR, STM32WBA52KGU6, STM32WBA52KGU6TR, STM32WBA54CEU6, STM32WBA54CEU6TR, STM32WBA54CEU7, STM32WBA54CEU7TR, STM32WBA54CGU6, STM32WBA54CGU6TR, STM32WBA54CGU7, STM32WBA54CGU7TR, STM32WBA54KEU6, STM32WBA54KEU6TR, STM32WBA54KEU7, STM32WBA54KEU7TR, STM32WBA54KGU6, STM32WBA54KGU6TR, STM32WBA54KGU7, STM32WBA54KGU7TR, STM32WBA55CEU6, STM32WBA55CEU6TR, STM32WBA55CEU7, STM32WBA55CEU7TR, STM32WBA55CGU6, STM32WBA55CGU6TR, STM32WBA55CGU6U, STM32WBA55CGU7, STM32WBA55CGU7TR, STM32WBA55G-DK1, STM32WBA55HEF6, STM32WBA55HEF7, STM32WBA55HGF6, STM32WBA55HGF7, STM32WBA55UEI6, STM32WBA55UEI6TR, STM32WBA55UEI7, STM32WBA55UEI7TR, STM32WBA55UGI6, STM32WBA55UGI6TR, STM32WBA55UGI7, STM32WBA55UGI7TR, STM32WL5MOCH6, STM32WL5MOCH6TR]
2025-05-25 15:00:33,115 [INFO] ApiDb:668 - CubeFinder database Data Model version=2.1
2025-05-25 15:00:33,115 [INFO] ApiDb:669 - CubeFinder database Configuration version=3.0.39
2025-05-25 15:00:33,115 [INFO] ApiDb:670 - CubeFinder database generation date=2025-03-24 (1742811287)
2025-05-25 15:00:33,115 [INFO] ApiDb:671 - CubeFinder database FW Pack versions=[FP-ATR-ASTRA1_V2.0.0, FP-SNS-FLIGHT1_V5.0.2, FP-SNS-MOTENV1_V5.0.0, FP-SNS-MOTENVWB1_V1.4.0, FP-SNS-SMARTAG2_V1.2.0, FP-SNS-STBOX1_V2.0.0, STM32Cube_FW_C0_V1.4.0, STM32Cube_FW_F4_V1.28.1, STM32Cube_FW_F7_V1.17.2, STM32Cube_FW_G0_V1.6.2, STM32Cube_FW_G4_V1.6.1, STM32Cube_FW_H5_V1.5.0, STM32Cube_FW_H7RS_V1.2.0, STM32Cube_FW_H7_V1.12.1, STM32Cube_FW_L0_V1.12.2, STM32Cube_FW_L4_V1.18.1, STM32Cube_FW_L5_V1.5.1, STM32Cube_FW_N6_V1.1.0, STM32Cube_FW_U0_V1.2.0, STM32Cube_FW_U3_V1.1.0, STM32Cube_FW_U5_V1.7.0, STM32Cube_FW_WB0_V1.2.0, STM32Cube_FW_WBA_V1.6.0, STM32Cube_FW_WB_V1.22.0, STM32Cube_FW_WL3_V1.1.0, STM32Cube_FW_WL_V1.3.1, X-CUBE-ALGOBUILD_V1.4.0, X-CUBE-ALS_V1.0.2, X-CUBE-AZRTOS-F4_V1.1.0, X-CUBE-AZRTOS-F7_V1.1.0, X-CUBE-AZRTOS-G0_V1.1.0, X-CUBE-AZRTOS-G4_V2.0.0, X-CUBE-AZRTOS-H7RS_V1.0.0, X-CUBE-AZRTOS-H7_V3.3.0, X-CUBE-AZRTOS-L4_V2.0.0, X-CUBE-AZRTOS-L5_V2.0.0, X-CUBE-AZRTOS-WB_V2.0.0, X-CUBE-AZRTOS-WL_V2.0.0, X-CUBE-BLE1_V7.1.0, X-CUBE-BLE2_V3.3.0, X-CUBE-BLEMGR_V4.0.0, X-CUBE-EEPRMA1_V5.1.0, X-CUBE-FREERTOS_V1.3.0, X-CUBE-GNSS1_V6.0.0, X-CUBE-MEMS1_V11.1.0, X-CUBE-NFC4_V3.0.0, X-CUBE-NFC7_V1.0.1, X-CUBE-SFXS2LP1_V4.0.0, X-CUBE-SUBG2_V5.0.0, X-CUBE-TOF1_V3.4.2]
2025-05-25 15:00:35,363 [INFO] ApiDb:240 - Found 483 in-development CPN: [B-G473E-ZEST1S, B-WB1M-WPAN1, B-WL5M-SUBG1, NUCLEO-C031C6, NUCLEO-H503RB, NUCLEO-H533RE, NUCLEO-H563ZI, NUCLEO-H7S3L8, NUCLEO-U031R8, NUCLEO-U083RC, NUCLEO-U545RE-Q, NUCLEO-U5A5ZJ-Q, NUCLEO-WBA52CG, NUCLEO-WBA55CG, STEVAL-PROTEUS1, STEVAL-SMARTAG2, STEVAL-STWINBX1, STM320518-EVAL, STM32C0116-DK, STM32C011D6Y3TR, STM32C011D6Y6TR, STM32C011F4P3, STM32C011F4P6, STM32C011F4U3, STM32C011F4U6TR, STM32C011F6P3, STM32C011F6P6, STM32C011F6U3, STM32C011F6U6TR, STM32C011J4M3, STM32C011J4M6, STM32C011J6M3, STM32C011J6M6, STM32C0316-DK, STM32C031C4T3, STM32C031C4T6, STM32C031C4U3, STM32C031C4U6, STM32C031C6T3, STM32C031C6T6, STM32C031C6U3, STM32C031C6U6, STM32C031F4P3, STM32C031F4P6, STM32C031F6P3, STM32C031F6P6, STM32C031G4U3, STM32C031G4U6, STM32C031G6U3, STM32C031G6U6, STM32C031K4T3, STM32C031K4T6, STM32C031K4U3, STM32C031K4U6, STM32C031K6T3, STM32C031K6T6, STM32C031K6U3, STM32C031K6U6, STM32G071K8TXN, STM32G071K8UXN, STM32G081GBU6N, STM32G081KBT6N, STM32G081KBUXN, STM32G0B1CCT6N, STM32G0B1KCT6, STM32G0B1NEY6TR, STM32G0B1RCT6N, STM32G0C1CCT6, STM32G0C1CCT6N, STM32G0C1CCU6N, STM32G0C1CET6N, STM32G0C1CEU6N, STM32G0C1KCT6, STM32G0C1NEY6TR, STM32G0C1RCI6N, STM32G0C1RCT6N, STM32G0C1REI6N, STM32G0C1RET6N, STM32G0C1VCI6, STM32G0C1VEI6, STM32G471CCT6, STM32G471CCU6, STM32G471CET3, STM32G471CET6, STM32G471CEU3, STM32G471CEU6, STM32G471MCT6, STM32G471MET3, STM32G471MET6, STM32G471MEY6TR, STM32G471QCT6, STM32G471QET3, STM32G471RCT6, STM32G471RET3, STM32G471RET6, STM32G471VCH6, STM32G471VCI6, STM32G471VCT6, STM32G471VEH3, STM32G471VEH6, STM32G471VEI3, STM32G471VEI6, STM32G471VET3, STM32G471VET6, STM32G474CCT6, STM32H503CBT6, STM32H503CBU6, STM32H503EBY6TR, STM32H503KBU6, STM32H503RBT6, STM32H523CCT6, STM32H523CCU6, STM32H523CET6, STM32H523CEU6, STM32H523HEY6TR, STM32H523RCT6, STM32H523RET6, STM32H523VCI6, STM32H523VCT6, STM32H523VEI6, STM32H523VET6, STM32H523ZCJ6, STM32H523ZCT6, STM32H523ZEJ6, STM32H523ZET6, STM32H533CET6, STM32H533CEU6, STM32H533HEY6TR, STM32H533RET6, STM32H533VEI6, STM32H533VET6, STM32H533ZEJ6, STM32H533ZET6, STM32H562AGI6, STM32H562AII6, STM32H562IGK6, STM32H562IGT6, STM32H562IIK6, STM32H562IIT6, STM32H562RGT6, STM32H562RGV6, STM32H562RIT6, STM32H562RIV6, STM32H562VGT6, STM32H562VIT6, STM32H562ZGT6, STM32H562ZIT6, STM32H563AGI6, STM32H563AII3Q, STM32H563AII6, STM32H563IGK6, STM32H563IGT6, STM32H563IIK3Q, STM32H563IIK6, STM32H563IIT3Q, STM32H563IIT6, STM32H563MIY3QTR, STM32H563RGT6, STM32H563RGV6, STM32H563RIT6, STM32H563RIV6, STM32H563VGT6, STM32H563VIT3Q, STM32H563VIT6, STM32H563ZGT6, STM32H563ZIT3Q, STM32H563ZIT6, STM32H573AII3Q, STM32H573AII6, STM32H573I-DK, STM32H573IIK3Q, STM32H573IIK6, STM32H573IIT3Q, STM32H573IIT6, STM32H573MIY3QTR, STM32H573RIT6, STM32H573RIV6, STM32H573VIT3Q, STM32H573VIT6, STM32H573ZIT3Q, STM32H573ZIT6, STM32H7R3A8I6, STM32H7R3I8K6, STM32H7R3I8T6, STM32H7R3L8H6, STM32H7R3L8H6H, STM32H7R3R8V6, STM32H7R3V8H6, STM32H7R3V8T6, STM32H7R3V8Y6, STM32H7R3Z8J6, STM32H7R3Z8T6, STM32H7R7A8I6, STM32H7R7I8K6, STM32H7R7I8T6, STM32H7R7L8H6, STM32H7R7L8H6H, STM32H7R7Z8J6, STM32H7S3A8I6, STM32H7S3I8K6, STM32H7S3I8T6, STM32H7S3L8H6, STM32H7S3L8H6H, STM32H7S3R8V6, STM32H7S3V8H6, STM32H7S3V8T6, STM32H7S3V8Y6, STM32H7S3Z8J6, STM32H7S3Z8T6, STM32H7S78-DK, STM32H7S7A8I6, STM32H7S7I8K6, STM32H7S7I8T6, STM32H7S7L8H6, STM32H7S7L8H6H, STM32H7S7Z8J6, STM32L4R5QGI6STR, STM32MP131AAE3, STM32MP131AAF3, STM32MP131AAG3, STM32MP131CAE3, STM32MP131CAF3, STM32MP131CAG3, STM32MP131DAE7, STM32MP131DAF7, STM32MP131DAG7, STM32MP131FAE7, STM32MP131FAF7, STM32MP131FAG7, STM32MP133AAE3, STM32MP133AAF3, STM32MP133AAG3, STM32MP133CAE3, STM32MP133CAF3, STM32MP133CAG3, STM32MP133DAE7, STM32MP133DAF7, STM32MP133DAG7, STM32MP133FAE7, STM32MP133FAF7, STM32MP133FAG7, STM32MP135AAE3, STM32MP135AAF3, STM32MP135AAG3, STM32MP135CAE3, STM32MP135CAF3, STM32MP135CAG3, STM32MP135DAE7, STM32MP135DAF7, STM32MP135DAG7, STM32MP135F-DK, STM32MP135FAE7, STM32MP135FAF7, STM32MP135FAF7T, STM32MP135FAF7U, STM32MP135FAG7, STM32U031C6T6, STM32U031C6U6, STM32U031C8T6, STM32U031C8U6, STM32U031F4P6, STM32U031F6P6, STM32U031F8P6, STM32U031G6Y6TR, STM32U031G8Y6TR, STM32U031K4U6, STM32U031K6U6, STM32U031K8U6, STM32U031R6I6, STM32U031R6T6, STM32U031R8I6, STM32U031R8T6, STM32U073C8T6, STM32U073C8U6, STM32U073CBT6, STM32U073CBU6, STM32U073CCT6, STM32U073CCU6, STM32U073H8Y6TR, STM32U073HBY6TR, STM32U073HCY6TR, STM32U073K8U6, STM32U073KBU6, STM32U073KCU6, STM32U073M8I6, STM32U073M8T6, STM32U073MBI6, STM32U073MBT6, STM32U073MCI6, STM32U073MCT6, STM32U073R8I6, STM32U073R8T6, STM32U073RBI6, STM32U073RBT6, STM32U073RCI6, STM32U073RCT6, STM32U083C-DK, STM32U083CCT6, STM32U083CCU6, STM32U083HCY6TR, STM32U083KCU6, STM32U083MCI6, STM32U083MCT6, STM32U083RCI6, STM32U083RCT6, STM32U535CBT6, STM32U535CBT6Q, STM32U535CBU6, STM32U535CBU6Q, STM32U535CCT6, STM32U535CCT6Q, STM32U535CCU6, STM32U535CCU6Q, STM32U535CET6, STM32U535CET6Q, STM32U535CEU6, STM32U535CEU6Q, STM32U535JEY6QTR, STM32U535NCY6QTR, STM32U535NEY6QTR, STM32U535RBI6, STM32U535RBI6Q, STM32U535RBT6, STM32U535RBT6Q, STM32U535RCI6, STM32U535RCI6Q, STM32U535RCT6, STM32U535RCT6Q, STM32U535REI6, STM32U535REI6Q, STM32U535RET6, STM32U535RET6Q, STM32U535VCI6, STM32U535VCI6Q, STM32U535VCT6, STM32U535VCT6Q, STM32U535VEI6, STM32U535VEI6Q, STM32U535VET6, STM32U535VET6Q, STM32U545CET6, STM32U545CET6Q, STM32U545CEU6, STM32U545CEU6Q, STM32U545JEY6QTR, STM32U545NEY6QTR, STM32U545REI6, STM32U545REI6Q, STM32U545RET6, STM32U545RET6Q, STM32U545VEI6, STM32U545VEI6Q, STM32U545VET6, STM32U545VET6Q, STM32U595AIH6, STM32U595AIH6Q, STM32U595AJH6, STM32U595AJH6Q, STM32U595QII6, STM32U595QII6Q, STM32U595QJI6, STM32U595QJI6Q, STM32U595RIT6, STM32U595RIT6Q, STM32U595RJT6, STM32U595RJT6Q, STM32U595VIT6, STM32U595VIT6Q, STM32U595VJT6, STM32U595VJT6Q, STM32U595ZIT6, STM32U595ZIT6Q, STM32U595ZIY6QTR, STM32U595ZJT6, STM32U595ZJT6Q, STM32U595ZJY6QTR, STM32U599BJY6QTR, STM32U599NIH6Q, STM32U599NJH6Q, STM32U599VIT6Q, STM32U599VJT6, STM32U599VJT6Q, STM32U599ZIT6Q, STM32U599ZIY6QTR, STM32U599ZJT6Q, STM32U599ZJY6QTR, STM32U5A5AJH6, STM32U5A5AJH6Q, STM32U5A5QII3Q , STM32U5A5QJI6, STM32U5A5QJI6Q, STM32U5A5RJT6, STM32U5A5RJT6Q, STM32U5A5VJT6, STM32U5A5VJT6Q, STM32U5A5ZJT6, STM32U5A5ZJT6Q, STM32U5A5ZJY6QTR, STM32U5A9BJY6QTR, STM32U5A9J-DK, STM32U5A9NJH6Q, STM32U5A9VJT6Q, STM32U5A9ZJT6Q, STM32U5A9ZJY6QTR, STM32U5F7VIT6, STM32U5F7VIT6Q, STM32U5F7VJT6, STM32U5F7VJT6Q, STM32U5F9BJY6QTR, STM32U5F9NJH6Q, STM32U5F9VIT6Q, STM32U5F9VJT6Q, STM32U5F9ZIJ6QTR, STM32U5F9ZIT6Q, STM32U5F9ZJJ6QTR, STM32U5F9ZJT6Q, STM32U5G7VJT6, STM32U5G7VJT6Q, STM32U5G9BJY6QTR, STM32U5G9J-DK1, STM32U5G9J-DK2, STM32U5G9NJH6Q, STM32U5G9VJT6Q, STM32U5G9ZJJ6QTR, STM32U5G9ZJT6Q, STM32WB1MMCH6, STM32WBA50KEU6, STM32WBA50KEU6TR, STM32WBA50KGU6, STM32WBA50KGU6TR, STM32WBA52CEU6, STM32WBA52CEU6TR, STM32WBA52CEU7, STM32WBA52CEU7TR, STM32WBA52CGU6, STM32WBA52CGU6TR, STM32WBA52CGU6U, STM32WBA52CGU7, STM32WBA52CGU7TR, STM32WBA52KEU6, STM32WBA52KEU6TR, STM32WBA52KGU6, STM32WBA52KGU6TR, STM32WBA54CEU6, STM32WBA54CEU6TR, STM32WBA54CEU7, STM32WBA54CEU7TR, STM32WBA54CGU6, STM32WBA54CGU6TR, STM32WBA54CGU7, STM32WBA54CGU7TR, STM32WBA54KEU6, STM32WBA54KEU6TR, STM32WBA54KEU7, STM32WBA54KEU7TR, STM32WBA54KGU6, STM32WBA54KGU6TR, STM32WBA54KGU7, STM32WBA54KGU7TR, STM32WBA55CEU6, STM32WBA55CEU6TR, STM32WBA55CEU7, STM32WBA55CEU7TR, STM32WBA55CGU6, STM32WBA55CGU6TR, STM32WBA55CGU6U, STM32WBA55CGU7, STM32WBA55CGU7TR, STM32WBA55G-DK1, STM32WBA55HEF6, STM32WBA55HEF7, STM32WBA55HGF6, STM32WBA55HGF7, STM32WBA55UEI6, STM32WBA55UEI6TR, STM32WBA55UEI7, STM32WBA55UEI7TR, STM32WBA55UGI6, STM32WBA55UGI6TR, STM32WBA55UGI7, STM32WBA55UGI7TR, STM32WL5MOCH6, STM32WL5MOCH6TR]
2025-05-25 15:00:35,369 [INFO] DbMcus:218 - Found 4657 MCUs, 4657 are supported
2025-05-25 15:00:35,370 [INFO] ApiDb:423 - Load user favorites file C:\Users\shoot/.stm32cubeide/favorites.mcus.txt: 0 item(s)
2025-05-25 15:00:35,370 [INFO] ApiDb:427 - User favorites MCUs=[]
2025-05-25 15:00:35,370 [INFO] DbMcus:224 - Set 0 / 0 favorites MCUs
2025-05-25 15:00:35,722 [INFO] BoardInfo:889 - No configuration file found for board NUCLEO-C051C8
2025-05-25 15:00:35,722 [INFO] DbBoards:161 - Board is not supported: NUCLEO-C051C8
2025-05-25 15:00:35,724 [INFO] BoardInfo:889 - No configuration file found for board NUCLEO-C071RB
2025-05-25 15:00:35,724 [INFO] DbBoards:161 - Board is not supported: NUCLEO-C071RB
2025-05-25 15:00:35,725 [INFO] BoardInfo:889 - No configuration file found for board NUCLEO-C092RC
2025-05-25 15:00:35,726 [INFO] DbBoards:161 - Board is not supported: NUCLEO-C092RC
2025-05-25 15:00:35,822 [INFO] BoardInfo:889 - No configuration file found for board NUCLEO-N657X0-Q
2025-05-25 15:00:35,823 [INFO] DbBoards:161 - Board is not supported: NUCLEO-N657X0-Q
2025-05-25 15:00:35,827 [INFO] BoardInfo:889 - No configuration file found for board NUCLEO-U385RG-Q
2025-05-25 15:00:35,827 [INFO] DbBoards:161 - Board is not supported: NUCLEO-U385RG-Q
2025-05-25 15:00:35,832 [INFO] BoardInfo:889 - No configuration file found for board NUCLEO-WB05KZ
2025-05-25 15:00:35,832 [INFO] DbBoards:161 - Board is not supported: NUCLEO-WB05KZ
2025-05-25 15:00:35,834 [INFO] BoardInfo:889 - No configuration file found for board NUCLEO-WB07CC
2025-05-25 15:00:35,835 [INFO] DbBoards:161 - Board is not supported: NUCLEO-WB07CC
2025-05-25 15:00:35,836 [INFO] BoardInfo:889 - No configuration file found for board NUCLEO-WB09KE
2025-05-25 15:00:35,836 [INFO] DbBoards:161 - Board is not supported: NUCLEO-WB09KE
2025-05-25 15:00:35,843 [INFO] BoardInfo:889 - No configuration file found for board NUCLEO-WBA65RI
2025-05-25 15:00:35,843 [INFO] DbBoards:161 - Board is not supported: NUCLEO-WBA65RI
2025-05-25 15:00:35,845 [INFO] BoardInfo:889 - No configuration file found for board NUCLEO-WL33CC1
2025-05-25 15:00:35,845 [INFO] DbBoards:161 - Board is not supported: NUCLEO-WL33CC1
2025-05-25 15:00:35,846 [INFO] BoardInfo:889 - No configuration file found for board NUCLEO-WL33CC2
2025-05-25 15:00:35,846 [INFO] DbBoards:161 - Board is not supported: NUCLEO-WL33CC2
2025-05-25 15:00:35,853 [INFO] BoardInfo:889 - No configuration file found for board P-NUCLEO-WB55
2025-05-25 15:00:35,855 [INFO] DbBoards:161 - Kit is not supported: P-NUCLEO-WB55
2025-05-25 15:00:35,860 [INFO] BoardInfo:889 - No configuration file found for board STEVAL-BFA001V1B
2025-05-25 15:00:35,860 [INFO] DbBoards:161 - Kit is not supported: STEVAL-BFA001V1B
2025-05-25 15:00:35,862 [INFO] BoardInfo:889 - No configuration file found for board STEVAL-BFA001V2B
2025-05-25 15:00:35,862 [INFO] DbBoards:161 - Kit is not supported: STEVAL-BFA001V2B
2025-05-25 15:00:36,003 [INFO] BoardInfo:889 - No configuration file found for board STM32MP257F-DK
2025-05-25 15:00:36,003 [INFO] DbBoards:161 - Board is not supported: STM32MP257F-DK
2025-05-25 15:00:36,004 [INFO] BoardInfo:889 - No configuration file found for board STM32MP257F-EV1
2025-05-25 15:00:36,004 [INFO] DbBoards:161 - Board is not supported: STM32MP257F-EV1
2025-05-25 15:00:36,007 [INFO] BoardInfo:889 - No configuration file found for board STM32N6570-DK
2025-05-25 15:00:36,007 [INFO] DbBoards:161 - Board is not supported: STM32N6570-DK
2025-05-25 15:00:36,019 [INFO] BoardInfo:889 - No configuration file found for board STM32WBA65I-DK1
2025-05-25 15:00:36,020 [INFO] DbBoards:161 - Board is not supported: STM32WBA65I-DK1
2025-05-25 15:00:36,020 [INFO] DbBoards:168 - Found 210 boards, 192 are supported
2025-05-25 15:00:36,020 [INFO] DbBoards:169 - Found 210 boards, 8 of them is supported for  Bsp
2025-05-25 15:00:36,022 [INFO] ApiDb:414 - User favorites file not found: C:\Users\shoot/.stm32cubeide/favorites.boards.txt
2025-05-25 15:00:36,022 [INFO] DbBoards:198 - Set 0 / 0 favorites Boards
2025-05-25 15:00:36,106 [INFO] UtilMem:75 - End LoadConfig() Used Memory: 260453760 Bytes (696254464)
2025-05-25 15:00:36,303 [WARN] ThirdParty:833 - waiting for thirdparty lock release [change project]
2025-05-25 15:00:36,303 [INFO] ThirdParty:835 - entering critical section [change project]
2025-05-25 15:00:36,303 [INFO] ThirdParty:1030 - CMSIS Pack Vendor :STMicroelectronics USBPD 4.1
2025-05-25 15:00:36,303 [INFO] ThirdParty:1030 - CMSIS Pack Vendor :STMicroelectronics X-CUBE-GNSS1 6.0.0
2025-05-25 15:00:36,303 [INFO] ThirdParty:1030 - CMSIS Pack Vendor :STMicroelectronics USB_HOST 2.0.0
2025-05-25 15:00:36,303 [INFO] ThirdParty:1030 - CMSIS Pack Vendor :STMicroelectronics FP-SNS-MOTENVWB1 1.4.0
2025-05-25 15:00:36,303 [INFO] ThirdParty:1030 - CMSIS Pack Vendor :STMicroelectronics X-CUBE-AZRTOS-F4 1.1.0
2025-05-25 15:00:36,303 [INFO] ThirdParty:1030 - CMSIS Pack Vendor :STMicroelectronics LIBJPEG 8.0.0
2025-05-25 15:00:36,303 [INFO] ThirdParty:1030 - CMSIS Pack Vendor :STMicroelectronics FP-ATR-ASTRA1 2.0.2
2025-05-25 15:00:36,303 [INFO] ThirdParty:1030 - CMSIS Pack Vendor :STMicroelectronics X-CUBE-SMBUS 2.1.0
2025-05-25 15:00:36,303 [INFO] ThirdParty:1030 - CMSIS Pack Vendor :STMicroelectronics X-CUBE-WB05N 1.1.0
2025-05-25 15:00:36,303 [INFO] ThirdParty:1030 - CMSIS Pack Vendor :STMicroelectronics X-CUBE-ISPU 2.1.0
2025-05-25 15:00:36,303 [INFO] ThirdParty:1030 - CMSIS Pack Vendor :STMicroelectronics X-CUBE-FREERTOS 1.2.0
2025-05-25 15:00:36,303 [INFO] ThirdParty:1030 - CMSIS Pack Vendor :STMicroelectronics X-CUBE-TOUCHGFX 4.23.2
2025-05-25 15:00:36,303 [INFO] ThirdParty:1030 - CMSIS Pack Vendor :STMicroelectronics X-CUBE-AZRTOS-F7 1.1.0
2025-05-25 15:00:36,303 [INFO] ThirdParty:1030 - CMSIS Pack Vendor :STMicroelectronics X-CUBE-AZRTOS-L5 2.0.0
2025-05-25 15:00:36,303 [INFO] ThirdParty:1030 - CMSIS Pack Vendor :STMicroelectronics USB_DEVICE 2.0.0
2025-05-25 15:00:36,304 [INFO] ThirdParty:1030 - CMSIS Pack Vendor :STMicroelectronics X-CUBE-NFC6 3.1.0
2025-05-25 15:00:36,304 [INFO] ThirdParty:1030 - CMSIS Pack Vendor :STMicroelectronics X-CUBE-MEMS1 11.0.0
2025-05-25 15:00:36,304 [INFO] ThirdParty:1030 - CMSIS Pack Vendor :STMicroelectronics FreeRTOS 0.0.1
2025-05-25 15:00:36,304 [INFO] ThirdParty:1030 - CMSIS Pack Vendor :STMicroelectronics X-CUBE-DPower 1.2.0
2025-05-25 15:00:36,304 [INFO] ThirdParty:1030 - CMSIS Pack Vendor :STMicroelectronics FP-SNS-FLIGHT1 5.0.2
2025-05-25 15:00:36,304 [INFO] ThirdParty:1030 - CMSIS Pack Vendor :STMicroelectronics X-CUBE-AI 9.0.0
2025-05-25 15:00:36,304 [INFO] ThirdParty:1030 - CMSIS Pack Vendor :STMicroelectronics PDM2PCM 3.3.0
2025-05-25 15:00:36,304 [INFO] ThirdParty:1030 - CMSIS Pack Vendor :STMicroelectronics X-CUBE-DISPLAY 3.0.0
2025-05-25 15:00:36,304 [INFO] ThirdParty:1030 - CMSIS Pack Vendor :STMicroelectronics X-CUBE-BLE1 7.0.0
2025-05-25 15:00:36,304 [INFO] ThirdParty:1030 - CMSIS Pack Vendor :STMicroelectronics X-CUBE-NFC10 1.0.0
2025-05-25 15:00:36,304 [INFO] ThirdParty:1030 - CMSIS Pack Vendor :STMicroelectronics X-CUBE-BLEMGR 4.0.0
2025-05-25 15:00:36,304 [INFO] ThirdParty:1030 - CMSIS Pack Vendor :STMicroelectronics X-CUBE-FREERTOS 1.3.1
2025-05-25 15:00:36,304 [INFO] ThirdParty:1030 - CMSIS Pack Vendor :STMicroelectronics HAL Drivers 0.0.0
2025-05-25 15:00:36,304 [INFO] ThirdParty:1030 - CMSIS Pack Vendor :emotas I-CUBE-CANOPEN 1.3.0
2025-05-25 15:00:36,304 [INFO] ThirdParty:1030 - CMSIS Pack Vendor :STMicroelectronics X-CUBE-FREERTOS 1.3.0
2025-05-25 15:00:36,304 [INFO] ThirdParty:1030 - CMSIS Pack Vendor :STMicroelectronics X-CUBE-NFC7 1.0.1
2025-05-25 15:00:36,304 [INFO] ThirdParty:1030 - CMSIS Pack Vendor :STMicroelectronics MBEDTLS 2.14.1
2025-05-25 15:00:36,304 [INFO] ThirdParty:1030 - CMSIS Pack Vendor :wolfSSL I-CUBE-wolfTPM 3.2.0
2025-05-25 15:00:36,304 [INFO] ThirdParty:1030 - CMSIS Pack Vendor :STMicroelectronics X-CUBE-BLEMGR 3.1.0
2025-05-25 15:00:36,304 [INFO] ThirdParty:1030 - CMSIS Pack Vendor :STMicroelectronics X-CUBE-AI 10.0.0
2025-05-25 15:00:36,304 [INFO] ThirdParty:1030 - CMSIS Pack Vendor :STMicroelectronics FP-SNS-SMARTAG2 1.2.0
2025-05-25 15:00:36,304 [INFO] ThirdParty:1030 - CMSIS Pack Vendor :STMicroelectronics X-CUBE-MEMS1 11.1.0
2025-05-25 15:00:36,304 [INFO] ThirdParty:1030 - CMSIS Pack Vendor :STMicroelectronics X-CUBE-AZRTOS-WL 2.0.0
2025-05-25 15:00:36,304 [INFO] ThirdParty:1030 - CMSIS Pack Vendor :STMicroelectronics X-CUBE-DPower 1.3.0
2025-05-25 15:00:36,304 [INFO] ThirdParty:1030 - CMSIS Pack Vendor :STMicroelectronics FP-SNS-MOTENV1 5.0.0
2025-05-25 15:00:36,304 [INFO] ThirdParty:1030 - CMSIS Pack Vendor :STMicroelectronics USB_DEVICE 1.0.0
2025-05-25 15:00:36,304 [INFO] ThirdParty:1030 - CMSIS Pack Vendor :wolfSSL I-CUBE-wolfMQTT 1.19.0
2025-05-25 15:00:36,304 [INFO] ThirdParty:1030 - CMSIS Pack Vendor :STMicroelectronics X-CUBE-AZRTOS-L4 2.0.0
2025-05-25 15:00:36,304 [INFO] ThirdParty:1030 - CMSIS Pack Vendor :STMicroelectronics ThreadX 0.0.2
2025-05-25 15:00:36,304 [INFO] ThirdParty:1030 - CMSIS Pack Vendor :WES I-CUBE-Cesium 1.3.0
2025-05-25 15:00:36,304 [INFO] ThirdParty:1030 - CMSIS Pack Vendor :STMicroelectronics lwIP 2.1.2
2025-05-25 15:00:36,304 [INFO] ThirdParty:1030 - CMSIS Pack Vendor :STMicroelectronics X-CUBE-SFXS2LP1 4.0.0
2025-05-25 15:00:36,304 [INFO] ThirdParty:1030 - CMSIS Pack Vendor :STMicroelectronics X-CUBE-BLE2 3.3.0
2025-05-25 15:00:36,304 [INFO] ThirdParty:1030 - CMSIS Pack Vendor :STMicroelectronics PDM2PCM 3.2.0
2025-05-25 15:00:36,304 [INFO] ThirdParty:1030 - CMSIS Pack Vendor :STMicroelectronics X-CUBE-AZRTOS-H7 3.3.0
2025-05-25 15:00:36,304 [INFO] ThirdParty:1030 - CMSIS Pack Vendor :STMicroelectronics X-CUBE-NFC9 1.0.0
2025-05-25 15:00:36,304 [INFO] ThirdParty:1030 - CMSIS Pack Vendor :STMicroelectronics X-CUBE-BLE1 7.1.0
2025-05-25 15:00:36,304 [INFO] ThirdParty:1030 - CMSIS Pack Vendor :STMicroelectronics USB_DEVICE 3.0.0
2025-05-25 15:00:36,306 [INFO] ThirdParty:1030 - CMSIS Pack Vendor :STMicroelectronics X-CUBE-TCPP 4.1.0
2025-05-25 15:00:36,306 [INFO] ThirdParty:1030 - CMSIS Pack Vendor :STMicroelectronics X-CUBE-IPS 3.0.0
2025-05-25 15:00:36,306 [INFO] ThirdParty:1030 - CMSIS Pack Vendor :STMicroelectronics X-CUBE-AZRTOS-WB 2.0.0
2025-05-25 15:00:36,306 [INFO] ThirdParty:1030 - CMSIS Pack Vendor :STMicroelectronics X-CUBE-GNSS1 7.0.0
2025-05-25 15:00:36,306 [INFO] ThirdParty:1030 - CMSIS Pack Vendor :STMicroelectronics X-CUBE-GNSS1 7.0.1
2025-05-25 15:00:36,306 [INFO] ThirdParty:1030 - CMSIS Pack Vendor :STMicroelectronics X-CUBE-TOUCHGFX 4.25.0
2025-05-25 15:00:36,306 [INFO] ThirdParty:1030 - CMSIS Pack Vendor :STMicroelectronics FP-SNS-STBOX1 2.0.0
2025-05-25 15:00:36,306 [INFO] ThirdParty:1030 - CMSIS Pack Vendor :STMicroelectronics X-CUBE-ALGOBUILD 1.3.0
2025-05-25 15:00:36,306 [INFO] ThirdParty:1030 - CMSIS Pack Vendor :STMicroelectronics X-CUBE-MEMS1 11.2.0
2025-05-25 15:00:36,306 [INFO] ThirdParty:1030 - CMSIS Pack Vendor :STMicroelectronics X-CUBE-AZRTOS-G0 1.1.0
2025-05-25 15:00:36,306 [INFO] ThirdParty:1030 - CMSIS Pack Vendor :STMicroelectronics X-CUBE-SAFEA1 1.2.2
2025-05-25 15:00:36,306 [INFO] ThirdParty:1030 - CMSIS Pack Vendor :STMicroelectronics X-CUBE-NFC4 3.0.0
2025-05-25 15:00:36,306 [INFO] ThirdParty:1030 - CMSIS Pack Vendor :STMicroelectronics X-CUBE-SUBG2 5.0.0
2025-05-25 15:00:36,306 [INFO] ThirdParty:1030 - CMSIS Pack Vendor :STMicroelectronics X-CUBE-AZRTOS-H7RS 1.1.0
2025-05-25 15:00:36,306 [INFO] ThirdParty:1030 - CMSIS Pack Vendor :STMicroelectronics STM32_WPAN 1.0.0
2025-05-25 15:00:36,306 [INFO] ThirdParty:1030 - CMSIS Pack Vendor :wolfSSL I-CUBE-wolfMQTT 1.18.0
2025-05-25 15:00:36,306 [INFO] ThirdParty:1030 - CMSIS Pack Vendor :EmbeddedOffice I-CUBE-FS-RTOS 1.0.1
2025-05-25 15:00:36,306 [INFO] ThirdParty:1030 - CMSIS Pack Vendor :STMicroelectronics lwIP 2.0.3
2025-05-25 15:00:36,306 [INFO] ThirdParty:1030 - CMSIS Pack Vendor :Cesanta I-CUBE-Mongoose 7.13.0
2025-05-25 15:00:36,306 [INFO] ThirdParty:1030 - CMSIS Pack Vendor :STMicroelectronics USB_HOST 1.0.0
2025-05-25 15:00:36,306 [INFO] ThirdParty:1030 - CMSIS Pack Vendor :STMicroelectronics X-CUBE-AZRTOS-G4 2.0.0
2025-05-25 15:00:36,306 [INFO] ThirdParty:1030 - CMSIS Pack Vendor :STMicroelectronics X-CUBE-WB05N 2.0.0
2025-05-25 15:00:36,306 [INFO] ThirdParty:1030 - CMSIS Pack Vendor :STMicroelectronics PDM2PCM 3.1.0
2025-05-25 15:00:36,306 [INFO] ThirdParty:1030 - CMSIS Pack Vendor :STMicroelectronics X-CUBE-NFC7 2.0.0
2025-05-25 15:00:36,307 [INFO] ThirdParty:1030 - CMSIS Pack Vendor :RealThread X-CUBE-RT-Thread_Nano 4.1.1
2025-05-25 15:00:36,307 [INFO] ThirdParty:1030 - CMSIS Pack Vendor :wolfSSL I-CUBE-wolfSSL 5.7.0
2025-05-25 15:00:36,307 [INFO] ThirdParty:1030 - CMSIS Pack Vendor :STMicroelectronics FP-ATR-SIGFOX1 3.2.0
2025-05-25 15:00:36,307 [INFO] ThirdParty:1030 - CMSIS Pack Vendor :quantropi X-CUBE-qispace-sdk-base 1.9.3
2025-05-25 15:00:36,307 [INFO] ThirdParty:1030 - CMSIS Pack Vendor :STMicroelectronics X-CUBE-ISPU 2.0.0
2025-05-25 15:00:36,307 [INFO] ThirdParty:1030 - CMSIS Pack Vendor :STMicroelectronics X-CUBE-EEPRMA1 5.1.0
2025-05-25 15:00:36,307 [INFO] ThirdParty:1030 - CMSIS Pack Vendor :STMicroelectronics MBEDTLS 2.16.2
2025-05-25 15:00:36,307 [INFO] ThirdParty:1030 - CMSIS Pack Vendor :STMicroelectronics X-CUBE-ALS 1.0.2
2025-05-25 15:00:36,307 [INFO] ThirdParty:1030 - CMSIS Pack Vendor :STMicroelectronics X-CUBE-MEMS1 10.0.0
2025-05-25 15:00:36,307 [INFO] ThirdParty:1030 - CMSIS Pack Vendor :STMicroelectronics X-CUBE-TOUCHGFX 4.24.0
2025-05-25 15:00:36,307 [INFO] ThirdParty:1030 - CMSIS Pack Vendor :ITTIA_DB I-CUBE-ITTIADB 8.9.0
2025-05-25 15:00:36,307 [INFO] ThirdParty:1030 - CMSIS Pack Vendor :STMicroelectronics X-CUBE-TOUCHGFX 4.24.2
2025-05-25 15:00:36,307 [INFO] ThirdParty:1030 - CMSIS Pack Vendor :STMicroelectronics X-CUBE-TOUCHGFX 4.24.1
2025-05-25 15:00:36,307 [INFO] ThirdParty:1030 - CMSIS Pack Vendor :portGmbH I-Cube-SoM-uGOAL 1.1.0
2025-05-25 15:00:36,307 [INFO] ThirdParty:1030 - CMSIS Pack Vendor :STMicroelectronics X-CUBE-ALS 1.0.1
2025-05-25 15:00:36,307 [INFO] ThirdParty:1030 - CMSIS Pack Vendor :STMicroelectronics ThreadX 1.0.0
2025-05-25 15:00:36,307 [INFO] ThirdParty:1030 - CMSIS Pack Vendor :SEGGER I-CUBE-embOS 1.3.1
2025-05-25 15:00:36,307 [INFO] ThirdParty:1030 - CMSIS Pack Vendor :STMicroelectronics X-CUBE-ALGOBUILD 1.4.0
2025-05-25 15:00:36,307 [INFO] ThirdParty:1030 - CMSIS Pack Vendor :STMicroelectronics X-CUBE-AZRTOS-H7RS 1.0.0
2025-05-25 15:00:36,307 [INFO] ThirdParty:1030 - CMSIS Pack Vendor :STMicroelectronics FP-ATR-ASTRA1 2.0.0
2025-05-25 15:00:36,307 [INFO] ThirdParty:1030 - CMSIS Pack Vendor :STMicroelectronics X-CUBE-TOF1 3.4.2
2025-05-25 15:00:36,308 [INFO] ThirdParty:1030 - CMSIS Pack Vendor :STMicroelectronics X-CUBE-AI 9.1.0
2025-05-25 15:00:36,308 [INFO] ThirdParty:1030 - CMSIS Pack Vendor :STMicroelectronics X-CUBE-TOF1 3.4.1
2025-05-25 15:00:36,308 [INFO] ThirdParty:1030 - CMSIS Pack Vendor :STMicroelectronics X-CUBE-AZRTOS-H7 3.2.0
2025-05-25 15:00:36,308 [INFO] ThirdParty:1030 - CMSIS Pack Vendor :Infineon AIROC-Wi-Fi-Bluetooth-STM32 1.6.0
2025-05-25 15:00:36,308 [INFO] ThirdParty:1030 - CMSIS Pack Vendor :wolfSSL I-CUBE-wolfSSH 1.4.17
2025-05-25 15:00:36,308 [INFO] ThirdParty:841 - exiting critical section [change project]
2025-05-25 15:00:36,938 [INFO] PinOutPanel:1561 - setPackage(No Configuration,No Configuration)
2025-05-25 15:00:36,940 [INFO] PinOutPanel:1561 - setPackage(STM32F767VITx,LQFP100)
2025-05-25 15:00:37,897 [INFO] UtilMem:75 - Before build in PCC Used Memory: 402372088 Bytes (696254464)
2025-05-25 15:00:38,978 [INFO] UtilMem:75 - After build in PCC Used Memory: 475330992 Bytes (696254464)
2025-05-25 15:00:39,089 [INFO] IPUIPlugin:80 - create IPUIPlugin
2025-05-25 15:00:39,089 [INFO] IPUIPlugin:80 - create IPUIPlugin
2025-05-25 15:00:39,090 [INFO] IPUIPlugin:80 - create IPUIPlugin
2025-05-25 15:00:39,090 [INFO] IPUIPlugin:80 - create IPUIPlugin
2025-05-25 15:00:39,090 [INFO] IPUIPlugin:80 - create IPUIPlugin
2025-05-25 15:00:39,090 [INFO] IPUIPlugin:80 - create IPUIPlugin
2025-05-25 15:00:39,090 [INFO] IPUIPlugin:80 - create IPUIPlugin
2025-05-25 15:00:39,091 [INFO] IPUIPlugin:80 - create IPUIPlugin
2025-05-25 15:00:39,091 [INFO] IPUIPlugin:80 - create IPUIPlugin
2025-05-25 15:00:39,092 [INFO] IPUIPlugin:80 - create IPUIPlugin
2025-05-25 15:00:39,092 [INFO] IPUIPlugin:80 - create IPUIPlugin
2025-05-25 15:00:39,092 [INFO] IPUIPlugin:80 - create IPUIPlugin
2025-05-25 15:00:39,092 [INFO] IPUIPlugin:80 - create IPUIPlugin
2025-05-25 15:00:39,093 [INFO] IPUIPlugin:80 - create IPUIPlugin
2025-05-25 15:00:39,093 [INFO] IPUIPlugin:80 - create IPUIPlugin
2025-05-25 15:00:39,093 [INFO] IPUIPlugin:80 - create IPUIPlugin
2025-05-25 15:00:39,094 [INFO] IPUIPlugin:80 - create IPUIPlugin
2025-05-25 15:00:39,094 [INFO] IPUIPlugin:80 - create IPUIPlugin
2025-05-25 15:00:39,094 [INFO] IPUIPlugin:80 - create IPUIPlugin
2025-05-25 15:00:39,095 [INFO] IPUIPlugin:80 - create IPUIPlugin
2025-05-25 15:00:39,095 [INFO] IPUIPlugin:80 - create IPUIPlugin
2025-05-25 15:00:39,095 [INFO] IPUIPlugin:80 - create IPUIPlugin
2025-05-25 15:00:39,096 [INFO] IPUIPlugin:80 - create IPUIPlugin
2025-05-25 15:00:39,096 [INFO] IPUIPlugin:80 - create IPUIPlugin
2025-05-25 15:00:39,096 [INFO] IPUIPlugin:80 - create IPUIPlugin
2025-05-25 15:00:39,096 [INFO] IPUIPlugin:80 - create IPUIPlugin
2025-05-25 15:00:39,097 [INFO] IPUIPlugin:80 - create IPUIPlugin
2025-05-25 15:00:39,097 [INFO] IPUIPlugin:80 - create IPUIPlugin
2025-05-25 15:00:39,097 [INFO] IPUIPlugin:80 - create IPUIPlugin
2025-05-25 15:00:39,098 [INFO] IPUIPlugin:80 - create IPUIPlugin
2025-05-25 15:00:39,098 [INFO] IPUIPlugin:80 - create IPUIPlugin
2025-05-25 15:00:39,098 [INFO] IPUIPlugin:80 - create IPUIPlugin
2025-05-25 15:00:39,099 [INFO] IPUIPlugin:80 - create IPUIPlugin
2025-05-25 15:00:39,099 [INFO] IPUIPlugin:80 - create IPUIPlugin
2025-05-25 15:00:39,100 [INFO] IPUIPlugin:80 - create IPUIPlugin
2025-05-25 15:00:39,100 [INFO] IPUIPlugin:80 - create IPUIPlugin
2025-05-25 15:00:39,101 [INFO] IPUIPlugin:80 - create IPUIPlugin
2025-05-25 15:00:39,103 [INFO] IPUIPlugin:80 - create IPUIPlugin
2025-05-25 15:00:39,103 [INFO] IPUIPlugin:80 - create IPUIPlugin
2025-05-25 15:00:39,104 [INFO] IPUIPlugin:80 - create IPUIPlugin
2025-05-25 15:00:39,104 [INFO] IPUIPlugin:80 - create IPUIPlugin
2025-05-25 15:00:39,105 [INFO] IPUIPlugin:80 - create IPUIPlugin
2025-05-25 15:00:39,106 [INFO] IPUIPlugin:80 - create IPUIPlugin
2025-05-25 15:00:39,107 [INFO] IPUIPlugin:80 - create IPUIPlugin
2025-05-25 15:00:39,108 [INFO] IPUIPlugin:80 - create IPUIPlugin
2025-05-25 15:00:39,108 [INFO] IPUIPlugin:80 - create IPUIPlugin
2025-05-25 15:00:39,108 [INFO] IPUIPlugin:80 - create IPUIPlugin
2025-05-25 15:00:39,109 [INFO] IPUIPlugin:80 - create IPUIPlugin
2025-05-25 15:00:39,109 [INFO] IPUIPlugin:80 - create IPUIPlugin
2025-05-25 15:00:39,110 [INFO] IPUIPlugin:80 - create IPUIPlugin
2025-05-25 15:00:39,111 [INFO] IPUIPlugin:80 - create IPUIPlugin
2025-05-25 15:00:39,111 [INFO] IPUIPlugin:80 - create IPUIPlugin
2025-05-25 15:00:39,112 [INFO] IPUIPlugin:80 - create IPUIPlugin
2025-05-25 15:00:39,113 [INFO] IPUIPlugin:80 - create IPUIPlugin
2025-05-25 15:00:39,114 [INFO] IPUIPlugin:80 - create IPUIPlugin
2025-05-25 15:00:39,115 [INFO] IPUIPlugin:80 - create IPUIPlugin
2025-05-25 15:00:39,115 [INFO] IPUIPlugin:80 - create IPUIPlugin
2025-05-25 15:00:39,116 [INFO] IPUIPlugin:80 - create IPUIPlugin
2025-05-25 15:00:39,118 [INFO] IPUIPlugin:80 - create IPUIPlugin
2025-05-25 15:00:39,119 [INFO] IPUIPlugin:80 - create IPUIPlugin
2025-05-25 15:00:39,120 [INFO] IPUIPlugin:80 - create IPUIPlugin
2025-05-25 15:00:39,120 [INFO] IPUIPlugin:80 - create IPUIPlugin
2025-05-25 15:00:39,121 [INFO] IPUIPlugin:80 - create IPUIPlugin
2025-05-25 15:00:39,122 [INFO] IPUIPlugin:80 - create IPUIPlugin
2025-05-25 15:00:39,123 [INFO] IPUIPlugin:80 - create IPUIPlugin
2025-05-25 15:00:39,124 [INFO] IPUIPlugin:80 - create IPUIPlugin
2025-05-25 15:00:39,129 [INFO] IPUIPlugin:80 - create IPUIPlugin
2025-05-25 15:00:39,130 [INFO] IPUIPlugin:80 - create IPUIPlugin
2025-05-25 15:00:39,130 [INFO] IPUIPlugin:80 - create IPUIPlugin
2025-05-25 15:00:39,131 [INFO] IPUIPlugin:80 - create IPUIPlugin
2025-05-25 15:00:39,132 [INFO] IPUIPlugin:80 - create IPUIPlugin
2025-05-25 15:00:39,134 [INFO] IPUIPlugin:80 - create IPUIPlugin
2025-05-25 15:00:39,135 [INFO] IPUIPlugin:80 - create IPUIPlugin
2025-05-25 15:00:39,136 [INFO] IPUIPlugin:80 - create IPUIPlugin
2025-05-25 15:00:39,137 [INFO] IPUIPlugin:80 - create IPUIPlugin
2025-05-25 15:00:39,139 [INFO] IPUIPlugin:80 - create IPUIPlugin
2025-05-25 15:00:39,140 [INFO] IPUIPlugin:80 - create IPUIPlugin
2025-05-25 15:00:39,141 [INFO] IPUIPlugin:80 - create IPUIPlugin
2025-05-25 15:00:39,331 [INFO] ApiDbMcu:508 - Load IP Config File for PDM2PCM
2025-05-25 15:00:39,356 [INFO] Can:71 - Can Add PropertyChangeListener com.st.microxplorer.plugins.ip.can.Can@841b8af
2025-05-25 15:00:39,357 [INFO] Can:71 - Can Add PropertyChangeListener com.st.microxplorer.plugins.ip.can.Can@245f1111
2025-05-25 15:00:39,660 [INFO] CADModel:165 - CPN selected for project levelSTM32F767VIT7
2025-05-25 15:00:39,660 [INFO] CADModel:114 - Register for checkConnection events
2025-05-25 15:00:39,701 [INFO] OpenFileManager:343 - Restore cursor
2025-05-25 15:01:15,007 [INFO] ADCParametersView:116 -                Rank 1 : false
2025-05-25 15:01:15,255 [INFO] ADCParametersView:116 -                Rank 1 : false
2025-05-25 15:01:15,256 [INFO] ADCParametersView:116 -                Rank 1 : false
2025-05-25 15:01:15,256 [INFO] ADCParametersView:116 -                Rank 1 : false
2025-05-25 15:01:15,256 [INFO] ADCParametersView:116 -                Rank 1 : false
2025-05-25 15:01:15,257 [INFO] ADCParametersView:116 -                Rank 1 : false
2025-05-25 15:01:15,257 [INFO] ADCParametersView:116 -                Rank 1 : false
2025-05-25 15:01:15,257 [INFO] ADCParametersView:116 -                Rank 1 : false
2025-05-25 15:01:15,257 [INFO] ADCParametersView:116 -                Rank 1 : false
2025-05-25 15:01:15,258 [INFO] ADCParametersView:116 -                Rank 1 : false
2025-05-25 15:01:15,258 [INFO] ADCParametersView:116 -                Rank 1 : false
2025-05-25 15:01:15,258 [INFO] ADCParametersView:116 -                Rank 1 : false
2025-05-25 15:01:15,259 [INFO] ADCParametersView:116 -                Rank 1 : false
2025-05-25 15:01:15,259 [INFO] ADCParametersView:116 -                Rank 1 : false
2025-05-25 15:01:15,259 [INFO] ADCParametersView:116 -                Rank 1 : false
2025-05-25 15:01:15,388 [INFO] ADCParametersView:116 -                Rank 1 : false
2025-05-25 15:01:19,350 [INFO] ADCParametersView:116 -                Rank 1 : false
2025-05-25 15:01:19,351 [INFO] ADCParametersView:116 -                Rank 1 : false
2025-05-25 15:01:19,351 [INFO] ADCParametersView:116 -                Rank 1 : false
2025-05-25 15:01:19,351 [INFO] ADCParametersView:116 -                Rank 1 : false
2025-05-25 15:01:19,351 [INFO] ADCParametersView:116 -                Rank 1 : false
2025-05-25 15:01:19,351 [INFO] ADCParametersView:116 -                Rank 1 : false
2025-05-25 15:01:19,351 [INFO] ADCParametersView:116 -                Rank 1 : false
2025-05-25 15:01:19,351 [INFO] ADCParametersView:116 -                Rank 1 : false
2025-05-25 15:01:19,351 [INFO] ADCParametersView:116 -                Rank 1 : false
2025-05-25 15:01:19,351 [INFO] ADCParametersView:116 -                Rank 1 : false
2025-05-25 15:01:19,351 [INFO] ADCParametersView:116 -                Rank 1 : false
2025-05-25 15:01:19,352 [INFO] ADCParametersView:116 -                Rank 1 : false
2025-05-25 15:01:19,352 [INFO] ADCParametersView:116 -                Rank 1 : false
2025-05-25 15:01:19,352 [INFO] ADCParametersView:116 -                Rank 1 : false
2025-05-25 15:01:19,418 [INFO] ADCParametersView:116 -                Rank 1 : false
2025-05-25 15:01:27,519 [INFO] ADCParametersView:116 -                Rank 1 : false
2025-05-25 15:01:27,652 [INFO] ADCParametersView:116 -                Rank 1 : false
2025-05-25 15:01:27,653 [INFO] ADCParametersView:116 -                Rank 1 : false
2025-05-25 15:01:27,653 [INFO] ADCParametersView:116 -                Rank 1 : false
2025-05-25 15:01:27,653 [INFO] ADCParametersView:116 -                Rank 1 : false
2025-05-25 15:01:27,653 [INFO] ADCParametersView:116 -                Rank 1 : false
2025-05-25 15:01:27,653 [INFO] ADCParametersView:116 -                Rank 1 : false
2025-05-25 15:01:27,653 [INFO] ADCParametersView:116 -                Rank 1 : false
2025-05-25 15:01:27,653 [INFO] ADCParametersView:116 -                Rank 1 : false
2025-05-25 15:01:27,653 [INFO] ADCParametersView:116 -                Rank 1 : false
2025-05-25 15:01:27,654 [INFO] ADCParametersView:116 -                Rank 1 : false
2025-05-25 15:01:27,654 [INFO] ADCParametersView:116 -                Rank 1 : false
2025-05-25 15:01:27,654 [INFO] ADCParametersView:116 -                Rank 1 : false
2025-05-25 15:01:27,654 [INFO] ADCParametersView:116 -                Rank 1 : false
2025-05-25 15:01:27,654 [INFO] ADCParametersView:116 -                Rank 1 : false
2025-05-25 15:01:27,747 [INFO] ADCParametersView:116 -                Rank 1 : false
2025-05-25 15:03:15,598 [INFO] ParamManager:896 - [Generic UI] PropertyChangeEvent: TAB_STATUS_CHANGED , "dont care", "never mind"
2025-05-25 15:03:15,603 [INFO] ADCParametersView:116 -                Rank 1 : false
2025-05-25 15:03:15,604 [INFO] ADCParametersView:116 -                Rank 1 : false
2025-05-25 15:03:15,604 [INFO] ADCParametersView:116 -                Rank 1 : false
2025-05-25 15:03:15,604 [INFO] ADCParametersView:116 -                Rank 1 : false
2025-05-25 15:03:15,605 [INFO] ADCParametersView:116 -                Rank 1 : false
2025-05-25 15:03:15,605 [INFO] ADCParametersView:116 -                Rank 1 : false
2025-05-25 15:03:15,605 [INFO] ADCParametersView:116 -                Rank 1 : false
2025-05-25 15:03:15,605 [INFO] ADCParametersView:116 -                Rank 1 : false
2025-05-25 15:03:15,605 [INFO] ADCParametersView:116 -                Rank 1 : false
2025-05-25 15:03:15,606 [INFO] ADCParametersView:116 -                Rank 1 : false
2025-05-25 15:03:15,606 [INFO] ADCParametersView:116 -                Rank 1 : false
2025-05-25 15:03:15,606 [INFO] ADCParametersView:116 -                Rank 1 : false
2025-05-25 15:03:15,606 [INFO] ADCParametersView:116 -                Rank 1 : false
2025-05-25 15:03:15,606 [INFO] ADCParametersView:116 -                Rank 1 : false
2025-05-25 15:03:15,621 [INFO] ParamManager:896 - [Generic UI] PropertyChangeEvent: TAB_STATUS_CHANGED , "dont care", "never mind"
2025-05-25 15:03:15,628 [INFO] ADCParametersView:116 -                Rank 1 : false
2025-05-25 15:03:15,665 [INFO] ADCParametersView:116 -                Rank 1 : false
2025-05-25 15:03:15,665 [INFO] ADCParametersView:116 -                Rank 1 : false
2025-05-25 15:03:15,665 [INFO] ADCParametersView:116 -                Rank 1 : false
2025-05-25 15:03:15,666 [INFO] ADCParametersView:116 -                Rank 1 : false
2025-05-25 15:03:15,666 [INFO] ADCParametersView:116 -                Rank 1 : false
2025-05-25 15:03:15,666 [INFO] ADCParametersView:116 -                Rank 1 : false
2025-05-25 15:03:15,666 [INFO] ADCParametersView:116 -                Rank 1 : false
2025-05-25 15:03:15,666 [INFO] ADCParametersView:116 -                Rank 1 : false
2025-05-25 15:03:15,666 [INFO] ADCParametersView:116 -                Rank 1 : false
2025-05-25 15:03:15,666 [INFO] ADCParametersView:116 -                Rank 1 : false
2025-05-25 15:03:15,666 [INFO] ADCParametersView:116 -                Rank 1 : false
2025-05-25 15:03:15,666 [INFO] ADCParametersView:116 -                Rank 1 : false
2025-05-25 15:03:15,666 [INFO] ADCParametersView:116 -                Rank 1 : false
2025-05-25 15:03:15,667 [INFO] ADCParametersView:116 -                Rank 1 : false
2025-05-25 15:03:15,684 [INFO] ADCParametersView:116 -                Rank 1 : false
2025-05-25 15:03:15,867 [INFO] NvicIntPanel:101 - NVIC parent = com.st.microxplorer.plugins.ip.nvic.MultiNvicIntPanel[,0,0,0x0,invalid,layout=javax.swing.BoxLayout,alignmentX=0.0,alignmentY=0.0,border=,flags=9,maximumSize=,minimumSize=,preferredSize=]
2025-05-25 15:03:16,056 [INFO] NvicIntPanel:101 - NVIC parent = com.st.microxplorer.plugins.ip.nvic.MultiNvicIntPanel[,0,0,0x0,invalid,layout=javax.swing.BoxLayout,alignmentX=0.0,alignmentY=0.0,border=,flags=9,maximumSize=,minimumSize=,preferredSize=]
2025-05-25 15:03:16,190 [INFO] ADCParametersView:116 -                Rank 1 : false
2025-05-25 15:03:16,190 [INFO] ADCParametersView:116 -                Rank 1 : false
2025-05-25 15:03:16,190 [INFO] ADCParametersView:116 -                Rank 1 : false
2025-05-25 15:03:16,190 [INFO] ADCParametersView:116 -                Rank 1 : false
2025-05-25 15:03:16,190 [INFO] ADCParametersView:116 -                Rank 1 : false
2025-05-25 15:03:16,190 [INFO] ADCParametersView:116 -                Rank 1 : false
2025-05-25 15:03:16,190 [INFO] ADCParametersView:116 -                Rank 1 : false
2025-05-25 15:03:16,190 [INFO] ADCParametersView:116 -                Rank 1 : false
2025-05-25 15:03:16,191 [INFO] ADCParametersView:116 -                Rank 1 : false
2025-05-25 15:03:16,191 [INFO] ADCParametersView:116 -                Rank 1 : false
2025-05-25 15:03:16,191 [INFO] ADCParametersView:116 -                Rank 1 : false
2025-05-25 15:03:16,191 [INFO] ADCParametersView:116 -                Rank 1 : false
2025-05-25 15:03:16,191 [INFO] ADCParametersView:116 -                Rank 1 : false
2025-05-25 15:03:16,191 [INFO] ADCParametersView:116 -                Rank 1 : false
2025-05-25 15:03:16,250 [INFO] ADCParametersView:116 -                Rank 1 : false
2025-05-25 15:03:16,328 [INFO] ADCParametersView:116 -                Rank 1 : false
2025-05-25 15:03:16,329 [INFO] ADCParametersView:116 -                Rank 1 : false
2025-05-25 15:03:16,329 [INFO] ADCParametersView:116 -                Rank 1 : false
2025-05-25 15:03:16,329 [INFO] ADCParametersView:116 -                Rank 1 : false
2025-05-25 15:03:16,329 [INFO] ADCParametersView:116 -                Rank 1 : false
2025-05-25 15:03:16,329 [INFO] ADCParametersView:116 -                Rank 1 : false
2025-05-25 15:03:16,329 [INFO] ADCParametersView:116 -                Rank 1 : false
2025-05-25 15:03:16,329 [INFO] ADCParametersView:116 -                Rank 1 : false
2025-05-25 15:03:16,329 [INFO] ADCParametersView:116 -                Rank 1 : false
2025-05-25 15:03:16,329 [INFO] ADCParametersView:116 -                Rank 1 : false
2025-05-25 15:03:16,329 [INFO] ADCParametersView:116 -                Rank 1 : false
2025-05-25 15:03:16,330 [INFO] ADCParametersView:116 -                Rank 1 : false
2025-05-25 15:03:16,330 [INFO] ADCParametersView:116 -                Rank 1 : false
2025-05-25 15:03:16,330 [INFO] ADCParametersView:116 -                Rank 1 : false
2025-05-25 15:03:16,383 [INFO] ADCParametersView:116 -                Rank 1 : false
2025-05-25 15:03:30,862 [INFO] ADCParametersView:116 -                Rank 1 : false
2025-05-25 15:03:30,862 [INFO] ADCParametersView:116 -                Rank 1 : false
2025-05-25 15:03:30,862 [INFO] ADCParametersView:116 -                Rank 1 : false
2025-05-25 15:03:30,862 [INFO] ADCParametersView:116 -                Rank 1 : false
2025-05-25 15:03:30,862 [INFO] ADCParametersView:116 -                Rank 1 : false
2025-05-25 15:03:30,862 [INFO] ADCParametersView:116 -                Rank 1 : false
2025-05-25 15:03:30,862 [INFO] ADCParametersView:116 -                Rank 1 : false
2025-05-25 15:03:30,864 [INFO] ADCParametersView:116 -                Rank 1 : false
2025-05-25 15:03:30,864 [INFO] ADCParametersView:116 -                Rank 1 : false
2025-05-25 15:03:30,864 [INFO] ADCParametersView:116 -                Rank 1 : false
2025-05-25 15:03:30,864 [INFO] ADCParametersView:116 -                Rank 1 : false
2025-05-25 15:03:30,864 [INFO] ADCParametersView:116 -                Rank 1 : false
2025-05-25 15:03:30,864 [INFO] ADCParametersView:116 -                Rank 1 : false
2025-05-25 15:03:30,864 [INFO] ADCParametersView:116 -                Rank 1 : false
2025-05-25 15:03:30,911 [INFO] ADCParametersView:116 -                Rank 1 : false
2025-05-25 15:03:30,970 [INFO] ADCParametersView:116 -                Rank 1 : false
2025-05-25 15:03:30,970 [INFO] ADCParametersView:116 -                Rank 1 : false
2025-05-25 15:03:30,970 [INFO] ADCParametersView:116 -                Rank 1 : false
2025-05-25 15:03:30,970 [INFO] ADCParametersView:116 -                Rank 1 : false
2025-05-25 15:03:30,971 [INFO] ADCParametersView:116 -                Rank 1 : false
2025-05-25 15:03:30,971 [INFO] ADCParametersView:116 -                Rank 1 : false
2025-05-25 15:03:30,971 [INFO] ADCParametersView:116 -                Rank 1 : false
2025-05-25 15:03:30,971 [INFO] ADCParametersView:116 -                Rank 1 : false
2025-05-25 15:03:30,971 [INFO] ADCParametersView:116 -                Rank 1 : false
2025-05-25 15:03:30,971 [INFO] ADCParametersView:116 -                Rank 1 : false
2025-05-25 15:03:30,971 [INFO] ADCParametersView:116 -                Rank 1 : false
2025-05-25 15:03:30,971 [INFO] ADCParametersView:116 -                Rank 1 : false
2025-05-25 15:03:30,971 [INFO] ADCParametersView:116 -                Rank 1 : false
2025-05-25 15:03:30,971 [INFO] ADCParametersView:116 -                Rank 1 : false
2025-05-25 15:03:31,016 [INFO] ADCParametersView:116 -                Rank 1 : false
2025-05-25 15:03:31,617 [INFO] ADCParametersView:116 -                Rank 1 : false
2025-05-25 15:03:31,617 [INFO] ADCParametersView:116 -                Rank 1 : false
2025-05-25 15:03:31,617 [INFO] ADCParametersView:116 -                Rank 1 : false
2025-05-25 15:03:31,618 [INFO] ADCParametersView:116 -                Rank 1 : false
2025-05-25 15:03:31,618 [INFO] ADCParametersView:116 -                Rank 1 : false
2025-05-25 15:03:31,618 [INFO] ADCParametersView:116 -                Rank 1 : false
2025-05-25 15:03:31,618 [INFO] ADCParametersView:116 -                Rank 1 : false
2025-05-25 15:03:31,618 [INFO] ADCParametersView:116 -                Rank 1 : false
2025-05-25 15:03:31,618 [INFO] ADCParametersView:116 -                Rank 1 : false
2025-05-25 15:03:31,618 [INFO] ADCParametersView:116 -                Rank 1 : false
2025-05-25 15:03:31,618 [INFO] ADCParametersView:116 -                Rank 1 : false
2025-05-25 15:03:31,618 [INFO] ADCParametersView:116 -                Rank 1 : false
2025-05-25 15:03:31,619 [INFO] ADCParametersView:116 -                Rank 1 : false
2025-05-25 15:03:31,619 [INFO] ADCParametersView:116 -                Rank 1 : false
2025-05-25 15:03:31,680 [INFO] ADCParametersView:116 -                Rank 1 : false
2025-05-25 15:03:31,751 [INFO] ADCParametersView:116 -                Rank 1 : false
2025-05-25 15:03:31,751 [INFO] ADCParametersView:116 -                Rank 1 : false
2025-05-25 15:03:31,751 [INFO] ADCParametersView:116 -                Rank 1 : false
2025-05-25 15:03:31,752 [INFO] ADCParametersView:116 -                Rank 1 : false
2025-05-25 15:03:31,752 [INFO] ADCParametersView:116 -                Rank 1 : false
2025-05-25 15:03:31,752 [INFO] ADCParametersView:116 -                Rank 1 : false
2025-05-25 15:03:31,752 [INFO] ADCParametersView:116 -                Rank 1 : false
2025-05-25 15:03:31,752 [INFO] ADCParametersView:116 -                Rank 1 : false
2025-05-25 15:03:31,752 [INFO] ADCParametersView:116 -                Rank 1 : false
2025-05-25 15:03:31,752 [INFO] ADCParametersView:116 -                Rank 1 : false
2025-05-25 15:03:31,752 [INFO] ADCParametersView:116 -                Rank 1 : false
2025-05-25 15:03:31,752 [INFO] ADCParametersView:116 -                Rank 1 : false
2025-05-25 15:03:31,752 [INFO] ADCParametersView:116 -                Rank 1 : false
2025-05-25 15:03:31,752 [INFO] ADCParametersView:116 -                Rank 1 : false
2025-05-25 15:03:31,799 [INFO] ADCParametersView:116 -                Rank 1 : false
2025-05-25 15:03:45,666 [INFO] ADCParametersView:116 -                Rank 1 : false
2025-05-25 15:03:45,666 [INFO] ADCParametersView:116 -                Rank 1 : false
2025-05-25 15:03:45,666 [INFO] ADCParametersView:116 -                Rank 1 : false
2025-05-25 15:03:45,666 [INFO] ADCParametersView:116 -                Rank 1 : false
2025-05-25 15:03:45,666 [INFO] ADCParametersView:116 -                Rank 1 : false
2025-05-25 15:03:45,666 [INFO] ADCParametersView:116 -                Rank 1 : false
2025-05-25 15:03:45,667 [INFO] ADCParametersView:116 -                Rank 1 : false
2025-05-25 15:03:45,667 [INFO] ADCParametersView:116 -                Rank 1 : false
2025-05-25 15:03:45,667 [INFO] ADCParametersView:116 -                Rank 1 : false
2025-05-25 15:03:45,667 [INFO] ADCParametersView:116 -                Rank 1 : false
2025-05-25 15:03:45,667 [INFO] ADCParametersView:116 -                Rank 1 : false
2025-05-25 15:03:45,667 [INFO] ADCParametersView:116 -                Rank 1 : false
2025-05-25 15:03:45,667 [INFO] ADCParametersView:116 -                Rank 1 : false
2025-05-25 15:03:45,667 [INFO] ADCParametersView:116 -                Rank 1 : false
2025-05-25 15:03:45,715 [INFO] ADCParametersView:116 -                Rank 1 : false
2025-05-25 15:03:45,776 [INFO] ADCParametersView:116 -                Rank 1 : false
2025-05-25 15:03:45,776 [INFO] ADCParametersView:116 -                Rank 1 : false
2025-05-25 15:03:45,776 [INFO] ADCParametersView:116 -                Rank 1 : false
2025-05-25 15:03:45,776 [INFO] ADCParametersView:116 -                Rank 1 : false
2025-05-25 15:03:45,776 [INFO] ADCParametersView:116 -                Rank 1 : false
2025-05-25 15:03:45,776 [INFO] ADCParametersView:116 -                Rank 1 : false
2025-05-25 15:03:45,776 [INFO] ADCParametersView:116 -                Rank 1 : false
2025-05-25 15:03:45,776 [INFO] ADCParametersView:116 -                Rank 1 : false
2025-05-25 15:03:45,776 [INFO] ADCParametersView:116 -                Rank 1 : false
2025-05-25 15:03:45,776 [INFO] ADCParametersView:116 -                Rank 1 : false
2025-05-25 15:03:45,776 [INFO] ADCParametersView:116 -                Rank 1 : false
2025-05-25 15:03:45,776 [INFO] ADCParametersView:116 -                Rank 1 : false
2025-05-25 15:03:45,776 [INFO] ADCParametersView:116 -                Rank 1 : false
2025-05-25 15:03:45,776 [INFO] ADCParametersView:116 -                Rank 1 : false
2025-05-25 15:03:45,819 [INFO] ADCParametersView:116 -                Rank 1 : false
2025-05-25 15:03:46,409 [INFO] ADCParametersView:116 -                Rank 1 : false
2025-05-25 15:03:46,409 [INFO] ADCParametersView:116 -                Rank 1 : false
2025-05-25 15:03:46,409 [INFO] ADCParametersView:116 -                Rank 1 : false
2025-05-25 15:03:46,410 [INFO] ADCParametersView:116 -                Rank 1 : false
2025-05-25 15:03:46,410 [INFO] ADCParametersView:116 -                Rank 1 : false
2025-05-25 15:03:46,410 [INFO] ADCParametersView:116 -                Rank 1 : false
2025-05-25 15:03:46,410 [INFO] ADCParametersView:116 -                Rank 1 : false
2025-05-25 15:03:46,410 [INFO] ADCParametersView:116 -                Rank 1 : false
2025-05-25 15:03:46,410 [INFO] ADCParametersView:116 -                Rank 1 : false
2025-05-25 15:03:46,410 [INFO] ADCParametersView:116 -                Rank 1 : false
2025-05-25 15:03:46,410 [INFO] ADCParametersView:116 -                Rank 1 : false
2025-05-25 15:03:46,410 [INFO] ADCParametersView:116 -                Rank 1 : false
2025-05-25 15:03:46,410 [INFO] ADCParametersView:116 -                Rank 1 : false
2025-05-25 15:03:46,410 [INFO] ADCParametersView:116 -                Rank 1 : false
2025-05-25 15:03:46,478 [INFO] ADCParametersView:116 -                Rank 1 : false
2025-05-25 15:03:46,561 [INFO] ADCParametersView:116 -                Rank 1 : false
2025-05-25 15:03:46,561 [INFO] ADCParametersView:116 -                Rank 1 : false
2025-05-25 15:03:46,561 [INFO] ADCParametersView:116 -                Rank 1 : false
2025-05-25 15:03:46,561 [INFO] ADCParametersView:116 -                Rank 1 : false
2025-05-25 15:03:46,563 [INFO] ADCParametersView:116 -                Rank 1 : false
2025-05-25 15:03:46,563 [INFO] ADCParametersView:116 -                Rank 1 : false
2025-05-25 15:03:46,563 [INFO] ADCParametersView:116 -                Rank 1 : false
2025-05-25 15:03:46,563 [INFO] ADCParametersView:116 -                Rank 1 : false
2025-05-25 15:03:46,563 [INFO] ADCParametersView:116 -                Rank 1 : false
2025-05-25 15:03:46,563 [INFO] ADCParametersView:116 -                Rank 1 : false
2025-05-25 15:03:46,563 [INFO] ADCParametersView:116 -                Rank 1 : false
2025-05-25 15:03:46,563 [INFO] ADCParametersView:116 -                Rank 1 : false
2025-05-25 15:03:46,564 [INFO] ADCParametersView:116 -                Rank 1 : false
2025-05-25 15:03:46,564 [INFO] ADCParametersView:116 -                Rank 1 : false
2025-05-25 15:03:46,621 [INFO] ADCParametersView:116 -                Rank 1 : false
2025-05-25 15:03:55,200 [INFO] UtilMem:75 - End SaveConfig() Used Memory: 918329904 Bytes (1073741824)
2025-05-25 15:03:56,314 [INFO] UtilMem:75 - End SaveConfig() Used Memory: 681927504 Bytes (1073741824)
2025-05-25 15:03:58,361 [INFO] UtilMem:75 - End SaveConfig() Used Memory: 856517408 Bytes (1073741824)
2025-05-25 15:03:59,005 [INFO] BlockDiagram:2759 - set Specific Code input for plugin: TIM1_8F77
2025-05-25 15:03:59,005 [INFO] BlockDiagram:2759 - set Specific Code input for plugin: TIM1_8F77
2025-05-25 15:03:59,005 [INFO] BlockDiagram:2759 - set Specific Code input for plugin: CAN
2025-05-25 15:03:59,005 [INFO] BlockDiagram:2759 - set Specific Code input for plugin: SYS
2025-05-25 15:03:59,005 [INFO] BlockDiagram:2759 - set Specific Code input for plugin: ADC
2025-05-25 15:03:59,005 [INFO] BlockDiagram:2759 - set Specific Code input for plugin: RCC
2025-05-25 15:03:59,005 [INFO] BlockDiagram:2759 - set Specific Code input for plugin: NVIC
2025-05-25 15:03:59,005 [INFO] BlockDiagram:2759 - set Specific Code input for plugin: CORTEX_M7
2025-05-25 15:03:59,005 [INFO] BlockDiagram:2759 - set Specific Code input for plugin: GPIO
2025-05-25 15:03:59,007 [INFO] CodeGenerator:807 - code generatio: config db path: C:/Users/shoot/.stm32cubemx/databases/DB.6.0.110/db/
2025-05-25 15:03:59,288 [INFO] CodeEngine:255 - oldGeneratedFile, C:\Users\shoot\Documents\GitHub\VCU_Firmware\VCU_Firmware\MXTmpFiles\license.tmp_save
2025-05-25 15:03:59,818 [INFO] CodeEngine:279 - Generated code: C:\Users\shoot\Documents\GitHub\VCU_Firmware\VCU_Firmware\MXTmpFiles\license.tmp
2025-05-25 15:03:59,927 [INFO] CodeEngine:255 - oldGeneratedFile, C:\Users\shoot\Documents\GitHub\VCU_Firmware\VCU_Firmware\Core\Src\gpio.c_save
2025-05-25 15:04:00,150 [INFO] CodeEngine:279 - Generated code: C:\Users\shoot\Documents\GitHub\VCU_Firmware\VCU_Firmware\Core\Src\gpio.c
2025-05-25 15:04:00,184 [INFO] CodeEngine:255 - oldGeneratedFile, C:\Users\shoot\Documents\GitHub\VCU_Firmware\VCU_Firmware\Core\Inc\gpio.h_save
2025-05-25 15:04:00,299 [INFO] CodeEngine:279 - Generated code: C:\Users\shoot\Documents\GitHub\VCU_Firmware\VCU_Firmware\Core\Inc\gpio.h
2025-05-25 15:04:00,749 [INFO] CodeEngine:255 - oldGeneratedFile, C:\Users\shoot\Documents\GitHub\VCU_Firmware\VCU_Firmware\Core\Src\adc.c_save
2025-05-25 15:04:00,966 [INFO] CodeEngine:279 - Generated code: C:\Users\shoot\Documents\GitHub\VCU_Firmware\VCU_Firmware\Core\Src\adc.c
2025-05-25 15:04:01,008 [INFO] CodeEngine:255 - oldGeneratedFile, C:\Users\shoot\Documents\GitHub\VCU_Firmware\VCU_Firmware\Core\Inc\adc.h_save
2025-05-25 15:04:01,134 [INFO] CodeEngine:279 - Generated code: C:\Users\shoot\Documents\GitHub\VCU_Firmware\VCU_Firmware\Core\Inc\adc.h
2025-05-25 15:04:01,165 [INFO] CodeEngine:255 - oldGeneratedFile, C:\Users\shoot\Documents\GitHub\VCU_Firmware\VCU_Firmware\Core\Src\can.c_save
2025-05-25 15:04:01,315 [INFO] CodeEngine:279 - Generated code: C:\Users\shoot\Documents\GitHub\VCU_Firmware\VCU_Firmware\Core\Src\can.c
2025-05-25 15:04:01,333 [INFO] CodeEngine:255 - oldGeneratedFile, C:\Users\shoot\Documents\GitHub\VCU_Firmware\VCU_Firmware\Core\Inc\can.h_save
2025-05-25 15:04:01,432 [INFO] CodeEngine:279 - Generated code: C:\Users\shoot\Documents\GitHub\VCU_Firmware\VCU_Firmware\Core\Inc\can.h
2025-05-25 15:04:01,463 [INFO] CodeEngine:255 - oldGeneratedFile, C:\Users\shoot\Documents\GitHub\VCU_Firmware\VCU_Firmware\MXTmpFiles\cortex.tmp_save
2025-05-25 15:04:01,557 [INFO] CodeEngine:279 - Generated code: C:\Users\shoot\Documents\GitHub\VCU_Firmware\VCU_Firmware\MXTmpFiles\cortex.tmp
2025-05-25 15:04:01,584 [INFO] CodeEngine:255 - oldGeneratedFile, C:\Users\shoot\Documents\GitHub\VCU_Firmware\VCU_Firmware\Core\Src\tim.c_save
2025-05-25 15:04:01,693 [INFO] CodeEngine:279 - Generated code: C:\Users\shoot\Documents\GitHub\VCU_Firmware\VCU_Firmware\Core\Src\tim.c
2025-05-25 15:04:01,704 [INFO] CodeEngine:255 - oldGeneratedFile, C:\Users\shoot\Documents\GitHub\VCU_Firmware\VCU_Firmware\Core\Inc\tim.h_save
2025-05-25 15:04:01,797 [INFO] CodeEngine:279 - Generated code: C:\Users\shoot\Documents\GitHub\VCU_Firmware\VCU_Firmware\Core\Inc\tim.h
2025-05-25 15:04:01,848 [INFO] CodeEngine:255 - oldGeneratedFile, C:\Users\shoot\Documents\GitHub\VCU_Firmware\VCU_Firmware\Core\Src\stm32f7xx_it.c_save
2025-05-25 15:04:02,002 [INFO] CodeEngine:279 - Generated code: C:\Users\shoot\Documents\GitHub\VCU_Firmware\VCU_Firmware\Core\Src\stm32f7xx_it.c
2025-05-25 15:04:02,039 [INFO] CodeEngine:255 - oldGeneratedFile, C:\Users\shoot\Documents\GitHub\VCU_Firmware\VCU_Firmware\Core\Inc\stm32f7xx_it.h_save
2025-05-25 15:04:02,152 [INFO] CodeEngine:279 - Generated code: C:\Users\shoot\Documents\GitHub\VCU_Firmware\VCU_Firmware\Core\Inc\stm32f7xx_it.h
2025-05-25 15:04:02,203 [INFO] CodeEngine:255 - oldGeneratedFile, C:\Users\shoot\Documents\GitHub\VCU_Firmware\VCU_Firmware\Core\Src\stm32f7xx_hal_msp.c_save
2025-05-25 15:04:02,316 [INFO] CodeEngine:279 - Generated code: C:\Users\shoot\Documents\GitHub\VCU_Firmware\VCU_Firmware\Core\Src\stm32f7xx_hal_msp.c
2025-05-25 15:04:02,334 [INFO] CodeEngine:255 - oldGeneratedFile, C:\Users\shoot\Documents\GitHub\VCU_Firmware\VCU_Firmware\MXTmpFiles\system.tmp_save
2025-05-25 15:04:02,420 [INFO] CodeEngine:279 - Generated code: C:\Users\shoot\Documents\GitHub\VCU_Firmware\VCU_Firmware\MXTmpFiles\system.tmp
2025-05-25 15:04:02,466 [INFO] CodeEngine:311 - oldGeneratedFile, C:\Users\shoot\Documents\GitHub\VCU_Firmware\VCU_Firmware\Core\Inc\stm32f7xx_hal_conf.h_save
2025-05-25 15:04:02,600 [INFO] CodeEngine:335 - Generated code: C:\Users\shoot\Documents\GitHub\VCU_Firmware\VCU_Firmware\Core\Inc\stm32f7xx_hal_conf.h
2025-05-25 15:04:02,753 [INFO] CodeEngine:255 - oldGeneratedFile, C:\Users\shoot\Documents\GitHub\VCU_Firmware\VCU_Firmware\Core\Inc\main.h_save
2025-05-25 15:04:02,922 [INFO] CodeEngine:279 - Generated code: C:\Users\shoot\Documents\GitHub\VCU_Firmware\VCU_Firmware\Core\Inc\main.h
2025-05-25 15:04:02,962 [INFO] CodeEngine:255 - oldGeneratedFile, C:\Users\shoot\Documents\GitHub\VCU_Firmware\VCU_Firmware\Core\Src\main.c_save
2025-05-25 15:04:03,191 [INFO] CodeEngine:279 - Generated code: C:\Users\shoot\Documents\GitHub\VCU_Firmware\VCU_Firmware\Core\Src\main.c
2025-05-25 15:04:03,960 [INFO] ProjectBuilder:3163 - Time for Copy HAL[1] : 428mS.
2025-05-25 15:04:03,971 [INFO] ProjectBuilder:4736 - Project Generator version: 4.3.0-B58
2025-05-25 15:04:04,076 [INFO] ConfigFileManager:1503 - The Die is : DIE451
2025-05-25 15:04:04,092 [INFO] ApiDbMcu:508 - Load IP Config File for FATFS
2025-05-25 15:04:04,107 [INFO] ApiDbMcu:508 - Load IP Config File for FREERTOS
2025-05-25 15:04:04,120 [INFO] ApiDbMcu:508 - Load IP Config File for LIBJPEG
2025-05-25 15:04:04,139 [INFO] ApiDbMcu:508 - Load IP Config File for LWIP
2025-05-25 15:04:04,156 [INFO] ApiDbMcu:508 - Load IP Config File for MBEDTLS
2025-05-25 15:04:04,174 [INFO] ApiDbMcu:508 - Load IP Config File for USB_DEVICE
2025-05-25 15:04:04,189 [INFO] ApiDbMcu:508 - Load IP Config File for USB_HOST
2025-05-25 15:04:05,068 [INFO] LogOutputStream:77 - [STDOUT_REDIRECT] 
2025-05-25 15:04:07,472 [INFO] ProjectBuilder:5002 - Time for Generating toolchain IDE Files: 3501mS.
2025-05-25 15:04:07,474 [INFO] ProjectBuilder:3034 - Time for Copy CMSIS : 1mS.
2025-05-25 15:04:07,483 [INFO] ProjectBuilder:3034 - Time for Copy CMSIS : 0mS.
2025-05-25 15:14:24,391 [ERROR] ConfigurationRetriever:142 - IOException on connection: sw-center.st.com
2025-05-25 15:14:24,391 [ERROR] ConfigurationRetriever:142 - IOException on connection: sw-center.st.com
2025-05-25 15:14:24,392 [ERROR] ConfigurationRetriever:142 - IOException on connection: sw-center.st.com
2025-05-25 15:14:24,577 [ERROR] ConfigurationRetriever:142 - IOException on connection: sw-center.st.com
2025-05-25 15:14:24,578 [ERROR] ConfigurationRetriever:142 - IOException on connection: sw-center.st.com
2025-05-25 15:14:24,578 [ERROR] ConfigurationRetriever:142 - IOException on connection: sw-center.st.com
2025-05-25 15:16:42,412 [ERROR] ConfigurationRetriever:142 - IOException on connection: sw-center.st.com
2025-05-25 15:16:42,413 [ERROR] ConfigurationRetriever:142 - IOException on connection: sw-center.st.com
2025-05-25 15:16:42,413 [ERROR] ConfigurationRetriever:142 - IOException on connection: sw-center.st.com
2025-05-25 15:16:42,722 [ERROR] ConfigurationRetriever:142 - IOException on connection: sw-center.st.com
2025-05-25 15:16:42,722 [ERROR] ConfigurationRetriever:142 - IOException on connection: sw-center.st.com
2025-05-25 15:16:42,723 [ERROR] ConfigurationRetriever:142 - IOException on connection: sw-center.st.com
2025-05-25 15:17:05,807 [ERROR] ConfigurationRetriever:142 - IOException on connection: sw-center.st.com
2025-05-25 15:17:05,807 [ERROR] ConfigurationRetriever:142 - IOException on connection: sw-center.st.com
2025-05-25 15:17:05,807 [ERROR] ConfigurationRetriever:142 - IOException on connection: sw-center.st.com
2025-05-25 15:18:06,139 [ERROR] ConfigurationRetriever:142 - IOException on connection: sw-center.st.com
2025-05-25 15:18:06,139 [ERROR] ConfigurationRetriever:142 - IOException on connection: sw-center.st.com
2025-05-25 15:18:06,141 [ERROR] ConfigurationRetriever:142 - IOException on connection: sw-center.st.com
2025-05-25 15:18:06,377 [ERROR] ConfigurationRetriever:142 - IOException on connection: sw-center.st.com
2025-05-25 15:18:06,378 [ERROR] ConfigurationRetriever:142 - IOException on connection: sw-center.st.com
2025-05-25 15:18:06,379 [ERROR] ConfigurationRetriever:142 - IOException on connection: sw-center.st.com
2025-05-25 15:18:47,730 [ERROR] ConfigurationRetriever:142 - IOException on connection: sw-center.st.com
2025-05-25 15:18:47,730 [ERROR] ConfigurationRetriever:142 - IOException on connection: sw-center.st.com
2025-05-25 15:18:47,730 [ERROR] ConfigurationRetriever:142 - IOException on connection: sw-center.st.com
2025-05-25 15:18:47,950 [ERROR] ConfigurationRetriever:142 - IOException on connection: sw-center.st.com
2025-05-25 15:18:47,951 [ERROR] ConfigurationRetriever:142 - IOException on connection: sw-center.st.com
2025-05-25 15:18:47,951 [ERROR] ConfigurationRetriever:142 - IOException on connection: sw-center.st.com
2025-05-25 15:24:56,051 [ERROR] ConfigurationRetriever:142 - IOException on connection: sw-center.st.com
2025-05-25 15:24:56,051 [ERROR] ConfigurationRetriever:142 - IOException on connection: sw-center.st.com
2025-05-25 15:24:56,052 [ERROR] ConfigurationRetriever:142 - IOException on connection: sw-center.st.com
2025-05-25 15:24:56,230 [ERROR] ConfigurationRetriever:142 - IOException on connection: sw-center.st.com
2025-05-25 15:24:56,230 [ERROR] ConfigurationRetriever:142 - IOException on connection: sw-center.st.com
2025-05-25 15:24:56,231 [ERROR] ConfigurationRetriever:142 - IOException on connection: sw-center.st.com
